time,cmd_vx,cmd_vy,cmd_wz,real_vx,real_vy,real_wz
0.0,0.0,0.0,0.0,0.0048586928902840274,-0.01462330435773342,-0.07254923648011745
0.005,0.0,0.0,0.0,0.00740069427948223,-0.02613804745967747,-0.10639184348539907
0.01,0.0,0.0,0.0,0.008431493502247632,-0.03344279269824468,-0.13374381440074157
0.015,0.0,0.0,0.0,0.008576758675205163,-0.03704024043930811,-0.15438132618048886
0.02,0.0,0.0,0.0,0.008148443850079467,-0.03785111213972208,-0.1664770565129603
0.025,0.0,0.0,0.0,0.0073409750620992845,-0.03668729500203517,-0.17107342212362553
0.030000000000000002,0.0,0.0,0.0,0.006292958407170462,-0.0341977959084215,-0.17019732045843391
0.035,0.0,0.0,0.0,0.005118490474023644,-0.030886900232892055,-0.16550713361550437
0.04,0.0,0.0,0.0,0.00392271587557315,-0.027142181574510354,-0.15798096659494704
0.045,0.0,0.0,0.0,0.0028018592484418104,-0.023249774393095432,-0.14814299103153253
0.049999999999999996,0.0,0.0,0.0,0.0018304029426643093,-0.019409997886429265,-0.13635888170962326
0.05499999999999999,0.0,0.0,0.0,0.0010610254679686505,-0.015747305623036695,-0.12314574760658462
0.05999999999999999,0.0,0.0,0.0,0.0005484386249604206,-0.012327430197088467,-0.10890992232872931
0.06499999999999999,0.0,0.0,0.0,0.00032426509751724706,-0.009189076779384424,-0.09377764880530343
0.06999999999999999,0.0,0.0,0.0,0.0003951688757135626,-0.006350643117275541,-0.07781896231491647
0.075,0.0,0.0,0.0,0.0007370823600406349,-0.003829235910085263,-0.061027918115532986
0.08,0.0,0.0,0.0,0.0013045919919837951,-0.0016450260907342256,-0.04352994402148567
0.085,0.0,0.0,0.0,0.0020433614958130764,0.00018725671825421675,-0.025896171847509454
0.09000000000000001,0.0,0.0,0.0,0.002889536689255492,0.0016715146617493572,-0.008749478261506752
0.09500000000000001,0.0,0.0,0.0,0.0037626425914594887,0.0028337697585214773,0.0071160616851008475
0.10000000000000002,0.0,0.0,0.0,0.004592820431714838,0.0037146558615232337,0.021042131632035485
0.10500000000000002,0.0,0.0,0.0,0.005331960020450855,0.00436305517081983,0.03266313886288187
0.11000000000000003,0.0,0.0,0.0,0.005947105585504802,0.004824202328336735,0.04184125971285042
0.11500000000000003,0.0,0.0,0.0,0.006418446910907733,0.0051383595434115244,0.048566234613621646
0.12000000000000004,0.0,0.0,0.0,0.006735043136940998,0.005333726576613972,0.052960684129215514
0.12500000000000003,0.0,0.0,0.0,0.006898348570229825,0.0054256909227455895,0.05526331643398276
0.13000000000000003,0.0,0.0,0.0,-0.02712460027978843,-6.856378791848285e-05,0.23775992705732069
0.13500000000000004,0.0,0.0,0.0,-0.05383957031516552,-0.005457705886998685,0.3196488502351957
0.14000000000000004,0.0,0.0,0.0,-0.06339722622049543,-0.07313823703171737,-1.408244321238115
0.14500000000000005,0.0,0.0,0.0,-0.014347868713523698,-0.13284300235555763,0.05697406709949049
0.15000000000000005,0.0,0.0,0.0,-0.014515766595396409,-0.11365159524189142,0.22439191819056512
0.15500000000000005,0.0,0.0,0.0,0.007278083557089702,-0.10071998017186318,0.2795172171521856
0.16000000000000006,0.0,0.0,0.0,0.04093096828399091,-0.06070211652831048,0.5214873537528055
0.16500000000000006,0.0,0.0,0.0,0.05139305179323777,-0.05243232649104616,0.40939785956684965
0.17000000000000007,0.0,0.0,0.0,0.047691235844924455,-0.04354887645657814,0.2954794790341433
0.17500000000000007,0.0,0.0,0.0,-0.0054343515839968826,-0.09863030089074143,0.4981649815601338
0.18000000000000008,0.0,0.0,0.0,-0.02593397437813868,-0.10941879905149376,0.35533335622675
0.18500000000000008,0.0,0.0,0.0,-0.03069091701003491,-0.12704430561420943,0.1761526700123023
0.19000000000000009,0.0,0.0,0.0,-0.04135093197247743,-0.12709471507471257,0.04327497002630931
0.1950000000000001,0.0,0.0,0.0,-0.04701905467883472,-0.1297760734035312,0.09296097835426537
0.2000000000000001,0.0,0.0,0.0,-0.0531643443534696,-0.12275789416974313,0.048882396602323894
0.2050000000000001,0.0,0.0,0.0,-0.06103158748345927,-0.1131072687732184,0.02572826562283874
0.2100000000000001,0.0,0.0,0.0,-0.06982027029803804,-0.11099463901322612,0.02264063281916509
0.2150000000000001,0.0,0.0,0.0,-0.08419104040753529,-0.10737933119413853,0.03336067117646035
0.2200000000000001,0.0,0.0,0.0,-0.09430507915132372,-0.09774996016729616,0.020444484595377295
0.22500000000000012,0.0,0.0,0.0,-0.1054751137167276,-0.09664181174120505,-0.0020200161323424178
0.23000000000000012,0.0,0.0,0.0,-0.11733305681951575,-0.09839557450965823,-0.005614920037174297
0.23500000000000013,0.0,0.0,0.0,-0.12627438993841467,-0.09530440472371804,0.0034423857047119963
0.24000000000000013,0.0,0.0,0.0,-0.1319107909048322,-0.09200449448878509,0.004473803109803386
0.24500000000000013,0.0,0.0,0.0,-0.1392143088133415,-0.09065762345894761,0.00261222846246823
0.2500000000000001,0.0,0.0,0.0,-0.14589844498297339,-0.08969084725092684,-0.0018984636677140494
0.2550000000000001,0.0,0.0,0.0,-0.1521486466535581,-0.08911182192165633,-0.00587398247697274
0.2600000000000001,0.0,0.0,0.0,-0.1574414037423334,-0.08846807817418435,-0.011141599934113317
0.2650000000000001,0.0,0.0,0.0,-0.16185781469693042,-0.08808446549403395,-0.021105755944796883
0.27000000000000013,0.0,0.0,0.0,-0.1653541774666649,-0.0878909058025625,-0.034985631519386114
0.27500000000000013,0.0,0.0,0.0,-0.16788315228643697,-0.08776579607207119,-0.05105766412297262
0.28000000000000014,0.0,0.0,0.0,-0.16938096167017366,-0.08758813551464423,-0.0680259195662117
0.28500000000000014,0.0,0.0,0.0,-0.1698896270414921,-0.08738933542181344,-0.08341349520769521
0.29000000000000015,0.0,0.0,0.0,-0.16945818847934283,-0.0870116804387497,-0.09551812101235649
0.29500000000000015,0.0,0.0,0.0,-0.16815642195843536,-0.08642207747986845,-0.10316161636674082
0.30000000000000016,0.0,0.0,0.0,-0.16614514926207394,-0.08554358235917668,-0.10514481857834132
0.30500000000000016,0.0,0.0,0.0,-0.15735967076717555,-0.08827902208352745,-0.08103915149655183
0.31000000000000016,0.0,0.0,0.0,-0.15676120956735137,-0.08537749800766523,-0.057464415210818826
0.31500000000000017,0.0,0.0,0.0,-0.15517038312914322,-0.08133005075256446,-0.04614202561221354
0.3200000000000002,0.0,0.0,0.0,-0.15367024579448244,-0.07969857220283774,-0.031946634565386274
0.3250000000000002,0.0,0.0,0.0,-0.1518443877803509,-0.078089884174795,-0.017940477486701245
0.3300000000000002,0.0,0.0,0.0,-0.1500259702762638,-0.07715539995703855,0.0013191197674758508
0.3350000000000002,0.0,0.0,0.0,-0.1372557593420512,-0.05572070240515305,0.11715507181258382
0.3400000000000002,0.0,0.0,0.0,-0.1327240121335287,-0.038930386085418905,0.08066757849822692
0.3450000000000002,0.0,0.0,0.0,-0.1308688579893455,-0.03212419011090897,0.0711248824938077
0.3500000000000002,0.0,0.0,0.0,-0.12552202411405614,-0.02439496815789611,0.057088505757348765
0.3550000000000002,0.0,0.0,0.0,-0.12737362490530785,-0.022520787891142074,0.1549644658713873
0.3600000000000002,0.0,0.0,0.0,-0.11628756221667738,-0.015145868529243801,0.1106447384070034
0.3650000000000002,0.0,0.0,0.0,-0.11123547479862664,-0.015488010577600455,-0.019135675116608353
0.3700000000000002,0.0,0.0,0.0,-0.10940652737055126,-0.014231851031607444,-0.044962426868180014
0.3750000000000002,0.0,0.0,0.0,-0.10448132873436562,-0.01333949221716303,-0.07128449590937017
0.3800000000000002,0.0,0.0,0.0,-0.097483052362286,-0.009693771083959638,-0.06985795157705668
0.38500000000000023,0.0,0.0,0.0,-0.09039858958924944,-0.007045856408506241,-0.07027171523532486
0.39000000000000024,0.0,0.0,0.0,-0.08598578070751237,-0.00855502280403106,-0.0732900653972774
0.39500000000000024,0.0,0.0,0.0,-0.08204201114018594,-0.009975680681543813,-0.0813942208980036
0.40000000000000024,0.0,0.0,0.0,-0.07804307141666701,-0.010939910734525491,-0.07663789642077846
0.40500000000000025,0.0,0.0,0.0,-0.07415524533243768,-0.011463860401567027,-0.06650590048354338
0.41000000000000025,0.0,0.0,0.0,-0.06185135958275884,2.8317349817959248e-05,0.004243760988981798
0.41500000000000026,0.0,0.0,0.0,-0.057081971691280944,0.008285766903315218,0.0012455857855877685
0.42000000000000026,0.0,0.0,0.0,-0.051334892962223544,0.015426166267253835,0.005243166512858808
0.42500000000000027,0.0,0.0,0.0,-0.048580174226975144,0.013542263699520538,-0.012046714277270325
0.43000000000000027,0.0,0.0,0.0,-0.0460461056452063,0.011209022111646299,-0.02769651824013247
0.4350000000000003,0.0,0.0,0.0,-0.03899689635882548,0.01878580955482236,0.007212271916647254
0.4400000000000003,0.0,0.0,0.0,-0.03125416975125561,0.024665199242085434,0.011079950525546844
0.4450000000000003,0.0,0.0,0.0,-0.029985325863755605,0.022695759692075393,0.009957513014465652
0.4500000000000003,0.0,0.0,0.0,-0.027076965788204215,0.022022121727422746,-0.015304371130513854
0.4550000000000003,0.0,0.0,0.0,-0.024784252867406365,0.020607810189818138,-0.01930715172228175
0.4600000000000003,0.0,0.0,0.0,-0.015516671067073726,0.03220072418174065,0.01874992280773912
0.4650000000000003,0.0,0.0,0.0,-0.009391365391334835,0.035526460741475765,0.03979938843240047
0.4700000000000003,0.0,0.0,0.0,-0.005121917377271497,0.04054440544325469,0.033357027652944245
0.4750000000000003,0.0,0.0,0.0,-0.003307262893608687,0.03931693528850667,0.02060470780048188
0.4800000000000003,0.0,0.0,0.0,-0.0014564090931950288,0.03727690833190697,0.008454103035176352
0.4850000000000003,0.0,0.0,0.0,0.00040949777785430374,0.03552288020057293,0.004352766334774765
0.4900000000000003,0.0,0.0,0.0,0.0022732625089369823,0.03424414289598867,0.009329675211093937
0.49500000000000033,0.0,0.0,0.0,0.010158146436278886,0.04170368251496616,0.030971932308979627
0.5000000000000003,0.0,0.0,0.0,0.01653867969829056,0.045097508265433864,0.05731688842080518
0.5050000000000003,0.0,0.0,0.0,0.017593034072865728,0.04434224700050328,0.06216908538910942
0.5100000000000003,0.0,0.0,0.0,0.018117705064804323,0.04271160617403066,0.04347320184550237
0.5150000000000003,0.0,0.0,0.0,0.018637976084558694,0.04099057761733058,0.036942535490556185
0.5200000000000004,0.0,0.0,0.0,0.01920178488463451,0.0395173258590275,0.03604350327678859
0.5250000000000004,0.0,0.0,0.0,0.0197159994496881,0.03836150929131154,0.04201230614365342
0.5300000000000004,0.0,0.0,0.0,0.020032500885922077,0.03722201025025458,0.048935314439401564
0.5350000000000004,0.0,0.0,0.0,0.024755668267787113,0.04153333676225427,0.051507936303855785
0.5400000000000004,0.0,0.0,0.0,0.02913013944547825,0.04357920184226723,0.074049645676107
0.5450000000000004,0.0,0.0,0.0,0.029570252059839527,0.04362080096642501,0.08493285132106634
0.5500000000000004,0.0,0.0,0.0,0.02856692360233977,0.041864837065958845,0.06992462827491396
0.5550000000000004,0.0,0.0,0.0,0.027839629833873236,0.040325929088891044,0.05652986746166814
0.5600000000000004,0.0,0.0,0.0,0.0270486571405194,0.03894121238332983,0.056313166459652786
0.5650000000000004,0.0,0.0,0.0,0.026252103630075872,0.037681707534648064,0.05731317750996198
0.5700000000000004,0.0,0.0,0.0,0.025420126047423216,0.036501908959279114,0.05878512672357634
0.5750000000000004,0.0,0.0,0.0,0.024537205789306363,0.035375817945706635,0.06015240060221784
0.5800000000000004,0.0,0.0,0.0,0.023601641446777,0.0342899949541783,0.06109190072453744
0.5850000000000004,0.0,0.0,0.0,0.02261809600107474,0.03323750611053139,0.06153789006455369
0.5900000000000004,0.0,0.0,0.0,0.02158510448809695,0.03220674382240076,0.06167992299371132
0.5950000000000004,0.0,0.0,0.0,0.020515186758137308,0.031194629846500323,0.061340392127953884
0.6000000000000004,0.0,0.0,0.0,0.019416080121928487,0.030189307064597208,0.06048338547829217
0.6050000000000004,0.0,0.0,0.0,0.01830461935835161,0.02919740231792716,0.059264535844357015
0.6100000000000004,0.0,0.0,0.0,0.017193030559695052,0.02821508844544765,0.05768223626542802
0.6150000000000004,0.0,0.0,0.0,0.01609231583250701,0.027241346327154886,0.055852350756457655
0.6200000000000004,0.0,0.0,0.0,0.015006154185884734,0.026285331437853828,0.05396616423651696
0.6250000000000004,0.0,0.0,0.0,0.013945364342568704,0.025325363180581983,0.051781245798798545
0.6300000000000004,0.0,0.0,0.0,0.012912453694362724,0.024372634946979613,0.04951119952998754
0.6350000000000005,0.0,0.0,0.0,0.011924140062647332,0.023423534831586563,0.047227053934263345
0.6400000000000005,0.0,0.0,0.0,0.010977633828347648,0.022482472842289294,0.044951214672592985
0.6450000000000005,0.0,0.0,0.0,0.010076379507292794,0.021548263131364848,0.042707260663786106
0.6500000000000005,0.0,0.0,0.0,0.009221739119271075,0.020621077702202527,0.04051320430645144
0.6550000000000005,0.0,0.0,0.0,0.008413874046655511,0.019701671221408163,0.038386122041602716
0.6600000000000005,0.0,0.0,0.0,0.007652136132965598,0.01879102537025431,0.036340878762918666
0.6650000000000005,0.0,0.0,0.0,0.006935091889576925,0.017890128443594847,0.034389160129349436
0.6700000000000005,0.0,0.0,0.0,0.006260616765922471,0.016999943560805978,0.03253878447135654
0.6750000000000005,0.0,0.0,0.0,0.005626016956513873,0.01612138389819831,0.030794537668131856
0.6800000000000005,0.0,0.0,0.0,0.005028255157960709,0.015255536578926823,0.029159798178683374
0.6850000000000005,0.0,0.0,0.0,0.00446482373131923,0.01440504149941871,0.027631090744725265
0.6900000000000005,0.0,0.0,0.0,0.00393107413279891,0.013567234981374805,0.026166872060442582
0.6950000000000005,0.0,0.0,0.0,0.003423469553540621,0.012743173081135291,0.0248016829700875
0.7000000000000005,0.0,0.0,0.0,0.002938049941574721,0.011932614197910574,0.023529824695342785
0.7050000000000005,0.0,0.0,0.0,0.002471363449356602,0.011136270129414904,0.022340969893762677
0.7100000000000005,0.0,0.0,0.0,0.002019777491317803,0.010354019853318555,0.021222162000366338
0.7150000000000005,0.0,0.0,0.0,0.001579850266521071,0.00958576626605862,0.020165605759661837
0.7200000000000005,0.0,0.0,0.0,0.0011480803282954795,0.008830905291175677,0.01916953333853005
0.7250000000000005,0.0,0.0,0.0,0.0007226758642419461,0.008090029116961253,0.018224821954240498
0.7300000000000005,0.0,0.0,0.0,0.00029993065024627117,0.007362051423793038,0.017309174716148096
0.7350000000000005,0.0,0.0,0.0,-0.00012077034377425057,0.0066465694922998066,0.016403892844536933
0.7400000000000005,0.0,0.0,0.0,-0.0005444305125937842,0.005943181277723525,0.015521844205497959
0.7450000000000006,0.0,0.0,0.0,-0.0009712950756327746,0.005249583263570483,0.014668172125057598
0.7500000000000006,0.0,0.0,0.0,-0.0014034830140930259,0.004565170770478387,0.013844067912495804
0.7550000000000006,0.0,0.0,0.0,-0.0018425814461233512,0.0038895055246123095,0.013045348679213437
0.7600000000000006,0.0,0.0,0.0,-0.002289837766216987,0.0032220383842204965,0.012266768737105948
0.7650000000000006,0.0,0.0,0.0,-0.002745976569865335,0.002561826748077547,0.0115065727144681
0.7700000000000006,0.0,0.0,0.0,-0.0032117169994516546,0.0019079276379921717,0.010764709266779124
0.7750000000000006,0.0,0.0,0.0,-0.0036877082468134413,0.001259446092852382,0.010041985106860775
0.7800000000000006,0.0,0.0,0.0,-0.004174448922067991,0.0006155070934608886,0.00933973921875615
0.7850000000000006,0.0,0.0,0.0,-0.004672293574969215,-2.4747966563454585e-05,0.008659681171698847
0.7900000000000006,0.0,0.0,0.0,-0.005181478763131834,-0.0006621607050781077,0.008003791668827375
0.7950000000000006,0.0,0.0,0.0,-0.005702149968338863,-0.0012975555143285868,0.007374232481805395
0.8000000000000006,0.0,0.0,0.0,-0.006234386297044679,-0.0019317402047733631,0.006773254883988428
0.8050000000000006,0.0,0.0,0.0,-0.006778223127539015,-0.0025655069385711695,0.006203111450388422
0.8100000000000006,0.0,0.0,0.0,-0.007333672246568671,-0.003199631434928702,0.0056659782543698215
0.8150000000000006,0.0,0.0,0.0,-0.007900734657167544,-0.003834861302368579,0.005163885847391563
0.8200000000000006,0.0,0.0,0.0,-0.00847937273228471,-0.004471839501369151,0.0046983516916019995
0.8250000000000006,0.0,0.0,0.0,-0.009069646622227506,-0.005111439844488087,0.004266125744860327
0.8300000000000006,0.0,0.0,0.0,-0.009671819651693565,-0.005754828040702914,0.0038721257977259917
0.8350000000000006,0.0,0.0,0.0,-0.010286473705498164,-0.0064029910657458465,0.0035251559001780873
0.8400000000000006,0.0,0.0,0.0,-0.010913364489616629,-0.007056118168384832,0.0032177320687479037
0.8450000000000006,0.0,0.0,0.0,-0.011552974795531305,-0.007715276228028373,0.0029532808437316076
0.8500000000000006,0.0,0.0,0.0,-0.0122057160783907,-0.008381162312160002,0.0027295169194308383
0.8550000000000006,0.0,0.0,0.0,-0.012872140958344165,-0.009054669887780125,0.0025438972124630357
0.8600000000000007,0.0,0.0,0.0,-0.01355261361778413,-0.009736756011150415,0.002393995718076194
0.8650000000000007,0.0,0.0,0.0,-0.014249519363722528,-0.010427872227639861,0.0022814512399999304
0.8700000000000007,0.0,0.0,0.0,-0.01496223618250999,-0.011129534925537496,0.0022042787760703925
0.8750000000000007,0.0,0.0,0.0,-0.015692064446844605,-0.011842668175446446,0.0021589104931380664
0.8800000000000007,0.0,0.0,0.0,-0.016439945211248513,-0.012568263836860103,0.0021428592490742825
0.8850000000000007,0.0,0.0,0.0,-0.01720840996634016,-0.013306804204230267,0.0021537105868443384
0.8900000000000007,0.0,0.0,0.0,-0.017997307826228756,-0.01406003141843876,0.0021903854561950414
0.8950000000000007,0.0,0.0,0.0,-0.017015589512103343,-0.009139664626124585,-0.0031802473072166087
0.9000000000000007,0.0,0.0,0.0,-0.016248585779322963,-0.0063063753435968345,-0.01993501529379018
0.9050000000000007,0.0,0.0,0.0,-0.015197744782451733,-0.004980219634834685,-0.020328122461572243
0.9100000000000007,0.0,0.0,0.0,-0.01374281202750543,-0.004516677201099891,-0.01755072740439039
0.9150000000000007,0.0,0.0,0.0,-0.012552582938931729,-0.004818487899622826,-0.01392575786297389
0.9200000000000007,0.0,0.0,0.0,-0.011992224328060994,-0.005000205542083154,-0.0137538312997374
0.9250000000000007,0.0,0.0,0.0,-0.011621642888559288,-0.005298507587983963,-0.013712386755539386
0.9300000000000007,0.0,0.0,0.0,-0.01117205332858863,-0.005376043407340347,-0.012869933099513411
0.9350000000000007,0.0,0.0,0.0,-0.010674370095943728,-0.005523572796118826,-0.011423713979790548
0.9400000000000007,0.0,0.0,0.0,-0.010141664726373812,-0.005582958869557523,-0.010793749758000303
0.9450000000000007,0.0,0.0,0.0,-0.009450392395862392,-0.005638084151233811,-0.010912419374869052
0.9500000000000007,0.0,0.0,0.0,-0.008920860689576784,-0.0057361157654511425,-0.010370015337278209
0.9550000000000007,0.0,0.0,0.0,-0.008274593920054666,-0.005676587233539486,-0.00923134161935886
0.9600000000000007,0.0,0.0,0.0,-0.0076920057067107524,-0.005534934925930724,-0.008028990836072614
0.9650000000000007,0.0,0.0,0.0,-0.0070901590119841484,-0.005219796242676117,-0.007612410651237242
0.9700000000000008,0.0,0.0,0.0,-0.006468399623999348,-0.004873398909564076,-0.0069448556592702415
0.9750000000000008,0.0,0.0,0.0,-0.005833173766675617,-0.004483894612503018,-0.0064662360883643456
0.9800000000000008,0.0,0.0,0.0,-0.005206730407206625,-0.004064019528294188,-0.006015474221069732
0.9850000000000008,0.0,0.0,0.0,-0.004583842942322886,-0.003649502460202064,-0.0054164676747171505
0.9900000000000008,0.0,0.0,0.0,-0.003969119462910022,-0.0032365616485260083,-0.004840933157626964
0.9950000000000008,0.0,0.0,0.0,-0.0033760804172275846,-0.0028349847481487136,-0.004282880133990856
1.0000000000000007,0.0,0.0,0.0,-0.0028033209940866747,-0.0024381440791721746,-0.003806996468101722
1.0050000000000006,0.0,0.0,0.0,-0.0022502213815503323,-0.00205961624296034,-0.003315364043545031
1.0100000000000005,0.0,0.0,0.0,-0.0017298806883836136,-0.0016965014865039318,-0.002864282330272767
1.0150000000000003,0.0,0.0,0.0,-0.0012478863781622612,-0.0013532881963075581,-0.0024905003595942533
1.0200000000000002,0.0,0.0,0.0,-0.000787642934723083,-0.001037578247401573,-0.002023947320297486
1.0250000000000001,0.0,0.0,0.0,-0.0003649170666206744,-0.00074401620569256,-0.0015886522141463548
1.03,0.0,0.0,0.0,2.7741293391109494e-05,-0.0004788977892851593,-0.0010812277324474713
1.035,0.0,0.0,0.0,0.0003870792039010896,-0.00024240923667513784,-0.0006732577318845921
1.0399999999999998,0.0,0.0,0.0,0.0007010879474948285,-2.9228830760143687e-05,-8.086109149271813e-05
1.0449999999999997,0.0,0.0,0.0,0.0009813817416966743,0.0001694954270276105,0.0003287213034117815
1.0499999999999996,0.0,0.0,0.0,0.0012166647238333588,0.0003398417151765313,0.0007239503193647581
1.0549999999999995,0.0,0.0,0.0,0.0014084471980247433,0.00049266020797139,0.0011160409145443647
1.0599999999999994,0.0,0.0,0.0,0.001568214645768034,0.0006221443173760901,0.0015229426414492746
1.0649999999999993,0.0,0.0,0.0,0.0016922443260537778,0.0007368897244066429,0.0019454807764993777
1.0699999999999992,0.0,0.0,0.0,0.001781248737219795,0.0008306468052473564,0.0023631576050540245
1.074999999999999,0.0,0.0,0.0,0.0018412126939525238,0.0009072986656848619,0.002771299323180519
1.079999999999999,0.0,0.0,0.0,0.0018641646895662157,0.0009703935468729695,0.003125073904003461
1.0849999999999989,0.0,0.0,0.0,0.0018578226063767384,0.0010225027131765029,0.003434465296204588
1.0899999999999987,0.0,0.0,0.0,0.0018250897349748319,0.0010621521799099906,0.0037287164249480247
1.0949999999999986,0.0,0.0,0.0,0.0017683477278286784,0.00109424919044707,0.003980785676231933
1.0999999999999985,0.0,0.0,0.0,0.0016911383281646747,0.0011176932422098838,0.004202561720155872
1.1049999999999984,0.0,0.0,0.0,0.001594390324966752,0.001136223020882573,0.004377778103616008
1.1099999999999983,0.0,0.0,0.0,0.0014828119478725028,0.0011472142641732177,0.004522469050427058
1.1149999999999982,0.0,0.0,0.0,0.001358667798416136,0.0011560919528153496,0.0046346242320187275
1.119999999999998,0.0,0.0,0.0,0.0012255521222683861,0.0011607287310025866,0.00472484937317762
1.124999999999998,0.0,0.0,0.0,0.0010841100886343801,0.0011617356539863142,0.004774806198328865
1.129999999999998,0.0,0.0,0.0,0.0009374505199724577,0.00116024177921715,0.004792085633230083
1.1349999999999978,0.0,0.0,0.0,0.000787433197686506,0.001157866161721278,0.004792620227006163
1.1399999999999977,0.0,0.0,0.0,0.0006350066464592887,0.0011535032177775076,0.004762808702673215
1.1449999999999976,0.0,0.0,0.0,0.00048320834805763577,0.001147307491800882,0.004713645191510367
1.1499999999999975,0.0,0.0,0.0,0.0003330547293481271,0.0011409093786263378,0.004656657668252468
1.1549999999999974,0.0,0.0,0.0,0.0001855435960905542,0.001132842772411388,0.004579764569250791
1.1599999999999973,0.0,0.0,0.0,4.3096416661902174e-05,0.0011238101979072642,0.0045044766742945875
1.1649999999999971,0.0,0.0,0.0,-9.534934998178146e-05,0.0011135769343889983,0.004407499276200492
1.169999999999997,0.0,0.0,0.0,-0.00022832439929718426,0.001102542327282794,0.004307503972104296
1.174999999999997,0.0,0.0,0.0,-0.0003549468927895518,0.0010911540776905643,0.0042021928495566945
1.1799999999999968,0.0,0.0,0.0,-0.0004754237694511023,0.0010774135328873652,0.004116263210849212
1.1849999999999967,0.0,0.0,0.0,-0.0005866788275966077,0.0010655569653156588,0.003999009967021935
1.1899999999999966,0.0,0.0,0.0,-0.0006940516112826868,0.0010568653432695024,0.003868302175982994
1.1949999999999965,0.0,0.0,0.0,-0.0007939876292390655,0.0010515420031057315,0.0037323187211275814
1.1999999999999964,0.0,0.0,0.0,-0.0008850677915200156,0.0010458754197360603,0.0036103980866684406
1.2049999999999963,0.0,0.0,0.0,-0.0009696233686059812,0.0010379829395146755,0.0035119562979061343
1.2099999999999962,0.0,0.0,0.0,-0.001047050524066549,0.0010299594505006847,0.003413217128090912
1.214999999999996,0.0,0.0,0.0,-0.0011163249720157178,0.0010221520153052012,0.003325370223452491
1.219999999999996,0.0,0.0,0.0,-0.0011781773446724827,0.001013522612281895,0.0032348339894409956
1.2249999999999959,0.0,0.0,0.0,-0.0012336309300421703,0.001005622796395553,0.0031528853367208316
1.2299999999999958,0.0,0.0,0.0,-0.0012830223238953515,0.0009974801681777797,0.003071118295309481
1.2349999999999957,0.0,0.0,0.0,-0.0013260901787075592,0.0009901036734644008,0.002998755019075201
1.2399999999999956,0.0,0.0,0.0,-0.001363190401140714,0.000983504066817298,0.002928814902393173
1.2449999999999954,0.0,0.0,0.0,-0.0013944017514433448,0.000978408970376017,0.0028628060240144335
1.2499999999999953,0.0,0.0,0.0,-0.0014196468966076957,0.000974462876411043,0.0027997878359430814
1.2549999999999952,0.0,0.0,0.0,-0.0014389928255768032,0.0009728589564813004,0.0027397451172831923
1.2599999999999951,0.0,0.0,0.0,-0.0014526907033037206,0.0009715604992865171,0.002686065319716891
1.264999999999995,0.0,0.0,0.0,-0.0014612905193937425,0.0009703115607045548,0.0026436625281432446
1.269999999999995,0.0,0.0,0.0,-0.0014651179159516623,0.0009702799483836702,0.0026018337319482837
1.2749999999999948,0.0,0.0,0.0,-0.0014644100263556303,0.0009715411452236146,0.0025626360093705053
1.2799999999999947,0.0,0.0,0.0,-0.001459390850300709,0.0009733969735319224,0.002529146562756415
1.2849999999999946,0.0,0.0,0.0,-0.0014501086499428696,0.0009763584486350713,0.0024996201162728335
1.2899999999999945,0.0,0.0,0.0,-0.0014378524706148577,0.0009799027735070507,0.0024714620283156755
1.2949999999999944,0.0,0.0,0.0,-0.0014222254559251722,0.000984403570869346,0.002447036923952626
1.2999999999999943,0.0,0.0,0.0,-0.0014034629999901945,0.0009891560547408103,0.002430677473690489
1.3049999999999942,0.0,0.0,0.0,-0.001381846075860722,0.0009946992302054332,0.002414277414189798
1.309999999999994,0.0,0.0,0.0,-0.0013577790669285746,0.00100024930448664,0.0024037387616171147
1.314999999999994,0.0,0.0,0.0,-0.0013316945144211064,0.0010059412458186688,0.0023951246020961414
1.3199999999999938,0.0,0.0,0.0,-0.0013035080057873245,0.0010118507510986198,0.00239015252009241
1.3249999999999937,0.0,0.0,0.0,-0.001273994018904016,0.0010176924490367275,0.002391383117366279
1.3299999999999936,0.0,0.0,0.0,-0.0012429330004165974,0.0010238928721650574,0.0023946347279424633
1.3349999999999935,0.0,0.0,0.0,-0.0012109293332622007,0.0010297299779945027,0.002403325091353459
1.3399999999999934,0.0,0.0,0.0,-0.0011780683705916919,0.0010356792803285354,0.002413649439214518
1.3449999999999933,0.0,0.0,0.0,-0.0011450735160658057,0.001040772286765189,0.00242840457040792
1.3499999999999932,0.0,0.0,0.0,-0.0011114700273873075,0.001045985034116898,0.0024408418061393983
1.354999999999993,0.0,0.0,0.0,-0.001078009340678564,0.0010509863335363444,0.0024539847974020344
1.359999999999993,0.0,0.0,0.0,-0.0010446630381486903,0.001055333614964904,0.0024720972873508865
1.3649999999999929,0.0,0.0,0.0,-0.0010119805626885798,0.0010590361701257973,0.002495875741626879
1.3699999999999928,0.0,0.0,0.0,-0.0009798209830648211,0.0010623489751785075,0.002516585121936079
1.3749999999999927,0.0,0.0,0.0,-0.000948475530416185,0.0010648926005927268,0.0025409437064916247
1.3799999999999926,0.0,0.0,0.0,-0.0009180207034165452,0.001067315742294974,0.0025640822160479613
1.3849999999999925,0.0,0.0,0.0,-0.000888272614560025,0.0010690923011879832,0.002593326831654897
1.3899999999999924,0.0,0.0,0.0,-0.0008596329242265777,0.0010703927035812235,0.00261857546658607
1.3949999999999922,0.0,0.0,0.0,-0.0008324328265065584,0.001071142140996564,0.002643395376912299
1.3999999999999921,0.0,0.0,0.0,-0.0008065633603116898,0.0010713686244068182,0.002667682065187336
1.404999999999992,0.0,0.0,0.0,-0.0007819735081771005,0.0010706684274659332,0.002695682842404524
1.409999999999992,0.0,0.0,0.0,-0.0007587065015977274,0.001070062811360297,0.00271734114774691
1.4149999999999918,0.0,0.0,0.0,-0.0007367963157437412,0.0010689241909952111,0.002735101676220744
1.4199999999999917,0.0,0.0,0.0,-0.0007159223846998097,0.0010671743493289097,0.0027559897667845086
1.4249999999999916,0.0,0.0,0.0,-0.0006968481905749309,0.0010645596435717147,0.0027809453257024875
1.4299999999999915,0.0,0.0,0.0,-0.0006791939514154638,0.001062081206668525,0.0028038317438340084
1.4349999999999914,0.0,0.0,0.0,-0.0006630082041497701,0.0010589666322846714,0.00282114076650421
1.4399999999999913,0.0,0.0,0.0,-0.0006476753372984231,0.0010554055570061026,0.0028383696223983207
1.4449999999999912,0.0,0.0,0.0,-0.000633875006161124,0.0010515752463501073,0.00285507652945499
1.449999999999991,0.0,0.0,0.0,-0.000621119737174122,0.0010479388959228572,0.0028677682121319025
1.454999999999991,0.0,0.0,0.0,-0.000609259941671186,0.0010437669301286005,0.0028788748504900773
1.4599999999999909,0.0,0.0,0.0,-0.0005984575602922602,0.0010389718887866412,0.00289202230390269
1.4649999999999908,0.0,0.0,0.0,-0.0005892062957878576,0.0010338877954554257,0.0029033226804088654
1.4699999999999906,0.0,0.0,0.0,-0.00058089233767006,0.001028876200415031,0.0029098526218486014
1.4749999999999905,0.0,0.0,0.0,-0.0005732900463918831,0.0010229464511528619,0.002918969746099828
1.4799999999999904,0.0,0.0,0.0,-0.0005661125707797159,0.001017297880995381,0.0029253731423186983
1.4849999999999903,0.0,0.0,0.0,-0.0005603635495483052,0.0010114886189070947,0.002928607801490623
1.4899999999999902,0.0,0.0,0.0,-0.0005553873925266609,0.0010056990422387714,0.0029311521908084474
1.4949999999999901,0.0,0.0,0.0,-0.000550842196600949,0.0009989139768061064,0.0029359656899979494
1.49999999999999,0.0,0.0,0.0,-0.0005465066565151287,0.0009928063903972561,0.00293497441021135
1.50499999999999,0.0,0.0,0.0,-0.0005427927467101618,0.0009864797135523099,0.002933769535141238
1.5099999999999898,0.0,0.0,0.0,-0.0005396019208331063,0.0009799957221371994,0.002934693084084779
1.5149999999999897,0.0,0.0,0.0,-0.0005367552643714845,0.0009736936299968829,0.002930932488241585
1.5199999999999896,0.0,0.0,0.0,-0.0005344756310800843,0.000966883479683055,0.002927736089540873
1.5249999999999895,0.0,0.0,0.0,-0.0005320317281302308,0.000960531825081648,0.0029256913639006663
1.5299999999999894,0.0,0.0,0.0,-0.0005296715556234675,0.000954185106858638,0.002922780535406673
1.5349999999999893,0.0,0.0,0.0,-0.000527781202155636,0.0009469290262180083,0.00291760164414145
1.5399999999999892,0.0,0.0,0.0,-0.0005262639297567987,0.0009404121312334672,0.0029067645124480263
1.544999999999989,0.0,0.0,0.0,-0.0005250167362330942,0.0009337322743152919,0.0029011582356001536
1.549999999999989,0.0,0.0,0.0,-0.0005229004607161566,0.000927538397612013,0.0028964901813509306
1.5549999999999888,0.0,0.0,0.0,-0.0005209155221353231,0.0009205870652484829,0.0028933400022852183
1.5599999999999887,0.0,0.0,0.0,-0.000519103856673822,0.0009134745225458447,0.0028897193995299423
1.5649999999999886,0.0,0.0,0.0,-0.0005169498073226552,0.0009068566885376579,0.002883288383539107
1.5699999999999885,0.0,0.0,0.0,-0.0005153465312769934,0.000900775175026328,0.002871730762800824
1.5749999999999884,0.0,0.0,0.0,-0.0005133780592072377,0.0008949025399249631,0.00286227138241976
1.5799999999999883,0.0,0.0,0.0,-0.0005113255050868921,0.0008885217761190899,0.002853549937131638
1.5849999999999882,0.0,0.0,0.0,-0.0005088649217299213,0.0008824950593015591,0.002844117726062958
1.589999999999988,0.0,0.0,0.0,-0.0005063154476695705,0.0008763902197141267,0.002839222207393859
1.594999999999988,0.0,0.0,0.0,-0.0005032245185431011,0.0008701991481565354,0.0028323927170547467
1.5999999999999879,0.0,0.0,0.0,-0.0005000276141153808,0.0008646805215149209,0.002820881138244451
1.6049999999999878,0.0,0.0,0.0,-0.0004966831150641088,0.0008586063207683411,0.002817334888467145
1.6099999999999877,0.0,0.0,0.0,-0.0004932054034950764,0.0008530384634001323,0.0028082840243252374
1.6149999999999876,0.0,0.0,0.0,-0.0004893522976820747,0.0008477155799779358,0.0027996081993782594
1.6199999999999875,0.0,0.0,0.0,-0.0004855048347056217,0.0008420209689388239,0.002793553393672463
1.6249999999999873,0.0,0.0,0.0,-0.00048145272023091245,0.0008368748496016272,0.0027844202676030063
1.6299999999999872,0.0,0.0,0.0,-0.0004774700824237236,0.0008313712247290566,0.0027787987576635468
1.6349999999999871,0.0,0.0,0.0,-0.00047313493726498204,0.0008262958451844896,0.0027699555196384505
1.639999999999987,0.0,0.0,0.0,-0.0004682276964410107,0.0008213524092341458,0.002760013068079278
1.644999999999987,0.0,0.0,0.0,-0.00046366699824435464,0.0008156655715646501,0.0027595287269654377
1.6499999999999868,0.0,0.0,0.0,-0.0004583655791033211,0.0008109092200369874,0.0027471742139941386
1.6549999999999867,0.0,0.0,0.0,-0.00045314242104423845,0.0008058847774470551,0.002746330010564011
1.6599999999999866,0.0,0.0,0.0,-0.00044759273628651783,0.0008014474883452996,0.002735472436193955
1.6649999999999865,0.0,0.0,0.0,-0.0004419396769163235,0.000797013737878922,0.0027327789153133277
1.6699999999999864,0.0,0.0,0.0,-0.00043629122958339494,0.0007926394803351311,0.0027240559895591408
1.6749999999999863,0.0,0.0,0.0,-0.0004309414540041532,0.0007879204107298936,0.0027207168511772166
1.6799999999999862,0.0,0.0,0.0,-0.00042537142700712136,0.0007833022713033432,0.00271558773643085
1.684999999999986,0.0,0.0,0.0,-0.0004199962899334568,0.0007785397227652446,0.002708589352132317
1.689999999999986,0.0,0.0,0.0,-0.0004144609982247914,0.0007740592742653793,0.002703644705936662
1.6949999999999859,0.0,0.0,0.0,-0.00040854062870620476,0.0007693808013079982,0.0026984050805510815
1.6999999999999857,0.0,0.0,0.0,-0.0004022198371608015,0.0007648252864011905,0.0026944616190243678
1.7049999999999856,0.0,0.0,0.0,-0.00039613013729218686,0.0007603022301730505,0.002690434419178505
1.7099999999999855,0.0,0.0,0.0,-0.00039019386607779276,0.0007559286602416759,0.002685171255380021
1.7149999999999854,0.0,0.0,0.0,-0.0003842905911683206,0.0007516173907079442,0.0026814259211932995
1.7199999999999853,0.0,0.0,0.0,-0.0003785410234552757,0.0007473911056483815,0.002674850514754949
1.7249999999999852,0.0,0.0,0.0,-0.0003726887823317369,0.0007430574486777201,0.002671754321963496
1.729999999999985,0.0,0.0,0.0,-0.0003664794990600856,0.0007395862892468646,0.002669124943741913
1.734999999999985,0.0,0.0,0.0,-0.00036070701733704796,0.0007353348959166087,0.002660588200737405
1.739999999999985,0.0,0.0,0.0,-0.00035507898971411453,0.0007311880982233961,0.002658510555648075
1.7449999999999848,0.0,0.0,0.0,-0.00034955488245870574,0.0007266865004968896,0.0026523887512214816
1.7499999999999847,0.0,0.0,0.0,-0.00034409831039910945,0.0007224050629125245,0.002648608698475687
1.7549999999999846,0.0,0.0,0.0,-0.00033866621767805483,0.0007179952851685963,0.0026427397360114725
1.7599999999999845,0.0,0.0,0.0,-0.0003332782659087059,0.0007138489204907191,0.002638455359961977
1.7649999999999844,0.0,0.0,0.0,-0.0003278952736675216,0.0007095711306155972,0.0026330660439421393
1.7699999999999843,0.0,0.0,0.0,-0.0003225869401880137,0.0007053202337043005,0.0026293990760366454
1.7749999999999841,0.0,0.0,0.0,-0.00031726248111802694,0.0007013772475334145,0.0026259321889748983
1.779999999999984,0.0,0.0,0.0,-0.00031216079449300895,0.0006971197636977917,0.002622827297998796
1.784999999999984,0.0,0.0,0.0,-0.0003069582414964886,0.0006932689029795448,0.0026166344698086825
1.7899999999999838,0.0,0.0,0.0,-0.0003019008530175513,0.0006893567038849424,0.0026131614068771883
1.7949999999999837,0.0,0.0,0.0,-0.0002968994196681624,0.0006856043666331868,0.0026061213366425726
1.7999999999999836,0.0,0.0,0.0,-0.00029221516230714425,0.0006819735292060011,0.002599234541069877
1.8049999999999835,0.0,0.0,0.0,-0.00028748128695935636,0.0006781309918171534,0.002595292098674173
1.8099999999999834,0.0,0.0,0.0,-0.0002828437611370663,0.0006739193826358692,0.0025914579529931372
1.8149999999999833,0.0,0.0,0.0,-0.0002781621123535613,0.0006696995747473085,0.0025894117661825634
1.8199999999999832,0.0,0.0,0.0,-0.00027359928942335965,0.0006651570965510124,0.0025841131851289654
1.824999999999983,0.0,0.0,0.0,-0.00026969831626564146,0.000660851974676236,0.002574463916577073
1.829999999999983,0.0,0.0,0.0,-0.00026550498026281445,0.0006570151860161609,0.0025717135747575573
1.8349999999999829,0.0,0.0,0.0,-0.0002612346539473826,0.0006533085247652233,0.00256486701709081
1.8399999999999828,0.0,0.0,0.0,-0.00025702063011344656,0.0006494050664986083,0.002560843245263205
1.8449999999999827,0.0,0.0,0.0,-0.0002527515271911965,0.000645772728319189,0.0025562760133016464
1.8499999999999825,0.0,0.0,0.0,-0.000248485334830001,0.0006418107262400925,0.0025523710496854223
1.8549999999999824,0.0,0.0,0.0,-0.00024443550628971424,0.000638166797598323,0.0025470167590207608
1.8599999999999823,0.0,0.0,0.0,-0.00024069234493991867,0.0006342526774030568,0.002541323017881178
1.8649999999999822,0.0,0.0,0.0,-0.00023697930559203433,0.0006305939583210618,0.0025355958531472524
1.8699999999999821,0.0,0.0,0.0,-0.00023358179143463895,0.0006266198680822434,0.002529565053369635
1.874999999999982,0.0,0.0,0.0,-0.00022998381201642335,0.0006228827450496491,0.0025246059269748104
1.879999999999982,0.0,0.0,0.0,-0.00022628728966745567,0.0006188950557507291,0.0025191548262783526
1.8849999999999818,0.0,0.0,0.0,-0.00022267926398551922,0.0006154453907988886,0.0025136003672523236
1.8899999999999817,0.0,0.0,0.0,-0.00021916925431613013,0.0006118271196866818,0.002507203043918887
1.8949999999999816,0.0,0.0,0.0,-0.00021566474088185133,0.0006083839323706235,0.0025014652912990257
1.8999999999999815,0.0,0.0,0.0,-0.0002122681692708706,0.0006047103781359615,0.0024948296645438003
1.9049999999999814,0.0,0.0,0.0,-0.00020898994414273565,0.0006011316603970734,0.0024904802278551746
1.9099999999999813,0.0,0.0,0.0,-0.00020583601769852734,0.0005971639564882612,0.002483453071386967
1.9149999999999812,0.0,0.0,0.0,-0.00020268105166786822,0.0005933018793541312,0.0024791787231190528
1.919999999999981,0.0,0.0,0.0,-0.0001995629890967758,0.000589401284390484,0.0024722309743960124
1.924999999999981,0.0,0.0,0.0,-0.00019639599857517226,0.0005859168007814673,0.0024672627568251603
1.9299999999999808,0.0,0.0,0.0,-0.00019329487976036132,0.0005822209543797434,0.002458542292823196
1.9349999999999807,0.0,0.0,0.0,-0.0001901074353539105,0.0005791279984897349,0.002453891870529192
1.9399999999999806,0.0,0.0,0.0,-0.00018699331961549544,0.0005757464264246645,0.002445106443287677
1.9449999999999805,0.0,0.0,0.0,-0.00018386830871838049,0.0005728620720092047,0.002440009503352057
1.9499999999999804,0.0,0.0,0.0,-0.00018085831668361555,0.000569547413364633,0.002431586699846561
1.9549999999999803,0.0,0.0,0.0,-0.00017775123657112423,0.0005665374081871858,0.002428784223000249
1.9599999999999802,0.0,0.0,0.0,-0.00017454680672472343,0.0005630657366928827,0.002422428003419197
1.96499999999998,0.0,0.0,0.0,-0.00017146600154679714,0.0005595069414944543,0.0024173518775321484
1.96999999999998,0.0,0.0,0.0,-0.00016853372004989312,0.0005560443353322931,0.002410748308215807
1.9749999999999799,0.0,0.0,0.0,-0.00016568323133307687,0.0005526887337871505,0.00240456546299315
1.9799999999999798,0.0,0.0,0.0,-0.00016276646111489004,0.0005491273125552852,0.0023981347825829348
1.9849999999999797,0.0,0.0,0.0,-0.0001601077030575099,0.0005457460177298568,0.002392104047471655
1.9899999999999796,0.0,0.0,0.0,-0.00015743707377129226,0.0005422447416717473,0.0023840827335569813
1.9949999999999795,0.0,0.0,0.0,-0.00015486939672131994,0.0005392053681841552,0.002377350929331096
1.9999999999999793,0.0,0.0,0.0,-0.00015205974322277915,0.0005358599992272867,0.0023700713356964846
2.0049999999999795,0.0,0.0,0.0,-0.0001490006277949344,0.0005329324392242924,0.00236549910084567
2.0099999999999794,0.0,0.0,0.0,-0.00014617725405646965,0.0005297154248828671,0.0023579467428981055
2.0149999999999793,0.0,0.0,0.0,-0.00014339463544638293,0.0005268979439018729,0.002353254742030706
2.019999999999979,0.0,0.0,0.0,-0.00014062815106799273,0.0005236213227978086,0.0023463620766935446
2.024999999999979,0.0,0.0,0.0,-0.00013777789449105212,0.000520714786598588,0.0023414415225403253
2.029999999999979,0.0,0.0,0.0,-0.00013492766706868736,0.0005173893369351763,0.002334833102883519
2.034999999999979,0.0,0.0,0.0,-0.00013236775258509875,0.0005145152700493362,0.0023281143607954335
2.0399999999999787,0.0,0.0,0.0,-0.00012980613138538155,0.0005112663301520456,0.002319684380250402
2.0449999999999786,0.0,0.0,0.0,-0.00012723489083799646,0.0005086200282334492,0.002313642152846883
2.0499999999999785,0.0,0.0,0.0,-0.00012458006413409455,0.0005057303002104979,0.002306529442160407
2.0549999999999784,0.0,0.0,0.0,-0.0001218738985347354,0.0005028089585334949,0.0023009616094269965
2.0599999999999783,0.0,0.0,0.0,-0.00011917460017793343,0.0004998622024103136,0.0022950401053859863
2.064999999999978,0.0,0.0,0.0,-0.00011660743822374222,0.0004969887291625478,0.0022893640008908546
2.069999999999978,0.0,0.0,0.0,-0.00011400944105294906,0.0004940082733619912,0.0022825174066144305
2.074999999999978,0.0,0.0,0.0,-0.00011143317454895273,0.0004914495124176651,0.0022767799366125658
2.079999999999978,0.0,0.0,0.0,-0.00010877797633877722,0.0004886415526920968,0.0022697297512669825
2.0849999999999778,0.0,0.0,0.0,-0.00010612225020737084,0.00048639215890446726,0.002264683706458777
2.0899999999999777,0.0,0.0,0.0,-0.00010352779396691255,0.00048353859726997875,0.0022579549267398567
2.0949999999999775,0.0,0.0,0.0,-0.00010093194182121127,0.0004810035846555854,0.0022535439382636276
2.0999999999999774,0.0,0.0,0.0,-9.854207862689707e-05,0.000477889457922578,0.002246812248306367
2.1049999999999773,0.0,0.0,0.0,-9.634947037333849e-05,0.00047523150709199064,0.002240965819468489
2.1099999999999772,0.0,0.0,0.0,-9.406225301801069e-05,0.0004724923502117661,0.002232456733133209
2.114999999999977,0.0,0.0,0.0,-9.187732897343825e-05,0.000469799606331452,0.0022257364778937453
2.119999999999977,0.0,0.0,0.0,-8.952408273647462e-05,0.00046700284921557395,0.002219210108696716
2.124999999999977,0.0,0.0,0.0,-8.728181218516035e-05,0.0004644312839405799,0.0022134846554043115
2.129999999999977,0.0,0.0,0.0,-8.491668454670244e-05,0.00046173416713909883,0.002206589215801781
2.1349999999999767,0.0,0.0,0.0,-8.248278299474047e-05,0.0004593478618975787,0.0022020642627152242
2.1399999999999766,0.0,0.0,0.0,-8.013046930249631e-05,0.0004565310599138646,0.002195569284001282
2.1449999999999765,0.0,0.0,0.0,-7.768624525462488e-05,0.0004537889365290557,0.002191811360709272
2.1499999999999764,0.0,0.0,0.0,-7.568444376486824e-05,0.00045100534128995727,0.002183644119999864
2.1549999999999763,0.0,0.0,0.0,-7.367436291711686e-05,0.0004486704856006477,0.002177299480632011
2.159999999999976,0.0,0.0,0.0,-7.164470116563042e-05,0.00044588034153054636,0.0021691197377719687
2.164999999999976,0.0,0.0,0.0,-6.96223640116638e-05,0.0004436704024286162,0.0021633729507189873
2.169999999999976,0.0,0.0,0.0,-6.747722738977849e-05,0.0004410141028901759,0.002156232498424412
2.174999999999976,0.0,0.0,0.0,-6.502919152580745e-05,0.000438671365269424,0.0021532057631281016
2.1799999999999757,0.0,0.0,0.0,-6.283431625672848e-05,0.00043615202551586024,0.0021463044254024072
2.1849999999999756,0.0,0.0,0.0,-6.0656656675540696e-05,0.0004339232297071563,0.0021415182318820507
2.1899999999999755,0.0,0.0,0.0,-5.8679562064437844e-05,0.0004314108473524715,0.0021340072637220835
2.1949999999999754,0.0,0.0,0.0,-5.6732977979013e-05,0.00042925089352971604,0.002128794620865272
2.1999999999999753,0.0,0.0,0.0,-5.5136277072503614e-05,0.0004267241467823813,0.0021199806645041982
2.204999999999975,0.0,0.0,0.0,-5.316650854049641e-05,0.0004244153625416947,0.002115702222355134
2.209999999999975,0.0,0.0,0.0,-5.114674409478591e-05,0.00042174242686895253,0.0021077174559700385
2.214999999999975,0.0,0.0,0.0,-4.916167469122609e-05,0.00041962263683718707,0.002102803098924693
2.219999999999975,0.0,0.0,0.0,-4.729082520657639e-05,0.0004170933162211356,0.002094937635173962
2.2249999999999748,0.0,0.0,0.0,-4.545253285734409e-05,0.0004150367753351699,0.0020898302890623153
2.2299999999999747,0.0,0.0,0.0,-4.37791777121431e-05,0.00041271263093390286,0.002082064949027282
2.2349999999999746,0.0,0.0,0.0,-4.1865002278677043e-05,0.0004106537532203437,0.002078166073908852
2.2399999999999745,0.0,0.0,0.0,-3.996834656685904e-05,0.0004081306036752987,0.0020715093301574435
2.2449999999999743,0.0,0.0,0.0,-3.79194846566989e-05,0.0004063113574961754,0.002067280110150143
2.2499999999999742,0.0,0.0,0.0,-3.6111043847836203e-05,0.00040363565895019677,0.002060175613060621
2.254999999999974,0.0,0.0,0.0,-3.442779516251142e-05,0.0004014997655358297,0.00205452447822095
2.259999999999974,0.0,0.0,0.0,-3.280781267972464e-05,0.0003992226268739693,0.0020471532989281035
2.264999999999974,0.0,0.0,0.0,-3.122569376972592e-05,0.00039710373020997457,0.0020410267231852634
2.269999999999974,0.0,0.0,0.0,-2.962294561769684e-05,0.00039475240362842073,0.002033742802477445
2.2749999999999737,0.0,0.0,0.0,-2.8034298541944275e-05,0.00039267685592021714,0.002027854302263455
2.2799999999999736,0.0,0.0,0.0,-2.6516253000060512e-05,0.0003903503486355912,0.002020543738144257
2.2849999999999735,0.0,0.0,0.0,-2.4869234219976227e-05,0.0003883010535945713,0.0020154103535709933
2.2899999999999734,0.0,0.0,0.0,-2.3041053316812413e-05,0.00038599830821035554,0.002009525938270993
2.2949999999999733,0.0,0.0,0.0,-2.1481724773869216e-05,0.00038405924135732336,0.002003621488536126
2.299999999999973,0.0,0.0,0.0,-1.9882446312930976e-05,0.00038150490387153725,0.0019969238536207043
2.304999999999973,0.0,0.0,0.0,-1.821501140650905e-05,0.0003795133791477056,0.001992616803073477
2.309999999999973,0.0,0.0,0.0,-1.674025217138285e-05,0.0003768328146747971,0.001986251988869627
2.314999999999973,0.0,0.0,0.0,-1.5242886532536012e-05,0.0003748172339498724,0.0019798212535012158
2.3199999999999728,0.0,0.0,0.0,-1.391168309337283e-05,0.00037253771614119137,0.001972419394245064
2.3249999999999726,0.0,0.0,0.0,-1.246911275409697e-05,0.0003709192287843586,0.0019648443441718363
2.3299999999999725,0.0,0.0,0.0,-1.113789671462603e-05,0.00036887130022999527,0.001958655707866498
2.3349999999999724,0.0,0.0,0.0,-9.53236674915426e-06,0.0003674577853880787,0.001951917321837061
2.3399999999999723,0.0,0.0,0.0,-7.908759978503268e-06,0.0003653001243135198,0.0019481499165453055
2.344999999999972,0.0,0.0,0.0,-6.243979977385585e-06,0.0003638137133153486,0.0019414327309934362
2.349999999999972,0.0,0.0,0.0,-4.646339551185237e-06,0.00036142479394297495,0.0019382324031060178
2.354999999999972,0.0,0.0,0.0,-3.067018854384933e-06,0.00035978961240641216,0.001930406953402044
2.359999999999972,0.0,0.0,0.0,-1.714604359811459e-06,0.0003573206623779152,0.001926393553185128
2.364999999999972,0.0,0.0,0.0,-4.7194468099523826e-07,0.0003555429910558106,0.0019172905891660281
2.3699999999999717,0.0,0.0,0.0,7.992046163632254e-07,0.00035319657533618425,0.001913427911046139
2.3749999999999716,0.0,0.0,0.0,1.9583088609153977e-06,0.0003515293826748548,0.0019033255380828918
2.3799999999999715,0.0,0.0,0.0,3.239366927821083e-06,0.00034920645884180783,0.0019010339504349234
2.3849999999999714,0.0,0.0,0.0,4.837879053478317e-06,0.0003475536295136676,0.00189279604246432
2.3899999999999713,0.0,0.0,0.0,6.081160690786718e-06,0.00034560471556846126,0.0018889789524010607
2.394999999999971,0.0,0.0,0.0,7.313013827807163e-06,0.00034415011408943315,0.0018794706034769525
2.399999999999971,0.0,0.0,0.0,8.529948917461659e-06,0.00034233587976169327,0.0018761569698429795
2.404999999999971,0.0,0.0,0.0,9.963940157007076e-06,0.0003408512462576015,0.001867616697997018
2.409999999999971,0.0,0.0,0.0,1.1472943483432726e-05,0.00033878768705255147,0.0018657360677878524
2.4149999999999707,0.0,0.0,0.0,1.2767827836835735e-05,0.00033714757423592995,0.0018571629361962098
2.4199999999999706,0.0,0.0,0.0,1.3920522725136084e-05,0.00033514407575509187,0.001853612314457586
2.4249999999999705,0.0,0.0,0.0,1.5067578127046818e-05,0.00033353516642281827,0.0018444984730600128
2.4299999999999704,0.0,0.0,0.0,1.6154619373933484e-05,0.00033143539471673606,0.0018416821211612179
2.4349999999999703,0.0,0.0,0.0,1.724632900916723e-05,0.00032974568483233667,0.0018329175753810318
2.43999999999997,0.0,0.0,0.0,1.8321179887468863e-05,0.00032766718343155984,0.0018296103056190285
2.44499999999997,0.0,0.0,0.0,1.956878440152641e-05,0.0003259736375379338,0.001821377394008856
2.44999999999997,0.0,0.0,0.0,2.07551700718175e-05,0.00032402205441056534,0.001818368813422844
2.45499999999997,0.0,0.0,0.0,2.2027670550156658e-05,0.0003226481560985384,0.0018090414097884624
2.4599999999999698,0.0,0.0,0.0,2.3270538020095813e-05,0.00032082066058898134,0.0018067185150271667
2.4649999999999697,0.0,0.0,0.0,2.4559306203853102e-05,0.00031958347801547217,0.0017974109590011692
2.4699999999999696,0.0,0.0,0.0,2.5779589836470293e-05,0.0003178900558897489,0.0017946666120269722
2.4749999999999694,0.0,0.0,0.0,2.6938200840432046e-05,0.00031653534332411404,0.00178632019036984
2.4799999999999693,0.0,0.0,0.0,2.801539733613416e-05,0.00031481973057957913,0.001783333610858908
2.4849999999999692,0.0,0.0,0.0,2.902886291928533e-05,0.0003132163661261344,0.001775043929041236
2.489999999999969,0.0,0.0,0.0,2.9999621747476046e-05,0.0003113165491970961,0.0017722907791919039
2.494999999999969,0.0,0.0,0.0,3.096097307301972e-05,0.0003096367617971125,0.0017631710057565823
2.499999999999969,0.0,0.0,0.0,3.1910892894658524e-05,0.00030768475141822193,0.0017603156758373383
2.504999999999969,0.0,0.0,0.0,3.291362576417286e-05,0.0003060010738699299,0.0017512437107728785
2.5099999999999687,0.0,0.0,0.0,3.397629189399128e-05,0.0003042636182831928,0.0017487343482673722
2.5149999999999686,0.0,0.0,0.0,3.502667570023993e-05,0.0003028057741809629,0.0017387504949545982
2.5199999999999685,0.0,0.0,0.0,3.611911407663845e-05,0.0003012761155308491,0.0017362226909053476
2.5249999999999684,0.0,0.0,0.0,3.721150120872854e-05,0.0002999692499918481,0.0017267941414775775
2.5299999999999683,0.0,0.0,0.0,3.820675033310979e-05,0.000298438023255508,0.0017249896250128933
2.534999999999968,0.0,0.0,0.0,3.9192805385559574e-05,0.00029700689022184155,0.0017153160616584049
2.539999999999968,0.0,0.0,0.0,4.015797856111991e-05,0.0002952685108564307,0.0017142737555952362
2.544999999999968,0.0,0.0,0.0,4.1063918923449015e-05,0.00029370647712064944,0.001704733011814458
2.549999999999968,0.0,0.0,0.0,4.19712650366012e-05,0.0002919132302191591,0.0017033057178769857
2.5549999999999677,0.0,0.0,0.0,4.290304619257013e-05,0.0002903680861379003,0.0016939340028764493
2.5599999999999676,0.0,0.0,0.0,4.386640777284091e-05,0.00028880837836272157,0.001692554291811207
2.5649999999999675,0.0,0.0,0.0,4.478548530497323e-05,0.0002875474639160991,0.00168227407718059
2.5699999999999674,0.0,0.0,0.0,4.5760807340843046e-05,0.00028614058272755994,0.0016809167559369022
2.5749999999999673,0.0,0.0,0.0,4.670688574172487e-05,0.00028492870031989663,0.0016714327152776167
2.579999999999967,0.0,0.0,0.0,4.760076732122699e-05,0.00028351370564642415,0.0016696136947889548
2.584999999999967,0.0,0.0,0.0,4.839740810404244e-05,0.00028200088511575133,0.00166034747132446
2.589999999999967,0.0,0.0,0.0,4.924646120463222e-05,0.00028037523400311926,0.0016592386727066386
2.594999999999967,0.0,0.0,0.0,5.00316818286383e-05,0.0002787153538103758,0.0016500486331493102
2.599999999999967,0.0,0.0,0.0,5.0817977778787886e-05,0.000277075645644028,0.0016485402592428717
2.6049999999999667,0.0,0.0,0.0,5.1633464011563614e-05,0.0002755424348085922,0.0016391229752629349
2.6099999999999666,0.0,0.0,0.0,5.246534874400402e-05,0.0002741873017793048,0.0016371733812681976
2.6149999999999665,0.0,0.0,0.0,5.3175123610506554e-05,0.00027296322749131906,0.001627081749696083
2.6199999999999664,0.0,0.0,0.0,5.396189430535098e-05,0.0002717883331093244,0.0016247321460789179
2.6249999999999662,0.0,0.0,0.0,5.4811861058719756e-05,0.0002704586204121225,0.0016152291957881072
2.629999999999966,0.0,0.0,0.0,5.5741158188658685e-05,0.0002690401517547612,0.0016147730657643095
2.634999999999966,0.0,0.0,0.0,5.641959516799111e-05,0.0002676101228708696,0.001605169186960719
2.639999999999966,0.0,0.0,0.0,5.704523805032029e-05,0.00026624091879529896,0.0016032987327512728
2.644999999999966,0.0,0.0,0.0,5.7807621980013735e-05,0.0002647275970148223,0.0015945762497847126
2.6499999999999657,0.0,0.0,0.0,5.8655377422536136e-05,0.00026350251707647093,0.0015939363289562453
2.6549999999999656,0.0,0.0,0.0,5.9479301283261154e-05,0.000262079623695073,0.0015846666088025396
2.6599999999999655,0.0,0.0,0.0,6.028566195366473e-05,0.0002610076221407344,0.0015832799352487176
2.6649999999999654,0.0,0.0,0.0,6.093985989124219e-05,0.00025988089122862295,0.0015734059755158514
2.6699999999999653,0.0,0.0,0.0,6.163253398146347e-05,0.00025872509137472095,0.0015709514001089535
2.674999999999965,0.0,0.0,0.0,6.226756638821428e-05,0.00025717509542119986,0.001562325382348993
2.679999999999965,0.0,0.0,0.0,6.299656743693424e-05,0.00025573555800923814,0.001560935170833166
2.684999999999965,0.0,0.0,0.0,6.357428848992026e-05,0.0002541412941966802,0.0015518115857074293
2.689999999999965,0.0,0.0,0.0,6.410313557549086e-05,0.0002527743541848423,0.00154864609291944
2.6949999999999648,0.0,0.0,0.0,6.480688562398797e-05,0.00025148161354221466,0.0015413749205427365
2.6999999999999647,0.0,0.0,0.0,6.555426889429793e-05,0.000250247906526602,0.0015383489195563754
2.7049999999999645,0.0,0.0,0.0,6.618844067428731e-05,0.0002490450593811085,0.0015301483042047463
2.7099999999999644,0.0,0.0,0.0,6.682719078298372e-05,0.00024803297215545615,0.0015273206587389206
2.7149999999999643,0.0,0.0,0.0,6.754405385687405e-05,0.00024690409176427515,0.0015197795088181148
2.7199999999999642,0.0,0.0,0.0,6.838611977992019e-05,0.00024568336090940036,0.0015179332505391796
2.724999999999964,0.0,0.0,0.0,6.90826020368865e-05,0.0002444154059086525,0.001511054322935995
2.729999999999964,0.0,0.0,0.0,6.972666674117212e-05,0.0002432057856414861,0.0015083078410161532
2.734999999999964,0.0,0.0,0.0,7.022102224275896e-05,0.00024177670401606972,0.0014999699849205807
2.739999999999964,0.0,0.0,0.0,7.070569932053798e-05,0.00024069900114627327,0.001497082539431638
2.7449999999999637,0.0,0.0,0.0,7.120368374302337e-05,0.00023939710002258914,0.001488527547267994
2.7499999999999636,0.0,0.0,0.0,7.184962929947788e-05,0.00023843052518306127,0.001486337308858445
2.7549999999999635,0.0,0.0,0.0,7.258708506490128e-05,0.0002372611857474391,0.0014799964474363646
2.7599999999999634,0.0,0.0,0.0,7.322971668852149e-05,0.0002361546690395793,0.0014765356076403351
2.7649999999999633,0.0,0.0,0.0,7.383085833093077e-05,0.00023491481578845664,0.0014703637546214761
2.769999999999963,0.0,0.0,0.0,7.438013962269755e-05,0.00023384396830297718,0.0014674272146744346
2.774999999999963,0.0,0.0,0.0,7.492553503068385e-05,0.00023252834483783943,0.0014608393231162718
2.779999999999963,0.0,0.0,0.0,7.544921578445059e-05,0.00023150434087818337,0.0014577000270617215
2.784999999999963,0.0,0.0,0.0,7.587388421140932e-05,0.0002302769680819064,0.0014504987559102948
2.7899999999999627,0.0,0.0,0.0,7.649620676045464e-05,0.00022905959630649972,0.0014482954301303968
2.7949999999999626,0.0,0.0,0.0,7.694135888243338e-05,0.00022775022581822646,0.001439724478988423
2.7999999999999625,0.0,0.0,0.0,7.735525135171523e-05,0.0002268021212153039,0.0014365042901425705
2.8049999999999624,0.0,0.0,0.0,7.781904112306705e-05,0.00022547844240744655,0.0014286110782361138
2.8099999999999623,0.0,0.0,0.0,7.828094548789207e-05,0.00022446058146359779,0.0014249909929729544
2.814999999999962,0.0,0.0,0.0,7.8807526731034e-05,0.00022336449346661784,0.0014188315138327157
2.819999999999962,0.0,0.0,0.0,7.930835093934515e-05,0.0002222426803537341,0.001415941327563796
2.824999999999962,0.0,0.0,0.0,7.97977508913514e-05,0.00022118606141354694,0.0014094755607762313
2.829999999999962,0.0,0.0,0.0,8.026587522609261e-05,0.00021997963611413815,0.0014070910574677557
2.8349999999999618,0.0,0.0,0.0,8.070802041175451e-05,0.0002190156722418004,0.0013992937654346662
2.8399999999999617,0.0,0.0,0.0,8.112960148066133e-05,0.0002178080747756406,0.0013967494740918822
2.8449999999999616,0.0,0.0,0.0,8.161522352333254e-05,0.00021685108863330022,0.0013891455258846917
2.8499999999999615,0.0,0.0,0.0,8.212655399474299e-05,0.000215656532225704,0.001387606963529672
2.8549999999999613,0.0,0.0,0.0,8.266549133889689e-05,0.0002149192492338741,0.0013795225445609454
2.8599999999999612,0.0,0.0,0.0,8.314823851617817e-05,0.00021380021286672034,0.0013774268512777626
2.864999999999961,0.0,0.0,0.0,8.37117381699249e-05,0.0002131375192215728,0.0013701695376859401
2.869999999999961,0.0,0.0,0.0,8.418445128075184e-05,0.00021203215423386295,0.001367396345861476
2.874999999999961,0.0,0.0,0.0,8.46231828866549e-05,0.0002113224569107458,0.0013603056633961204
2.879999999999961,0.0,0.0,0.0,8.491922569554784e-05,0.00020977291478889258,0.0013586696375192274
2.8849999999999607,0.0,0.0,0.0,8.528203419271474e-05,0.0002090483982442392,0.0013504810423087463
2.8899999999999606,0.0,0.0,0.0,8.554318696919645e-05,0.00020739767668318058,0.0013495668872195495
2.8949999999999605,0.0,0.0,0.0,8.609149049111237e-05,0.00020650547142159276,0.001342627714707265
2.8999999999999604,0.0,0.0,0.0,8.644586893636129e-05,0.00020542306130769207,0.0013396772531819672
2.9049999999999603,0.0,0.0,0.0,8.678474016559545e-05,0.0002045724326385623,0.0013327648909248358
2.90999999999996,0.0,0.0,0.0,8.715335756140411e-05,0.00020344305465552258,0.0013306001059099053
2.91499999999996,0.0,0.0,0.0,8.753315651727706e-05,0.00020255622901920302,0.0013231540814401404
2.91999999999996,0.0,0.0,0.0,8.787805446286308e-05,0.0002014367439025047,0.001322619023886266
2.92499999999996,0.0,0.0,0.0,8.807705762463281e-05,0.00020071324046077728,0.001312278778340466
2.9299999999999597,0.0,0.0,0.0,8.849547608097861e-05,0.0001994948089760464,0.0013124445383693713
2.9349999999999596,0.0,0.0,0.0,8.897323083101315e-05,0.00019872324125621443,0.0013044423185645008
2.9399999999999595,0.0,0.0,0.0,8.940224183590105e-05,0.00019747060461019,0.0013034995084789099
2.9449999999999594,0.0,0.0,0.0,8.995543458243425e-05,0.00019667263357945228,0.0012972502869345172
2.9499999999999593,0.0,0.0,0.0,9.022305787534748e-05,0.0001955894157320559,0.0012945655525917793
2.954999999999959,0.0,0.0,0.0,9.052859706515356e-05,0.00019519511100068993,0.001287124446429327
2.959999999999959,0.0,0.0,0.0,9.072843166429342e-05,0.00019439351445905002,0.0012825451599252102
2.964999999999959,0.0,0.0,0.0,9.112967801433278e-05,0.00019357183604288466,0.0012777558372601176
2.969999999999959,0.0,0.0,0.0,9.14189831243395e-05,0.0001926164042587236,0.0012740569709291448
2.974999999999959,0.0,0.0,0.0,9.182496672226087e-05,0.00019173487912891983,0.0012685720980676143
2.9799999999999587,0.0,0.0,0.0,9.210018127368034e-05,0.00019070493241329283,0.0012653531862939446
2.9849999999999586,0.0,0.0,0.0,9.252734740628316e-05,0.0001899919680432122,0.00125918785699388
2.9899999999999585,0.0,0.0,0.0,9.288274625450688e-05,0.00018877673052596872,0.001256750337555974
2.9949999999999584,0.0,0.0,0.0,9.316623342656887e-05,0.00018798473613416936,0.0012503788260522126
2.9999999999999583,0.0,0.0,0.0,9.329815028093068e-05,0.00018678926827503067,0.001247628553809958
3.004999999999958,0.0,0.0,0.0,9.336553836657651e-05,0.00018610915878696971,0.0012402775774031762
3.009999999999958,0.0,0.0,0.0,9.36157156700325e-05,0.00018508659324759766,0.0012377834780942765
3.014999999999958,0.0,0.0,0.0,9.404908414270759e-05,0.00018447793273971877,0.0012318067386122712
3.019999999999958,0.0,0.0,0.0,9.437304089508053e-05,0.00018342607902987408,0.0012299989511411202
3.0249999999999577,0.0,0.0,0.0,9.479653102003168e-05,0.00018273213787359723,0.001224264228617601
3.0299999999999576,0.0,0.0,0.0,9.50839632762546e-05,0.00018164247985259967,0.0012221176192609142
3.0349999999999575,0.0,0.0,0.0,9.532785115352454e-05,0.0001808562143373597,0.0012161089691503624
3.0399999999999574,0.0,0.0,0.0,9.553408880518111e-05,0.000179935835773725,0.0012126979588726972
3.0449999999999573,0.0,0.0,0.0,9.584796639138204e-05,0.0001791794287299647,0.0012065594680010071
3.049999999999957,0.0,0.0,0.0,9.599496819381218e-05,0.0001781066481030545,0.0012044590111466146
3.054999999999957,0.0,0.0,0.0,9.627375456550206e-05,0.00017750694092930674,0.0011968734829673412
3.059999999999957,0.0,0.0,0.0,9.650949047594827e-05,0.0001765404586843541,0.001194541249194578
3.064999999999957,0.0,0.0,0.0,9.683309523611064e-05,0.00017581857918303037,0.001188128354432601
3.0699999999999568,0.0,0.0,0.0,9.713098782260709e-05,0.00017493579132684485,0.0011854327160490234
3.0749999999999567,0.0,0.0,0.0,9.749742075439089e-05,0.00017428734210535258,0.0011807652961448379
3.0799999999999566,0.0,0.0,0.0,9.774012419417392e-05,0.00017334798794314986,0.0011774762709807593
3.0849999999999564,0.0,0.0,0.0,9.79595616091609e-05,0.00017263651246359241,0.001172758233619142
3.0899999999999563,0.0,0.0,0.0,9.81152518589605e-05,0.00017167056732064444,0.0011697516453478317
3.0949999999999562,0.0,0.0,0.0,9.841248771493278e-05,0.0001711860357997641,0.0011639072287118505
3.099999999999956,0.0,0.0,0.0,9.860574840280797e-05,0.0001702117716151863,0.001161296521846786
3.104999999999956,0.0,0.0,0.0,9.889034992055661e-05,0.00016985755545492436,0.0011552514319410512
3.109999999999956,0.0,0.0,0.0,9.914140435292203e-05,0.00016901913043029172,0.0011533703718538404
3.114999999999956,0.0,0.0,0.0,9.933604271378346e-05,0.00016828414938294375,0.0011483131258748175
3.1199999999999557,0.0,0.0,0.0,9.94426711810547e-05,0.00016722318994498523,0.001146391099313189
3.1249999999999556,0.0,0.0,0.0,9.958346942846299e-05,0.00016653847134553585,0.001139616185936205
3.1299999999999555,0.0,0.0,0.0,9.968401815864091e-05,0.0001655206883309479,0.001137463845562886
3.1349999999999554,0.0,0.0,0.0,0.0001000291873686741,0.00016499541866209547,0.0011300533647141768
3.1399999999999553,0.0,0.0,0.0,0.00010033828756388549,0.00016389060605936277,0.0011303164570467007
3.144999999999955,0.0,0.0,0.0,0.00010060417499099794,0.00016369581449329472,0.0011222201191991223
3.149999999999955,0.0,0.0,0.0,0.00010069794148329408,0.00016290546178703483,0.0011195439299821796
3.154999999999955,0.0,0.0,0.0,0.00010082765665828659,0.00016227981618557177,0.001114168479471127
3.159999999999955,0.0,0.0,0.0,0.0001010729407483888,0.0001614893737769249,0.0011114465046048326
3.1649999999999547,0.0,0.0,0.0,0.00010123919422920462,0.0001607745145676083,0.001106790780936356
3.1699999999999546,0.0,0.0,0.0,0.00010131889261471295,0.00015984222693475413,0.0011039126458831415
3.1749999999999545,0.0,0.0,0.0,0.00010151557148222749,0.00015909947983897338,0.0010994435219528055
3.1799999999999544,0.0,0.0,0.0,0.0001016172692389441,0.0001583986789372113,0.0010958363456069844
3.1849999999999543,0.0,0.0,0.0,0.0001018229120642117,0.0001577613747290828,0.0010910296947161226
3.189999999999954,0.0,0.0,0.0,0.00010179619382469607,0.0001569259621173436,0.0010879925309295966
3.194999999999954,0.0,0.0,0.0,0.00010222868375577896,0.0001563982585404901,0.001083204819577616
3.199999999999954,0.0,0.0,0.0,0.00010247115561287246,0.00015545910610039352,0.001080946074539268
3.204999999999954,0.0,0.0,0.0,0.0001027442139026513,0.00015490434267253732,0.0010757960931615457
3.209999999999954,0.0,0.0,0.0,0.00010282233134391403,0.00015410380808003884,0.0010724485902130676
3.2149999999999537,0.0,0.0,0.0,0.0001027627199497646,0.00015342683028751427,0.001068056410644731
3.2199999999999536,0.0,0.0,0.0,0.00010278908136639358,0.0001525072207724157,0.0010649700276987512
3.2249999999999535,0.0,0.0,0.0,0.00010296618208161631,0.00015190887761493927,0.0010606041775167718
3.2299999999999534,0.0,0.0,0.0,0.00010308172494790169,0.00015119806970190203,0.001056875589452836
3.2349999999999532,0.0,0.0,0.0,0.00010314130021067273,0.00015070364072954998,0.0010530017245019496
3.239999999999953,0.0,0.0,0.0,0.00010318606480650177,0.00014984117329413116,0.0010494574756806548
3.244999999999953,0.0,0.0,0.0,0.00010322035529418369,0.0001493456144874697,0.0010452108830094418
3.249999999999953,0.0,0.0,0.0,0.00010320071204791657,0.00014841705377249516,0.0010418599446224003
3.254999999999953,0.0,0.0,0.0,0.00010319708384908895,0.00014780157172369308,0.0010375577775078024
3.2599999999999527,0.0,0.0,0.0,0.00010324984972165727,0.00014686913190734528,0.0010346609081258217
3.2649999999999526,0.0,0.0,0.0,0.00010341576632047066,0.0001464202153665929,0.0010296353886438418
3.2699999999999525,0.0,0.0,0.0,0.00010355925792816372,0.00014557233552248765,0.0010270609075054252
3.2749999999999524,0.0,0.0,0.0,0.00010375239172062887,0.0001452480259046769,0.0010219174662823524
3.2799999999999523,0.0,0.0,0.0,0.00010391654395941008,0.00014450778431307558,0.0010195955024398418
3.284999999999952,0.0,0.0,0.0,0.00010411360859989007,0.00014421707749783324,0.001014387353938171
3.289999999999952,0.0,0.0,0.0,0.00010419903298723767,0.0001435691801641024,0.0010117394967709113
3.294999999999952,0.0,0.0,0.0,0.00010429883264937224,0.00014315142794663115,0.001006705351981779
3.299999999999952,0.0,0.0,0.0,0.00010427880673643978,0.0001422360600310549,0.001005115423824624
3.3049999999999518,0.0,0.0,0.0,0.00010427289805259273,0.00014163365038205982,0.0009998359978922798
3.3099999999999516,0.0,0.0,0.0,0.00010421208357686423,0.0001406196233138229,0.0009982719071166828
3.3149999999999515,0.0,0.0,0.0,0.00010428506198486377,0.00013997098035657766,0.0009930319772884695
3.3199999999999514,0.0,0.0,0.0,0.00010431775223353132,0.0001392161580099663,0.000990375359340009
3.3249999999999513,0.0,0.0,0.0,0.00010442550275462495,0.0001387331059065304,0.0009849366253297893
3.329999999999951,0.0,0.0,0.0,0.00010444394584361806,0.00013794846376555944,0.0009840292123473912
3.334999999999951,0.0,0.0,0.0,0.00010448180041383774,0.00013734714696271913,0.0009784523035329762
3.339999999999951,0.0,0.0,0.0,0.00010447412851974991,0.0001365266592834032,0.000976815852682351
3.344999999999951,0.0,0.0,0.0,0.00010451261423612617,0.00013596076271456012,0.0009714868010826156
3.349999999999951,0.0,0.0,0.0,0.0001044236025293164,0.00013499576275248187,0.0009693540918873855
3.3549999999999507,0.0,0.0,0.0,0.0001044098402178449,0.00013494571284882156,0.0009624575795489794
3.3599999999999506,0.0,0.0,0.0,0.00010436014021019656,0.00013397312987715643,0.0009614688854474658
3.3649999999999505,0.0,0.0,0.0,0.0001045124497723894,0.00013395865607445317,0.000955037854824346
3.3699999999999504,0.0,0.0,0.0,0.00010458432288567855,0.00013300349013601129,0.0009549254713021531
3.3749999999999503,0.0,0.0,0.0,0.00010481378997174915,0.0001327358775630711,0.0009495478569143957
3.37999999999995,0.0,0.0,0.0,0.00010500218963653839,0.00013169583867880992,0.0009501586737094871
3.38499999999995,0.0,0.0,0.0,0.00010495216026820826,0.00013152363613963897,0.0009430212988378648
3.38999999999995,0.0,0.0,0.0,0.00010488378571122371,0.0001306834818677211,0.0009425362908214137
3.39499999999995,0.0,0.0,0.0,0.00010501201118298508,0.00013066147576183682,0.0009351951422776482
3.3999999999999497,0.0,0.0,0.0,0.00010508599990010763,0.00012984399710664314,0.0009352902741247852
3.4049999999999496,0.0,0.0,0.0,0.00010518062311571874,0.00012965943788377016,0.0009280332015807464
3.4099999999999495,0.0,0.0,0.0,0.00010506132165027403,0.00012869500231658845,0.0009280326208880218
3.4149999999999494,0.0,0.0,0.0,0.00010511633147406379,0.00012856964162356448,0.0009199466348337155
3.4199999999999493,0.0,0.0,0.0,0.00010499981795003685,0.00012736399458360912,0.0009211864879934979
3.424999999999949,0.0,0.0,0.0,0.0001050367243299243,0.00012677482388502028,0.0009156139712910832
3.429999999999949,0.0,0.0,0.0,0.00010499767779206055,0.00012610711754945542,0.0009139098209823428
3.434999999999949,0.0,0.0,0.0,0.00010506541739162579,0.000125636299801249,0.0009084275607951422
3.439999999999949,0.0,0.0,0.0,0.00010497715998262964,0.00012490041535285104,0.000908078299588518
3.4449999999999488,0.0,0.0,0.0,0.00010497697869255267,0.00012447031339279683,0.000902516456295605
3.4499999999999487,0.0,0.0,0.0,0.00010503432830961047,0.00012382928903696997,0.00090193871871092
3.4549999999999486,0.0,0.0,0.0,0.00010505163931073928,0.00012352328171826843,0.0008952438475194769
3.4599999999999485,0.0,0.0,0.0,0.00010498027985676495,0.0001228018140320242,0.0008945442029989312
3.4649999999999483,0.0,0.0,0.0,0.00010494981119607956,0.00012253176436127251,0.0008887889853579113
3.4699999999999482,0.0,0.0,0.0,0.000104910031966232,0.00012192915280752701,0.0008869007333316663
3.474999999999948,0.0,0.0,0.0,0.00010491809233290752,0.00012138675532014827,0.0008830873487326763
3.479999999999948,0.0,0.0,0.0,0.00010484174847493617,0.00012075444528758793,0.0008802149750123892
3.484999999999948,0.0,0.0,0.0,0.0001049291175921258,0.00012048618444743191,0.0008756834683924298
3.489999999999948,0.0,0.0,0.0,0.000105049695868523,0.0001198891358154436,0.0008738534019075881
3.4949999999999477,0.0,0.0,0.0,0.00010519383626464859,0.00011970110269083488,0.0008693232664121081
3.4999999999999476,0.0,0.0,0.0,0.00010520337527311899,0.0001190335315986704,0.0008683169176442236
3.5049999999999475,0.0,0.0,0.0,0.00010527016880299347,0.00011879418194862681,0.0008635751155013989
3.5099999999999474,0.0,0.0,0.0,0.00010524698872737432,0.00011808671255182757,0.0008622910157470943
3.5149999999999473,0.0,0.0,0.0,0.00010520568992269789,0.00011770878759930224,0.0008573037357094279
3.519999999999947,0.0,0.0,0.0,0.00010506521259364058,0.00011690703380290601,0.0008555200157838621
3.524999999999947,0.0,0.0,0.0,0.0001050606777027425,0.00011651699105026686,0.0008498843324754103
3.529999999999947,0.0,0.0,0.0,0.00010502101336435614,0.00011573328383860607,0.0008486752595187525
3.534999999999947,0.0,0.0,0.0,0.00010503034889115585,0.00011550341852057283,0.00084259716162593
3.5399999999999467,0.0,0.0,0.0,0.00010501806972856891,0.00011479039860314407,0.000842140856553449
3.5449999999999466,0.0,0.0,0.0,0.00010505758035344498,0.00011464956974928408,0.0008364925007667216
3.5499999999999465,0.0,0.0,0.0,0.00010507929330737622,0.00011409541666993235,0.0008360406492721635
3.5549999999999464,0.0,0.0,0.0,0.00010521026835403091,0.00011392588962485118,0.0008309441406197532
3.5599999999999463,0.0,0.0,0.0,0.00010522516130204118,0.00011322829750946518,0.0008314383768658658
3.564999999999946,0.0,0.0,0.0,0.00010527512827373132,0.00011302580898473629,0.0008256967592803693
3.569999999999946,0.0,0.0,0.0,0.00010523450093921523,0.00011211736643632587,0.0008263671371846425
3.574999999999946,0.0,0.0,0.0,0.00010523913197451416,0.00011184182850663267,0.000819785552029882
3.579999999999946,0.0,0.0,0.0,0.00010511451406798738,0.00011090127812860153,0.0008197277736514403
3.584999999999946,0.0,0.0,0.0,0.00010500180423706355,0.0001104850055105768,0.0008130868835530299
3.5899999999999457,0.0,0.0,0.0,0.0001048738045397714,0.00010964940958162736,0.0008131683319060854
3.5949999999999456,0.0,0.0,0.0,0.00010477327650236389,0.000109399648394274,0.0008053185610858943
3.5999999999999455,0.0,0.0,0.0,0.00010466740445407492,0.00010856542685563106,0.0008066021232062921
3.6049999999999454,0.0,0.0,0.0,0.00010472001642744057,0.00010850148721401249,0.0007995659796023059
3.6099999999999453,0.0,0.0,0.0,0.00010474184903136264,0.0001079597328835748,0.0008006060546505019
3.614999999999945,0.0,0.0,0.0,0.00010486009696299076,0.0001078932253910866,0.0007939148392306986
3.619999999999945,0.0,0.0,0.0,0.00010490293355419814,0.00010729465493395186,0.0007962700230333043
3.624999999999945,0.0,0.0,0.0,0.00010495085648159211,0.00010720872782893492,0.0007889547082107894
3.629999999999945,0.0,0.0,0.0,0.00010491178803487955,0.00010641925055508404,0.0007914044845461081
3.6349999999999447,0.0,0.0,0.0,0.0001048662770548185,0.0001061928412216125,0.0007837708487078342
3.6399999999999446,0.0,0.0,0.0,0.00010465148782278186,0.00010524862358510583,0.0007848116185708043
3.6449999999999445,0.0,0.0,0.0,0.00010451636400153707,0.00010492071211713467,0.0007768509765874743
3.6499999999999444,0.0,0.0,0.0,0.00010443702595445364,0.00010419999430649074,0.0007779670611997465
3.6549999999999443,0.0,0.0,0.0,0.00010439900728146744,0.00010420046614833358,0.0007688797398094393
3.659999999999944,0.0,0.0,0.0,0.0001043511854417187,0.00010357181154559453,0.0007718078704281397
3.664999999999944,0.0,0.0,0.0,0.000104375492808245,0.00010368324604739974,0.0007631916910566405
3.669999999999944,0.0,0.0,0.0,0.00010438076007583357,0.00010314220462377083,0.0007658628815075215
3.674999999999944,0.0,0.0,0.0,0.00010457243317145646,0.00010299877322932289,0.0007608201313030007
3.6799999999999438,0.0,0.0,0.0,0.00010448039805187446,0.00010251913429211607,0.0007619147785047619
3.6849999999999437,0.0,0.0,0.0,0.00010442442802876616,0.0001022139036353657,0.0007560549716418688
3.6899999999999435,0.0,0.0,0.0,0.00010433339116241561,0.0001015799168339285,0.0007577541725413843
3.6949999999999434,0.0,0.0,0.0,0.00010423165307585614,0.00010122230931368853,0.0007500883672589267
3.6999999999999433,0.0,0.0,0.0,0.00010411074548667156,0.00010051648488008979,0.0007521680586263264
3.7049999999999432,0.0,0.0,0.0,0.0001039770430122698,0.00010011979845117298,0.0007442210514428281
3.709999999999943,0.0,0.0,0.0,0.00010381431500779056,9.945895170671584e-05,0.000745086587986597
3.714999999999943,0.0,0.0,0.0,0.00010362178282016992,9.905909829410601e-05,0.0007389563787525971
3.719999999999943,0.0,0.0,0.0,0.00010348762083325906,9.846648555860747e-05,0.0007381409069028343
3.724999999999943,0.0,0.0,0.0,0.00010345612580545013,9.821804797592266e-05,0.0007319493682265776
3.7299999999999427,0.0,0.0,0.0,0.00010334528955673794,9.764523520514577e-05,0.0007320889257126619
3.7349999999999426,0.0,0.0,0.0,0.00010335713294926428,9.751739946001672e-05,0.0007257849859443822
3.7399999999999425,0.0,0.0,0.0,0.00010331506653376696,9.700151549944126e-05,0.000726506556441887
3.7449999999999424,0.0,0.0,0.0,0.00010334470844997692,9.6897837541594e-05,0.0007207753640947337
3.7499999999999423,0.0,0.0,0.0,0.00010339545650740262,9.64941825844167e-05,0.0007206417515400594
3.754999999999942,0.0,0.0,0.0,0.00010341720478779454,9.627832579090897e-05,0.0007167944633020302
3.759999999999942,0.0,0.0,0.0,0.00010329235347533247,9.572851260408022e-05,0.0007167875833583853
3.764999999999942,0.0,0.0,0.0,0.00010321820530666383,9.544991589640523e-05,0.0007123411971691171
3.769999999999942,0.0,0.0,0.0,0.00010305726183211926,9.478748503870015e-05,0.0007123436218499728
3.7749999999999417,0.0,0.0,0.0,0.0001029390635846017,9.443836382870591e-05,0.0007073363160367615
3.7799999999999416,0.0,0.0,0.0,0.00010277591146915436,9.37891497343203e-05,0.0007068334350561954
3.7849999999999415,0.0,0.0,0.0,0.00010263326066428309,9.347122939981623e-05,0.0007024870965561006
3.7899999999999414,0.0,0.0,0.0,0.00010253833727541853,9.306099709367174e-05,0.0007001133444653211
3.7949999999999413,0.0,0.0,0.0,0.00010249586849817424,9.284814016124398e-05,0.0006962602972597685
3.799999999999941,0.0,0.0,0.0,0.00010245094736233148,9.248130294793339e-05,0.0006947033225543456
3.804999999999941,0.0,0.0,0.0,0.00010248751287246792,9.214402065044452e-05,0.0006920226570641369
3.809999999999941,0.0,0.0,0.0,0.00010216381038770234,9.168069096219783e-05,0.000689542463771816
3.814999999999941,0.0,0.0,0.0,0.00010215400321047004,9.13843869498727e-05,0.0006864181345824529
3.8199999999999408,0.0,0.0,0.0,0.00010206035710413414,9.072549883349794e-05,0.0006856165395856739
3.8249999999999407,0.0,0.0,0.0,0.00010179964929877244,9.054921386773812e-05,0.0006800335222897427
3.8299999999999406,0.0,0.0,0.0,0.00010155992416217347,8.995537110081834e-05,0.0006794699430000745
3.8349999999999405,0.0,0.0,0.0,0.00010168875920360152,8.994277344594703e-05,0.000675276811299403
3.8399999999999403,0.0,0.0,0.0,0.00010168623366660207,8.935973407234926e-05,0.0006748655463741923
3.8449999999999402,0.0,0.0,0.0,0.00010189522980623361,8.911897897603347e-05,0.0006725904899073554
3.84999999999994,0.0,0.0,0.0,0.00010176436956199731,8.837501929708974e-05,0.0006713554937625418
3.85499999999994,0.0,0.0,0.0,0.00010154904995110358,8.828838155846289e-05,0.0006667932307128318
3.85999999999994,0.0,0.0,0.0,0.00010124775181171591,8.743999818954479e-05,0.0006647312275021765
3.86499999999994,0.0,0.0,0.0,0.00010105803875120981,8.721832863889128e-05,0.0006614848851729175
3.8699999999999397,0.0,0.0,0.0,0.00010094247175227174,8.689502527682649e-05,0.0006591681543579946
3.8749999999999396,0.0,0.0,0.0,0.00010094468672653703,8.674226226356559e-05,0.0006564306103491342
3.8799999999999395,0.0,0.0,0.0,0.00010099571964724054,8.633177274507058e-05,0.0006551562795264721
3.8849999999999394,0.0,0.0,0.0,0.00010084433936301108,8.608358131968985e-05,0.0006522140684661095
3.8899999999999393,0.0,0.0,0.0,0.00010100880424359745,8.552495724213251e-05,0.0006508898565503776
3.894999999999939,0.0,0.0,0.0,0.00010088044750786537,8.540727610239022e-05,0.0006473258485912687
3.899999999999939,0.0,0.0,0.0,0.00010058963625341296,8.502886071020439e-05,0.000644609407628507
3.904999999999939,0.0,0.0,0.0,0.00010046084202693835,8.490668579070672e-05,0.0006416655712604658
3.909999999999939,0.0,0.0,0.0,0.00010029368794258729,8.434670048663729e-05,0.0006402782107756276
3.9149999999999388,0.0,0.0,0.0,0.00010017692128876187,8.406797967136845e-05,0.0006372340529865966
3.9199999999999386,0.0,0.0,0.0,0.00010013735048235953,8.367449841731716e-05,0.0006354956670190139
3.9249999999999385,0.0,0.0,0.0,0.00010009267120124682,8.352607085072063e-05,0.0006320233015261198
3.9299999999999384,0.0,0.0,0.0,0.0001000417604595177,8.31562951881741e-05,0.0006309338390492306
3.9349999999999383,0.0,0.0,0.0,9.986795151548173e-05,8.311897242473259e-05,0.0006263643863197606
3.939999999999938,0.0,0.0,0.0,9.9655727547623e-05,8.259243001512954e-05,0.0006262402460821676
3.944999999999938,0.0,0.0,0.0,9.951403105289994e-05,8.235228534682755e-05,0.0006227303491329804
3.949999999999938,0.0,0.0,0.0,9.9381454269326e-05,8.163702764908179e-05,0.0006223378296051843
3.954999999999938,0.0,0.0,0.0,9.93518410046423e-05,8.127614384869977e-05,0.0006196115965972156
3.959999999999938,0.0,0.0,0.0,9.937243134884336e-05,8.049831411860834e-05,0.0006182516752389329
3.9649999999999377,0.0,0.0,0.0,9.934632190534936e-05,8.036064531344512e-05,0.0006145998484757263
3.9699999999999376,0.0,0.0,0.0,9.91101893411124e-05,7.987707883463726e-05,0.0006115503445033346
3.9749999999999375,0.0,0.0,0.0,9.886881232967952e-05,8.020646988052683e-05,0.0006077365181443493
3.9799999999999374,0.0,0.0,0.0,9.865223945956992e-05,7.983920444151089e-05,0.0006057573300036437
3.9849999999999373,0.0,0.0,0.0,9.865255401702902e-05,7.971437493608664e-05,0.0006048114258476502
3.989999999999937,0.0,0.0,0.0,9.860435876494201e-05,7.926568120231077e-05,0.0006033114288942612
3.994999999999937,0.0,0.0,0.0,9.857455003727248e-05,7.926691688862757e-05,0.0006011566698942462
3.999999999999937,0.0,0.0,0.0,9.849132133631067e-05,7.840283147793967e-05,0.0006007370483112601
4.004999999999937,0.0,0.0,0.0,9.849401765448151e-05,7.831868733253181e-05,0.0005976613533791478
4.009999999999937,0.0,0.0,0.0,9.838048448380547e-05,7.749583901227211e-05,0.0005967531955264424
4.014999999999937,0.0,0.0,0.0,9.835932160638673e-05,7.735434957006237e-05,0.0005926611123540335
4.0199999999999365,0.0,0.0,0.0,9.80560771057714e-05,7.700572511816385e-05,0.0005899795094970536
4.024999999999936,0.0,0.0,0.0,9.794395067951166e-05,7.689758486765517e-05,0.0005864994043014544
4.029999999999936,0.0,0.0,0.0,9.771898095570485e-05,7.638468000261472e-05,0.0005854806091131973
4.034999999999936,0.0,0.0,0.0,9.753470470366333e-05,7.639246955735286e-05,0.0005810620727477666
4.039999999999936,0.0,0.0,0.0,9.732754932302526e-05,7.581991557050448e-05,0.0005809276957191954
4.044999999999936,0.0,0.0,0.0,9.715388197571087e-05,7.579368604799331e-05,0.0005767621951479267
4.049999999999936,0.0,0.0,0.0,9.698449100476453e-05,7.52528583032861e-05,0.0005769458632615644
4.054999999999936,0.0,0.0,0.0,9.695215463478794e-05,7.540339615426514e-05,0.0005719407695035625
4.059999999999936,0.0,0.0,0.0,9.702865691551455e-05,7.481209612042664e-05,0.0005740897307796441
4.0649999999999356,0.0,0.0,0.0,9.701297769562936e-05,7.454617482098481e-05,0.0005713377470621699
4.0699999999999354,0.0,0.0,0.0,9.68404043169357e-05,7.429620214345987e-05,0.0005697893908752589
4.074999999999935,0.0,0.0,0.0,9.663347044283041e-05,7.403939717754227e-05,0.0005666748063987124
4.079999999999935,0.0,0.0,0.0,9.664423021334084e-05,7.374737070774072e-05,0.000565845829410262
4.084999999999935,0.0,0.0,0.0,9.653873960244486e-05,7.357195500153081e-05,0.0005621135209402067
4.089999999999935,0.0,0.0,0.0,9.64562443070373e-05,7.334692672588058e-05,0.0005613283666341326
4.094999999999935,0.0,0.0,0.0,9.625951181369622e-05,7.315521851151119e-05,0.0005575075267471811
4.099999999999935,0.0,0.0,0.0,9.604600432323351e-05,7.2829609949357e-05,0.0005567610435122066
4.104999999999935,0.0,0.0,0.0,9.586225868123627e-05,7.249449268454273e-05,0.0005531601000456851
4.109999999999935,0.0,0.0,0.0,9.571937000714144e-05,7.210955936482403e-05,0.0005530934265072617
4.1149999999999345,0.0,0.0,0.0,9.550738176345598e-05,7.176374190153795e-05,0.0005486718986070755
4.119999999999934,0.0,0.0,0.0,9.538529591183045e-05,7.144942538873806e-05,0.0005487062720723149
4.124999999999934,0.0,0.0,0.0,9.522398826701756e-05,7.119320174941827e-05,0.0005441292462551083
4.129999999999934,0.0,0.0,0.0,9.516537856639935e-05,7.099681232377482e-05,0.0005441365032617685
4.134999999999934,0.0,0.0,0.0,9.508855744439034e-05,7.078884953793325e-05,0.0005399108369918931
4.139999999999934,0.0,0.0,0.0,9.503016742543974e-05,7.059269846375675e-05,0.0005411861085640808
4.144999999999934,0.0,0.0,0.0,9.48782588767619e-05,7.025111030035178e-05,0.00053672366207721
4.149999999999934,0.0,0.0,0.0,9.477879565030117e-05,7.0025736751138e-05,0.0005379894476178341
4.154999999999934,0.0,0.0,0.0,9.457516126615915e-05,6.95983170816311e-05,0.000533282250136593
4.1599999999999335,0.0,0.0,0.0,9.438240571493451e-05,6.927572063270348e-05,0.0005337845118981229
4.164999999999933,0.0,0.0,0.0,9.408380172242953e-05,6.884027523831148e-05,0.0005285130839930166
4.169999999999933,0.0,0.0,0.0,9.393957708001555e-05,6.859445598506562e-05,0.0005286711497357838
4.174999999999933,0.0,0.0,0.0,9.382743588712305e-05,6.82623400661068e-05,0.0005235387362488911
4.179999999999933,0.0,0.0,0.0,9.380028179551963e-05,6.827200046589043e-05,0.0005236739408696989
4.184999999999933,0.0,0.0,0.0,9.373385247816486e-05,6.803620082630978e-05,0.0005191053639579747
4.189999999999933,0.0,0.0,0.0,9.37452367660869e-05,6.811865232433227e-05,0.0005199095062458367
4.194999999999933,0.0,0.0,0.0,9.374256020911037e-05,6.796854171709178e-05,0.0005163380049924582
4.199999999999933,0.0,0.0,0.0,9.36958668891134e-05,6.784752275931923e-05,0.0005185388676580599
4.204999999999933,0.0,0.0,0.0,9.354274551181781e-05,6.73389881399713e-05,0.000514568979111338
4.2099999999999325,0.0,0.0,0.0,9.348144469757166e-05,6.738239877122932e-05,0.0005155312072060468
4.214999999999932,0.0,0.0,0.0,9.323926264525375e-05,6.681310625312113e-05,0.0005108495132317077
4.219999999999932,0.0,0.0,0.0,9.30557597518681e-05,6.674902475392861e-05,0.000511654577084402
4.224999999999932,0.0,0.0,0.0,9.283575620920146e-05,6.646595074983202e-05,0.0005065355754462212
4.229999999999932,0.0,0.0,0.0,9.267115911538278e-05,6.61707422295021e-05,0.0005058115213917238
4.234999999999932,0.0,0.0,0.0,9.247720536323114e-05,6.579324816110961e-05,0.0005015907140405204
4.239999999999932,0.0,0.0,0.0,9.225605644497873e-05,6.552507301641509e-05,0.0005011981804557026
4.244999999999932,0.0,0.0,0.0,9.21398246651127e-05,6.519888659769813e-05,0.0004974810191469706
4.249999999999932,0.0,0.0,0.0,9.208164713255112e-05,6.488692254170462e-05,0.0004971478135363287
4.2549999999999315,0.0,0.0,0.0,9.182567368080368e-05,6.489003755250127e-05,0.000493042779724683
4.259999999999931,0.0,0.0,0.0,9.164985928723242e-05,6.446182499317422e-05,0.0004935535306796956
4.264999999999931,0.0,0.0,0.0,9.165035540462785e-05,6.429888140747701e-05,0.0004910253387503491
4.269999999999931,0.0,0.0,0.0,9.146146980873315e-05,6.384364633932952e-05,0.0004912380541758949
4.274999999999931,0.0,0.0,0.0,9.12272826262873e-05,6.369592310431081e-05,0.0004875382862463143
4.279999999999931,0.0,0.0,0.0,9.123469776849919e-05,6.309912566820006e-05,0.0004891124952325068
4.284999999999931,0.0,0.0,0.0,9.108573598186666e-05,6.29491350651973e-05,0.0004844292537956511
4.289999999999931,0.0,0.0,0.0,9.08872433453827e-05,6.275064097883065e-05,0.00048330494275048504
4.294999999999931,0.0,0.0,0.0,9.083965193417331e-05,6.277787824174886e-05,0.00047963035876983625
4.2999999999999305,0.0,0.0,0.0,9.06811827159482e-05,6.24403870557618e-05,0.00047919480339672914
4.30499999999993,0.0,0.0,0.0,9.057539262172257e-05,6.241201801813337e-05,0.00047661332692807275
4.30999999999993,0.0,0.0,0.0,9.036099927900131e-05,6.18979945676136e-05,0.0004762318791206149
4.31499999999993,0.0,0.0,0.0,9.020728252263006e-05,6.167391459933595e-05,0.0004742796771862637
4.31999999999993,0.0,0.0,0.0,9.005470859200212e-05,6.109383530444815e-05,0.00047311613153761445
4.32499999999993,0.0,0.0,0.0,9.004136557112956e-05,6.12627849008444e-05,0.000470782886989682
4.32999999999993,0.0,0.0,0.0,8.990691844035462e-05,6.07841867970614e-05,0.0004691213435918431
4.33499999999993,0.0,0.0,0.0,8.967020855489765e-05,6.059265420924932e-05,0.000467289425863926
4.33999999999993,0.0,0.0,0.0,8.949520004082254e-05,6.0354616453872525e-05,0.00046555998287255135
4.34499999999993,0.0,0.0,0.0,8.927740926174275e-05,6.017860889797775e-05,0.00046350971498891543
4.3499999999999295,0.0,0.0,0.0,8.909294217043167e-05,5.9859124304164744e-05,0.0004616645700919838
4.354999999999929,0.0,0.0,0.0,8.886752741474583e-05,5.965169921854853e-05,0.0004597817098231649
4.359999999999929,0.0,0.0,0.0,8.880913144732442e-05,5.9360168973389975e-05,0.00045851271775531515
4.364999999999929,0.0,0.0,0.0,8.873564818828504e-05,5.9352311614589245e-05,0.0004562696962297034
4.369999999999929,0.0,0.0,0.0,8.875517441175903e-05,5.912736922372983e-05,0.00045455370914857033
4.374999999999929,0.0,0.0,0.0,8.869505336169053e-05,5.927886924182903e-05,0.0004532456835511813
4.379999999999929,0.0,0.0,0.0,8.858425041537617e-05,5.8951024608229285e-05,0.00045164461798556817
4.384999999999929,0.0,0.0,0.0,8.84494861408441e-05,5.8952543284699225e-05,0.00045055797838216384
4.389999999999929,0.0,0.270599365234375,0.0,0.0159942189244723,0.023588670098957154,0.07836339320780053
4.3949999999999285,0.0,0.380401611328125,0.0,0.03633447526529661,0.04892974813242837,0.24709021203155107
4.399999999999928,0.0,0.396087646484375,0.0,0.038572736575033705,0.05624610647493092,0.34681769985419436
4.404999999999928,0.0,0.490203857421875,0.0,0.05423873541511084,0.08412506930042044,0.3410673571365472
4.409999999999928,0.0,0.60784912109375,0.0,0.07597958747437372,0.10663052631533071,0.3490954647164785
4.414999999999928,0.0,1.0,0.0,0.10624481573145662,0.13857463588451854,0.33800762465700884
4.419999999999928,0.0,1.0,0.0,0.14165360484029269,0.1501418719006178,0.3280449925689446
4.424999999999928,0.0,1.0,0.0,0.14660192345442663,0.14720802544127698,0.3719708664242773
4.429999999999928,0.0,1.0,0.0,0.1539058916172921,0.14058726604572153,0.2380634689868594
4.434999999999928,0.0,1.0,0.0,0.15928430688002318,0.1392133869974035,0.16130733376196654
4.439999999999928,0.0,1.0,0.0,0.1667012398724838,0.1322598341180488,0.1522907172400556
4.4449999999999275,0.0,1.0,0.0,0.18502463435455507,0.11934958764635631,0.1864012983744374
4.449999999999927,0.0,1.0,0.0,0.20446371188554419,0.10650517501804792,0.20807789298413765
4.454999999999927,0.0,1.0,0.0,0.22311018443413583,0.09277628547284751,0.23496656210451483
4.459999999999927,0.0,1.0,0.0,0.21823687429263353,0.0826641973102045,0.0639420146342945
4.464999999999927,0.0,1.0,0.0,0.2229779919171613,0.07552605117269999,0.10681196152303268
4.469999999999927,0.0,1.0,0.0,0.24173785561465433,0.059165685323238876,0.1526959298787765
4.474999999999927,0.0,1.0,0.0,0.2593564281788177,0.04286405587289659,0.19519097404455923
4.479999999999927,0.0,1.0,0.0,0.275632096312487,0.026695160446120626,0.23402954877460674
4.484999999999927,0.0,1.0,0.0,0.279728603917704,0.020668947299859863,0.22845336764011673
4.4899999999999265,0.0,1.0,0.0,0.26944690313246633,0.020892976920903514,0.42825453201582453
4.494999999999926,0.0,1.0,0.0,0.27869292225796105,-0.03369262873778271,0.45928618535961296
4.499999999999926,0.0,1.0,0.0,0.28016837878529666,-0.06330622363039431,0.6303919501890236
4.504999999999926,0.0,1.0,0.0,0.2870829813733473,-0.06214047525450592,0.514329510497536
4.509999999999926,0.0,1.0,0.0,0.2928004048738057,-0.059392514811197,0.43427142480989644
4.514999999999926,0.0,1.0,0.0,0.2968815056550208,-0.05456295163026891,0.3866888448562137
4.519999999999926,0.0,1.0,0.0,0.2998186907262171,-0.04873299556296238,0.34749511287442514
4.524999999999926,0.0,1.0,0.0,0.30117698037077195,-0.041951943715604734,0.3211908555250612
4.529999999999926,0.0,1.0,0.0,0.29893406212395374,-0.030404246061054394,0.2734601586355894
4.5349999999999255,0.0,1.0,0.0,0.2972052673648342,-0.02182289688847646,0.23896301972145018
4.539999999999925,0.0,1.0,0.0,0.28956514780442244,-0.008626687607103624,0.1907209329833338
4.544999999999925,0.0,1.0,0.0,0.27969450483977665,-0.0009867153301297855,0.14970205746288684
4.549999999999925,0.0,1.0,0.0,0.3075241539441867,0.08131405891495451,1.059585914102962
4.554999999999925,0.0,1.0,0.0,0.30955222063559,0.09468109903108463,0.3506441921241361
4.559999999999925,0.0,1.0,0.0,0.32831093443860243,0.098907663831169,0.10106917584161185
4.564999999999925,0.0,1.0,0.0,0.34130080818770414,0.10206938995162358,0.008920641791938924
4.569999999999925,0.0,1.0,0.0,0.3494487355681524,0.107132099574464,-0.03734739515318782
4.574999999999925,0.0,1.0,0.0,0.35369925411738345,0.11106286262684847,-0.03388879726083698
4.579999999999925,0.0,1.0,0.0,0.35676989267836584,0.11366584569643856,-0.02657515972718144
4.5849999999999245,0.0,1.0,0.0,0.3562342231531065,0.14391802425893843,0.3090572181109206
4.589999999999924,0.0,1.0,0.0,0.35992386229529594,0.14457898461596444,0.05135709272027794
4.594999999999924,0.0,1.0,0.0,0.36800596564900956,0.14992501445299874,0.24426920426134696
4.599999999999924,0.0,1.0,0.0,0.36105563851522066,0.14938552257631244,0.35071015215482026
4.604999999999924,0.0,1.0,0.0,0.36188225400088136,0.1367631780821784,0.27010469750321997
4.609999999999924,0.0,1.0,0.0,0.3580936419466465,0.1272899292153341,0.24855601996947385
4.614999999999924,0.0,1.0,0.0,0.3514073462773731,0.11755054858739906,0.2964399178678809
4.619999999999924,0.0,1.0,0.0,0.3366957354054394,0.11646678062888989,0.18425793431112336
4.624999999999924,0.0,1.0,0.0,0.3244890203925089,0.11210592563787428,0.16935209988685893
4.6299999999999235,0.0,1.0,0.0,0.3142458907412218,0.10404763458090013,0.22639434680404574
4.634999999999923,0.0,1.0,0.0,0.30920359656316443,0.10136228356164853,0.2534840575701922
4.639999999999923,0.0,1.0,0.0,0.3045136990622902,0.09914153086330474,0.2716355530055457
4.644999999999923,0.0,1.0,0.0,0.30008925825812616,0.0973519557330918,0.2820850528344396
4.649999999999923,0.0,1.0,0.0,0.2959041249515741,0.09594963472807033,0.28530677437564794
4.654999999999923,0.0,1.0,0.0,0.29202295422419483,0.09489708983949721,0.2808830069757576
4.659999999999923,0.0,1.0,0.0,0.2819613527147743,0.10096084205390844,0.15690079278141184
4.664999999999923,0.0,1.0,0.0,0.2749921426323618,0.10577960472979703,0.08552348586886065
4.669999999999923,0.0,1.0,0.0,0.2688997034986329,0.10935498464397378,0.04050359798426261
4.6749999999999226,0.0,1.0,0.0,0.2655524949018448,0.11399819002226166,0.005615317353482231
4.6799999999999224,0.0,1.0,0.0,0.2207654688997456,0.1372047250467455,1.0107874187056232
4.684999999999922,0.0,1.0,0.0,0.3033552904324846,0.15613756040547183,1.2083877576797013
4.689999999999922,0.0,1.0,0.0,0.321992697589675,0.1704192539357107,0.48470964697622543
4.694999999999922,0.0,1.0,0.0,0.3280109728745146,0.17610447488505604,0.3356000513554507
4.699999999999922,0.0,1.0,0.0,0.3464410592735143,0.17480534818413648,0.33213867366510047
4.704999999999922,0.0,1.0,0.0,0.35705031981551927,0.18780029698959844,0.19415759441772396
4.709999999999922,0.0,1.0,0.0,0.3634613422519341,0.19221464477386555,0.2065756014103286
4.714999999999922,0.0,1.0,0.0,0.36933973400115133,0.20830600960576345,0.08853876513291604
4.719999999999922,0.0,1.0,0.0,0.37942725445896847,0.23860537460095793,0.2887507431784705
4.7249999999999215,0.0,1.0,0.0,0.3839455044677872,0.24644778201071282,0.1824067771279176
4.729999999999921,0.0,1.0,0.0,0.3513575855470583,0.2839228001905549,0.3541002025383073
4.734999999999921,0.0,1.0,0.0,0.3966724206204226,0.2966344139664947,-0.16090503372348997
4.739999999999921,0.0,1.0,0.0,0.3870711974690167,0.2785094759597155,0.13329113795302955
4.744999999999921,0.0,1.0,0.0,0.3847585855192389,0.27519412053107173,0.19688591436519975
4.749999999999921,0.0,1.0,0.0,0.37909015757060177,0.27366390471929397,0.24958838896303612
4.754999999999921,0.0,1.0,0.0,0.38005223612693195,0.27118621340599947,0.19155120218029595
4.759999999999921,0.0,1.0,0.0,0.3799337018552233,0.27589512049671605,0.18987637676720953
4.764999999999921,0.0,1.0,0.0,0.37595313777330486,0.2716397914791323,0.18474977673044826
4.7699999999999205,0.0,1.0,0.0,0.3683670516914517,0.2592965962112255,0.18507358179871178
4.77499999999992,0.0,1.0,0.0,0.3605400452262965,0.2508973346978862,0.12967616898805817
4.77999999999992,0.0,1.0,0.0,0.35115792793688766,0.24608569785007864,0.13272605970179388
4.78499999999992,0.0,1.0,0.0,0.3410790203424068,0.24301995114925562,0.14173249222573395
4.78999999999992,0.0,1.0,0.0,0.33015569876414186,0.24089173517286008,0.13916738271493861
4.79499999999992,0.0,1.0,0.0,0.31881581227466516,0.23950470927897421,0.13003413288394838
4.79999999999992,0.0,1.0,0.0,0.31480414590326805,0.23799843540133508,0.1665316721547986
4.80499999999992,0.0,1.0,0.0,0.31088821279818907,0.23703889359927585,0.18629387450267332
4.80999999999992,0.0,1.0,0.0,0.30712030352377034,0.23655968912803335,0.19223454629229922
4.81499999999992,0.0,1.0,0.0,0.30737735490513246,0.2072264253646719,0.5172755957732998
4.8199999999999195,0.0,1.0,0.0,0.30547719457575806,0.19066622437997072,0.6363667822440094
4.824999999999919,0.0,1.0,0.0,0.30157788966239857,0.19268406614052971,0.518791451204594
4.829999999999919,0.0,1.0,0.0,0.2985903684249773,0.19435421867073469,0.42265528934492624
4.834999999999919,0.0,1.0,0.0,0.2965568998640141,0.19584759076262573,0.34269238657841294
4.839999999999919,0.0,1.0,0.0,0.30755710940994807,0.19116484264771988,0.21310786332743586
4.844999999999919,0.0,1.0,0.0,0.29753079378669833,0.17538316663387693,0.16319961005030198
4.849999999999919,0.0,1.0,0.0,0.3136657185552761,0.1727523014774773,0.029742707111425792
4.854999999999919,0.0,1.0,0.0,0.3205333082971251,0.13886131058104234,0.25983582096570323
4.859999999999919,0.0,1.0,0.0,0.35372515799457394,0.16464539643777654,0.3051419478130995
4.8649999999999185,0.0,1.0,0.0,0.336966348933902,0.16980510659938539,0.16547813275295362
4.869999999999918,0.0,1.0,0.0,0.3016547075913906,0.18035239122789648,0.23603416252095477
4.874999999999918,0.0,1.0,0.0,0.29323971870684284,0.20898547641281437,-0.13731122634445936
4.879999999999918,0.0,1.0,0.0,0.28502778229515513,0.2350820313588499,0.1009442728436454
4.884999999999918,0.0,1.0,0.0,0.2880243916102701,0.24239740803727444,0.11399962803898869
4.889999999999918,0.0,1.0,0.0,0.2962213527367949,0.24703653272931864,0.17296018011662545
4.894999999999918,0.0,1.0,0.0,0.3049694268000272,0.24711222703310218,0.22313316454052928
4.899999999999918,0.0,1.0,0.0,0.30317490238173805,0.27319304142107276,0.032676540238922885
4.904999999999918,0.0,1.0,0.0,0.31286806781755494,0.2661725390878219,-0.03537397171167486
4.9099999999999175,0.0,1.0,0.0,0.3106476825989555,0.2500677633228424,-0.06790212709620827
4.914999999999917,0.0,1.0,0.0,0.3228540292318341,0.24211201248867797,-0.09960205082459628
4.919999999999917,0.0,1.0,0.0,0.32059951223448807,0.22344595170821765,-0.015077380973354676
4.924999999999917,0.0,1.0,0.0,0.31218009296071747,0.21277500984190545,0.022779733556980444
4.929999999999917,0.0,1.0,0.0,0.30457807778493867,0.19917750218823754,0.15234774865205813
4.934999999999917,0.0,1.0,0.0,0.2955885824056067,0.1923932277582756,0.23676397970917595
4.939999999999917,0.0,1.0,0.0,0.28824331283838467,0.18339764557721353,0.34283199544052645
4.944999999999917,0.0,1.0,0.0,0.2768086737250564,0.17991608797323566,0.36972082915467613
4.949999999999917,0.0,1.0,0.0,0.2723054257390839,0.17819896074396677,0.3879459981263743
4.954999999999917,0.0,1.0,0.0,0.26870946935995144,0.17935473807029698,0.377913174643717
4.9599999999999165,0.0,1.0,0.0,0.26601119147349755,0.1807529824995827,0.37064952459471284
4.964999999999916,0.0,1.0,0.0,0.26391133293573404,0.182252901224783,0.3633072804507097
4.969999999999916,0.0,1.0,0.0,0.26219673807513205,0.1837756537613949,0.35345490716987193
4.974999999999916,0.0,1.0,0.0,0.26079673976187756,0.1852781961405722,0.33958821807636513
4.979999999999916,0.0,1.0,0.0,0.2597717036711459,0.18678403199414648,0.3212377543641543
4.984999999999916,0.0,1.0,0.0,0.2592977965383541,0.18838765087429865,0.2988060729484396
4.989999999999916,0.0,1.0,0.0,0.2596361900721325,0.19022229566651594,0.27335203356385246
4.994999999999916,0.0,1.0,0.0,0.26545692132103416,0.18043886054803132,0.1787153298427565
4.999999999999916,0.0,1.0,0.0,0.3462007289038605,0.1883049815442218,0.8076276649543405
5.0049999999999155,0.0,1.0,0.0,0.3551666577891089,0.2177498162904619,0.18780357918781154
5.009999999999915,0.0,1.0,0.0,0.32662615333717815,0.18747803307065203,0.11497885676253071
5.014999999999915,0.0,1.0,0.0,0.3082802989626124,0.18324216097585702,0.25223613261999417
5.019999999999915,0.0,1.0,0.0,0.3102702251899455,0.15849062562268548,0.1792759791920584
5.024999999999915,0.0,1.0,0.0,0.30914309974435517,0.15215844597696165,0.14528127503518307
5.029999999999915,0.0,1.0,0.0,0.32464408106456566,0.16861464884140484,0.16262217834354736
5.034999999999915,0.0,1.0,0.0,0.26504713884761366,0.18146349120407612,-0.32845224655132776
5.039999999999915,0.0,1.0,0.0,0.2528724061713327,0.19282726246233986,0.2373891793488453
5.044999999999915,0.0,1.0,0.0,0.24265039241986158,0.18838087952429602,-0.14157764641818615
5.049999999999915,0.0,1.0,0.0,0.28232327613907227,0.19355437182219584,0.04505344226848221
5.0549999999999145,0.0,1.0,0.0,0.28647388680900576,0.19447267577069335,0.0011210594007766486
5.059999999999914,0.0,1.0,0.0,0.29646895248097566,0.19928121361900336,0.03439129298343454
5.064999999999914,0.0,1.0,0.0,0.30287966558371227,0.19614054642473056,0.10032967446917357
5.069999999999914,0.0,1.0,0.0,0.3057891315113334,0.19192976268454118,0.12574312472548935
5.074999999999914,0.0,1.0,0.0,0.30120461151077826,0.19194102544839975,0.058477094137617994
5.079999999999914,0.0,1.0,0.0,0.29911047482108155,0.1859081207318307,-0.00628230904289126
5.084999999999914,0.0,1.0,0.0,0.29122629280125506,0.17312952722998043,0.05586304133544203
5.089999999999914,0.0,1.0,0.0,0.28313274268826943,0.16520296627297895,0.09685753783893084
5.094999999999914,0.0,1.0,0.0,0.2762629319491027,0.15495936676914676,0.2033955813394643
5.0999999999999135,0.0,1.0,0.0,0.2691451115095509,0.15077172583700924,0.24679536338164346
5.104999999999913,0.0,1.0,0.0,0.2628006602184734,0.14728433558653334,0.290022355962302
5.109999999999913,0.0,1.0,0.0,0.2575643543384074,0.14783234027647132,0.2854969101456412
5.114999999999913,0.0,1.0,0.0,0.2531461908468014,0.14880729798373216,0.2853950802414661
5.119999999999913,0.0,1.0,0.0,0.2493742800671077,0.1500143088896373,0.2864111306668277
5.124999999999913,0.0,1.0,0.0,0.24606133825242882,0.151278381207255,0.286296291943222
5.129999999999913,0.0,1.0,0.0,0.24305448286628564,0.1524983678072274,0.2833415231471544
5.134999999999913,0.0,1.0,0.0,0.2402430434470198,0.15363335841947615,0.2754974181301863
5.139999999999913,0.0,1.0,0.0,0.23760386087960206,0.15470159862764782,0.26151840017628825
5.1449999999999125,0.0,1.0,0.0,0.2352580870632301,0.15579343934658624,0.24104194616458904
5.149999999999912,0.0,1.0,0.0,0.23346282367682458,0.157050299003494,0.21473326018189884
5.154999999999912,0.0,1.0,0.0,0.23896071743871297,0.17832085053060748,0.05157958418630301
5.159999999999912,0.0,1.0,0.0,0.24484639076699713,0.19093969097118624,0.01176912749968817
5.164999999999912,0.0,1.0,0.0,0.2457215105734684,0.20050549094332748,-0.03766681548171802
5.169999999999912,0.0,1.0,0.0,0.3620018893096025,0.24065758929487183,-1.3456809294134202
5.174999999999912,0.0,1.0,0.0,0.3311390064182817,0.22973532335805955,-0.43682765097071774
5.179999999999912,0.0,1.0,0.0,0.334959878745231,0.22086309375088942,-0.27012240090871154
5.184999999999912,0.0,1.0,0.0,0.32979198453525055,0.21088101205658186,-0.02362034173353922
5.189999999999912,0.0,1.0,0.0,0.31766819512689215,0.20650625211223023,0.044229569492251666
5.1949999999999115,0.0,1.0,0.0,0.2927772344936452,0.18706398194240179,0.42340657719647423
5.199999999999911,0.0,1.0,0.0,0.27543764480038435,0.19248563290152207,0.7664296008435549
5.204999999999911,0.0,1.0,0.0,0.27585091656669436,0.1809421543031135,0.41353177539360525
5.209999999999911,0.0,1.0,0.0,0.2856138575908259,0.17809048859290186,0.1479967549913303
5.214999999999911,0.0,1.0,0.0,0.29022562008283465,0.1793936761257681,0.04875741159624962
5.219999999999911,0.0,1.0,0.0,0.30329761994042875,0.18375359865206523,0.03342457136879335
5.224999999999911,0.0,1.0,0.0,0.3158049795493399,0.1875659702128785,-0.12343483515795975
5.229999999999911,0.0,1.0,0.0,0.32088684607161044,0.1876105822428947,-0.1105240049280679
5.234999999999911,0.0,1.0,0.0,0.3264897442994294,0.19300608747311537,-0.11765815225918069
5.2399999999999105,0.0,1.0,0.0,0.33272317417357267,0.19127008430856082,-0.12637844280392338
5.24499999999991,0.0,1.0,0.0,0.3327579490767743,0.18980647246234805,-0.17360339408699454
5.24999999999991,0.0,1.0,0.0,0.3251687722398217,0.18431939201138342,-0.1555346718745267
5.25499999999991,0.0,1.0,0.0,0.31506133396736596,0.18004733717918456,-0.10847422381685434
5.25999999999991,0.0,1.0,0.0,0.3070991124421593,0.17534091708945432,-0.0741719855144231
5.26499999999991,0.0,1.0,0.0,0.29845447641231837,0.16978278299076513,-0.050161159806578426
5.26999999999991,0.0,1.0,0.0,0.2917896419347703,0.16426960514496106,-0.07988018847619127
5.27499999999991,0.0,1.0,0.0,0.2861076520003006,0.16033142870101322,-0.07209165014439012
5.27999999999991,0.0,1.0,0.0,0.27446992450089264,0.15302315119216056,-0.004600957632316147
5.2849999999999095,0.0,1.0,0.0,0.26686396300731635,0.14706330844092735,0.08205269505583938
5.289999999999909,0.0,1.0,0.0,0.2620034813594004,0.14677721967433413,0.08878427130231942
5.294999999999909,0.0,1.0,0.0,0.2553835568066768,0.14526388241052,0.09685995636907385
5.299999999999909,0.0,1.0,0.0,0.24921796409956248,0.14453436926871097,0.09849643425435309
5.304999999999909,0.0,1.0,0.0,0.24278570669893876,0.14503622299187607,0.0823234890145142
5.309999999999909,0.0,1.0,0.0,0.23721399525922426,0.1471039172464584,0.0541254401860837
5.314999999999909,0.0,1.0,0.0,0.23262688035726792,0.149919204189402,0.022281278793884675
5.319999999999909,0.0,1.0,0.0,0.22858068248065003,0.1533810808945962,-0.016635389741585925
5.324999999999909,0.0,1.0,0.0,0.22512089294077708,0.15735695550953288,-0.05958433370679336
5.329999999999909,0.0,1.0,0.0,0.22263347033043474,0.16164093493859485,-0.10289005148692924
5.3349999999999085,0.0,1.0,0.0,0.2215610392690647,0.16608942065952137,-0.14237001568501656
5.339999999999908,0.0,1.0,0.0,0.22226178764495372,0.17831385351062756,-0.4082722180097657
5.344999999999908,0.0,1.0,0.0,0.26423608976371743,0.16072588403983604,0.09870910181271059
5.349999999999908,0.0,1.0,0.0,0.2725538528739083,0.14995097970420107,0.16695061533897643
5.354999999999908,0.0,1.0,0.0,0.2486643851301058,0.12557065229675038,0.14323037623660198
5.359999999999908,0.0,1.0,0.0,0.2841851571279805,0.10891971437382215,0.5502707225132226
5.364999999999908,0.0,1.0,0.0,0.2755160723978159,0.10116447318223631,0.29066879478915736
5.369999999999908,0.0,1.0,0.0,0.3296465901681854,0.13596810940220802,-0.17950206088708393
5.374999999999908,0.0,1.0,0.0,0.30974704164597094,0.14194071034908215,-0.11645477867794286
5.3799999999999075,0.0,1.0,0.0,0.29554812715130657,0.1727230020464129,-0.007070926791271359
5.384999999999907,0.0,1.0,0.0,0.2941664504685109,0.18000470654327771,-0.12412781205350878
5.389999999999907,0.0,1.0,0.0,0.29912318702654533,0.17955934358462444,-0.1076504410323264
5.394999999999907,0.0,1.0,0.0,0.3155880974650299,0.20303227369254057,-0.09606203735731933
5.399999999999907,0.0,1.0,0.0,0.3317156801622531,0.1992688356183057,-0.2511439381644085
5.404999999999907,0.0,1.0,0.0,0.33207149589777835,0.19166790160656635,-0.30473671851328443
5.409999999999907,0.0,1.0,0.0,0.34296696707098184,0.17822405897239324,-0.38731136605038663
5.414999999999907,0.0,1.0,0.0,0.34026027272894166,0.16916493921714862,-0.327153193131748
5.419999999999907,0.0,1.0,0.0,0.32899459963297095,0.1525169968632395,-0.12514693811311806
5.424999999999907,0.0,1.0,0.0,0.3336278479527715,0.14484370881153946,-0.12123706773978686
5.4299999999999065,0.0,1.0,0.0,0.33009043621335554,0.13195167527085705,0.020556183338159575
5.434999999999906,0.0,1.0,0.0,0.31930657160738446,0.12346983354026171,0.15402271074237245
5.439999999999906,0.0,1.0,0.0,0.31184182484719836,0.1208918428817457,0.188053927737017
5.444999999999906,0.0,1.0,0.0,0.30547942420228646,0.12045404235076576,0.20306392043331442
5.449999999999906,0.0,1.0,0.0,0.30008449662158476,0.12115111676670555,0.21042093854955665
5.454999999999906,0.0,1.0,0.0,0.2954863908783211,0.12245592745408243,0.2143895352482658
5.459999999999906,0.0,1.0,0.0,0.2914953930291399,0.12419838436343754,0.2143233787060012
5.464999999999906,0.0,1.0,0.0,0.288020528627425,0.1259450612277718,0.21415927091445702
5.469999999999906,0.0,1.0,0.0,0.28468415301544314,0.12796334939648188,0.20914459431514043
5.4749999999999055,0.0,1.0,0.0,0.2812537760737889,0.12980906302571635,0.20686867122989205
5.479999999999905,0.0,1.0,0.0,0.2801297709128179,0.13236194717443334,0.17923551932662174
5.484999999999905,0.0,1.0,0.0,0.2852706234228929,0.12611993286659115,0.079182763681338
5.489999999999905,0.0,1.0,0.0,0.2918265599248095,0.11381055698376463,-0.05193808191442065
5.494999999999905,0.0,1.0,0.0,0.3028939744807869,0.11224354469506098,-0.09081504548080774
5.499999999999905,0.0,1.0,0.0,0.3112626676228492,0.10840701542415017,-0.12263259722153838
5.504999999999905,0.0,1.0,0.0,0.26829600383195634,0.1010981207478147,-0.5824364994502091
5.509999999999905,0.0,1.0,0.0,0.2783423037374012,0.08271894427358821,-0.2786072841217518
5.514999999999905,0.0,1.0,0.0,0.22563518195344134,0.08318132412985343,0.4778602886288374
5.5199999999999045,0.0,1.0,0.0,0.2556381242316512,0.09832951384598669,0.0013373445157515151
5.524999999999904,0.0,1.0,0.0,0.25718483217776344,0.10091801298377173,-0.032442305098431365
5.529999999999904,0.0,1.0,0.0,0.25761952808685457,0.11511494933754081,-0.04152308970735193
5.534999999999904,0.0,1.0,0.0,0.2631671014000062,0.15356695413736615,-0.21068350864374152
5.539999999999904,0.0,1.0,0.0,0.25005707344606914,0.15549121136210284,-0.2515717983435155
5.544999999999904,0.0,1.0,0.0,0.23774294001526658,0.15803600033393167,-0.29958608573338413
5.549999999999904,0.0,1.0,0.0,0.23340796065164426,0.15621046925715346,-0.1435128860462967
5.554999999999904,0.0,1.0,0.0,0.2252972032558351,0.15571805541246597,-0.13629858200718517
5.559999999999904,0.0,1.0,0.0,0.2250289638770654,0.1456907448231399,-0.15642278831026246
5.564999999999904,0.0,1.0,0.0,0.22782733451929013,0.1335040192069394,-0.10014864636819726
5.5699999999999035,0.0,1.0,0.0,0.22426852289508206,0.12289234332079134,-0.024112324657961162
5.574999999999903,0.0,1.0,0.0,0.21747128098739307,0.11105150672534167,0.07766777683898875
5.579999999999903,0.0,1.0,0.0,0.2093930780966053,0.10301539960543311,0.10810433044782952
5.584999999999903,0.0,1.0,0.0,0.19872335120570547,0.09553840858341808,0.17293363221710822
5.589999999999903,0.0,1.0,0.0,0.19399314902373305,0.08897024114951765,0.2537903719364663
5.594999999999903,0.0,1.0,0.0,0.19004052288121273,0.08336537264583885,0.3132906550082784
5.599999999999903,0.0,1.0,0.0,0.18650670789569454,0.07857079901063081,0.3558651359990337
5.604999999999903,0.0,1.0,0.0,0.1833037136383113,0.07415419670190765,0.3865706580277932
5.609999999999903,0.0,1.0,0.0,0.18028178542746762,0.07016307861405002,0.4028048194282932
5.6149999999999025,0.0,1.0,0.0,0.17664397277894034,0.07136818323563973,0.34303027608202974
5.619999999999902,0.0,1.0,0.0,0.17358426858550768,0.071954140745346,0.29423039863220213
5.624999999999902,0.0,1.0,0.0,0.18416627462165813,0.08796193166742598,0.3737847932041776
5.629999999999902,0.0,1.0,0.0,0.19701822423223364,0.07765372957656912,0.11191751727950067
5.634999999999902,0.0,1.0,0.0,0.21343945846483656,0.06862240204004358,-0.07573585118660475
5.639999999999902,0.0,1.0,0.0,0.2250222879634184,0.06582914583772596,-0.10608781507423119
5.644999999999902,0.0,1.0,0.0,0.21421723565736525,0.09002394307546085,0.07467785687902985
5.649999999999902,0.0,1.0,0.0,0.20789885180205397,0.10543863388043188,-0.24163209917843348
5.654999999999902,0.0,1.0,0.0,0.20744036628516474,0.1106239153341129,-0.2421593211332676
5.6599999999999016,0.0,1.0,0.0,0.20853874302400008,0.12533424806900784,-0.2068290370629155
5.6649999999999014,0.0,1.0,0.0,0.2560057488754044,0.11127735304412564,0.011318970199401923
5.669999999999901,0.0,1.0,0.0,0.2698593086398763,0.11596747822594959,0.2801269920385692
5.674999999999901,0.0,1.0,0.0,0.24232097402863162,0.10706245890701764,0.43938023421826633
5.679999999999901,0.0,1.0,0.0,0.23364753340797326,0.1190899613006459,0.16181691239023532
5.684999999999901,0.0,1.0,0.0,0.22921121661986033,0.11722856884023829,0.19694734001174355
5.689999999999901,0.0,1.0,0.0,0.247632213215307,0.1292136143343292,0.19418572568246398
5.694999999999901,0.0,1.0,0.0,0.24109184303168138,0.12988291424243653,-0.30246516023844994
5.699999999999901,0.0,1.0,0.0,0.22728958859182113,0.1318187414071968,-0.5200735287579602
5.704999999999901,0.0,1.0,0.0,0.24708524098821166,0.12243088806853332,-0.14625783248340324
5.7099999999999005,0.0,1.0,0.0,0.24802470562741386,0.12248637430214451,-0.030623153792792263
5.7149999999999,0.0,1.0,0.0,0.2432149283867697,0.11844222109919675,0.0064266786708216395
5.7199999999999,0.0,1.0,0.0,0.23673196700660892,0.11431495421879774,0.06032096330491847
5.7249999999999,0.0,1.0,0.0,0.23145085062298235,0.11446794768900118,0.08841796082398769
5.7299999999999,0.0,1.0,0.0,0.22132461546843976,0.11643223543144149,0.13811750979984874
5.7349999999999,0.0,1.0,0.0,0.21495371070922126,0.11295205136209585,0.06386558274786805
5.7399999999999,0.0,1.0,0.0,0.20750844875124924,0.10895457083233616,0.10668593121101276
5.7449999999999,0.0,1.0,0.0,0.19907895216973406,0.10478499313864012,0.12749097214086708
5.7499999999999,0.0,1.0,0.0,0.1801044011673542,0.07353047007486407,0.20436586471865126
5.7549999999998995,0.0,1.0,0.0,0.18759297271033323,0.0694786743853999,0.26843269420714
5.759999999999899,0.0,1.0,0.0,0.1881765239620616,0.05716735239048307,0.2350674012394808
5.764999999999899,0.0,1.0,0.0,0.19361755906301012,0.05302997383031012,0.09543783562108651
5.769999999999899,0.0,1.0,0.0,0.1974814198646719,0.06280230694296494,0.1733867862066502
5.774999999999899,0.0,1.0,0.0,0.2025451594857961,0.061460229886576595,0.09287219099932405
5.779999999999899,0.0,1.0,0.0,0.1918335609199239,0.05999517353624814,-0.1374614653673903
5.784999999999899,0.0,1.0,0.0,0.18057986153693872,0.05908276672642958,-0.207955739452386
5.789999999999899,0.0,1.0,0.0,0.1710906668488455,0.05557242509194869,-0.149783071958247
5.794999999999899,0.0,1.0,0.0,0.16580786548406512,0.05776416903143454,-0.11112089007789881
5.799999999999899,0.0,1.0,0.0,0.16280129409930075,0.06403757804323518,-0.0998729303178343
5.8049999999998985,0.0,1.0,0.0,0.15557009910069686,0.07224702488860764,-0.11870996455416857
5.809999999999898,0.0,1.0,0.0,0.1514816675669937,0.07687296950386507,-0.08975903008994404
5.814999999999898,0.0,1.0,0.0,0.14856002811198551,0.0805833429733886,-0.07011140168169505
5.819999999999898,0.0,1.0,0.0,0.14378191395081,0.08226489794169099,-0.08083308914264607
5.824999999999898,0.0,1.0,0.0,0.13881590096361163,0.08113965729149132,-0.08364992349777083
5.829999999999898,0.0,1.0,0.0,0.13384869146641734,0.0796144480299769,-0.1091028529080735
5.834999999999898,0.0,1.0,0.0,0.13371190051299658,0.0802676613230821,-0.09605527520859757
5.839999999999898,0.0,1.0,0.0,0.1318329513899736,0.07743628523530618,-0.07778674745237268
5.844999999999898,0.0,1.0,0.0,0.12995942903771063,0.07467760584273964,-0.06244748457332201
5.8499999999998975,0.0,1.0,0.0,0.12468870290410806,0.07141125145418897,-0.02561166614667374
5.854999999999897,0.0,1.0,0.0,0.11804204893793488,0.0681200150553234,0.018978159801466263
5.859999999999897,0.0,1.0,0.0,0.11249195719130961,0.06459177540432988,0.02622455225224933
5.864999999999897,0.0,1.0,0.0,0.10575371281839205,0.06057950938479589,0.02475240465778859
5.869999999999897,0.0,1.0,0.0,0.09808921775580201,0.05709837760431018,0.02793983221932058
5.874999999999897,0.0,1.0,0.0,0.09056322913925766,0.0543954232615735,0.04500966493928833
5.879999999999897,0.0,1.0,0.0,0.08352449639827166,0.05247020865341034,0.06601144796574862
5.884999999999897,0.0,1.0,0.0,0.07654351571048237,0.051054691317058774,0.085637133556643
5.889999999999897,0.0,1.0,0.0,0.07099622241488576,0.046789648478161264,0.5128865153602515
5.8949999999998965,0.0,1.0,0.0,0.07109080953342735,0.035804148628885535,-0.034207802070319815
5.899999999999896,0.0,1.0,0.0,0.058525464213265516,0.02474002677745586,-0.12847152054778288
5.904999999999896,0.0,1.0,0.0,0.07405428652753948,-0.0029209374578554152,0.07550346541717964
5.909999999999896,0.0,1.0,0.0,0.08055967173986545,-0.017209821661353635,0.031145724666512234
5.914999999999896,0.0,1.0,0.0,0.08219117095908338,-0.018362837047007446,0.03268359877766425
5.919999999999896,0.0,1.0,0.0,0.08525755823509093,-0.01713889595816153,-0.00203806816745028
5.924999999999896,0.0,1.0,0.0,0.07957949986271613,-0.0069802477309950945,-0.20744697124213168
5.929999999999896,0.0,1.0,0.0,0.07933393493034414,-0.0044783403467589565,-0.283158054896949
5.934999999999896,0.0,1.0,0.0,0.08474419199997343,0.014048804784001664,-0.17829094174476
5.939999999999896,0.0,1.0,0.0,0.09195124670223363,0.031373301858639596,-0.2053456789107447
5.9449999999998955,0.0,1.0,0.0,0.1003269091103991,0.03042960502789379,-0.09386197008384142
5.949999999999895,0.0,1.0,0.0,0.10308079332754301,0.0336678554777624,-0.08051640255678907
5.954999999999895,0.0,1.0,0.0,0.10269727039599717,0.04035100005097447,-0.09246054516450804
5.959999999999895,0.0,1.0,0.0,0.09569267890733625,0.04191038722593327,-0.14361772546627893
5.964999999999895,0.0,1.0,0.0,0.0974899386599154,0.04394203267937042,-0.08444958901970347
5.969999999999895,0.0,1.0,0.0,0.09597138294940963,0.03693758212669263,-0.09668140762542361
5.974999999999895,0.0,1.0,0.0,0.09226680371724681,0.0356477664735572,-0.012407451766989694
5.979999999999895,0.0,1.0,0.0,0.08825960452360038,0.03554853736560402,0.005302053351444947
5.984999999999895,0.0,1.0,0.0,0.08287244325345376,0.03431322929904663,0.017649072258437027
5.9899999999998945,0.0,1.0,0.0,0.07721257671728943,0.03360915596471439,0.028189281905438755
5.994999999999894,0.0,1.0,0.0,0.07144515975609284,0.03327379223381006,0.043780922816659615
5.999999999999894,0.0,1.0,0.0,0.06559350831404684,0.03335444415530382,0.06044297586315952
6.004999999999894,0.0,1.0,0.0,0.05976136758600822,0.033889588248279846,0.07623520134362498
6.009999999999894,0.0,1.0,0.0,0.05289654304177238,0.03172481170661057,0.014738281968523649
6.014999999999894,0.0,1.0,0.0,0.05228038031697241,0.0058470603406542004,0.020339428318186192
6.019999999999894,0.0,1.0,0.0,0.045359290795592776,0.003200763188060831,0.25886201047103535
6.024999999999894,0.0,1.0,0.0,0.058343517112951326,-0.010250340827269847,0.07668590063048572
6.029999999999894,0.0,1.0,0.0,0.05839318114327908,-0.009920348929602342,0.10516880717488288
6.034999999999894,0.0,1.0,0.0,0.04505203448622734,-0.003273012859566894,-0.11289520703011456
6.0399999999998935,0.0,1.0,0.0,0.04410472730564707,0.0022116547606777946,-0.1651657789561904
6.044999999999893,0.0,1.0,0.0,0.04519570036753893,0.004888322123315917,-0.16192978543997028
6.049999999999893,0.0,1.0,0.0,0.04673097268204992,0.01112792010274715,-0.10065261566701639
6.054999999999893,0.0,1.0,0.0,0.05012450925438306,0.017315675326549495,-0.04758741899221891
6.059999999999893,0.0,1.0,0.0,0.061928136938057175,0.027760261083330948,-0.074619310362451
6.064999999999893,0.0,1.0,0.0,0.0607872582793895,0.029572447146779396,-0.06013622602049549
6.069999999999893,0.0,1.0,0.0,0.05913713581277942,0.027946349065949675,-0.030982289719223052
6.074999999999893,0.0,1.0,0.0,0.05866880243896034,0.03454396700953841,-0.02661564521245697
6.079999999999893,0.0,1.0,0.0,0.05379936374869284,0.035702591900872,-0.02102159760958771
6.0849999999998925,0.0,1.0,0.0,0.051298966344173996,0.036472392861327224,-0.00433243859514466
6.089999999999892,0.0,1.0,0.0,0.048857403191868334,0.03747945482801931,0.009042124984413747
6.094999999999892,0.0,1.0,0.0,0.04647732568474746,0.038620035863090506,0.02207630727302108
6.099999999999892,0.0,1.0,0.0,0.044118181843996386,0.039862486972693185,0.03540865369620809
6.104999999999892,0.0,1.0,0.0,0.026804505519665806,0.026464098473041375,0.1160670820365075
6.109999999999892,0.0,1.0,0.0,0.018902804720231856,0.014202453635862837,0.013790786875080119
6.114999999999892,0.0,1.0,0.0,0.01754654123559661,0.008885530731421842,0.032163531002398535
6.119999999999892,0.0,1.0,0.0,0.017936113350757975,0.006132703573584693,-0.035089146248206554
6.124999999999892,0.0,1.0,0.0,0.01649700277024845,0.004701610177572912,-0.039485590161054615
6.1299999999998915,0.0,1.0,0.0,0.015232283083871704,0.0037503691153475925,-0.0290828556982183
6.134999999999891,0.0,1.0,0.0,0.015249754407469162,0.002828708978616875,-0.04365553564150773
6.139999999999891,0.0,1.0,0.0,0.015146036386984137,0.005958303869013649,-0.021052834489555316
6.144999999999891,0.0,1.0,0.0,0.014367527341297736,0.007317259694526239,-0.01855610718597345
6.149999999999891,0.0,1.0,0.0,0.01330636183473862,0.00673974854447552,-0.02084293893128313
6.154999999999891,0.0,1.0,0.0,0.011576560030224314,0.0075536898009887134,-0.029613918310687562
6.159999999999891,0.0,1.0,0.0,0.010325024148566382,0.007451440863312717,-0.025565191143120582
6.164999999999891,0.0,1.0,0.0,0.009154684535781873,0.008875447851249664,-0.023152799359928897
6.169999999999891,0.0,1.0,0.0,0.008278394991965053,0.009821158196218153,-0.029360516771369045
6.174999999999891,0.0,1.0,0.0,0.0067374696074880515,0.009942983269634255,-0.026287613995336148
6.1799999999998905,0.0,1.0,0.0,0.005535091513145,0.00968048248639676,-0.028126807308040853
6.18499999999989,0.0,1.0,0.0,0.004786259121130726,0.00933219252281104,-0.024770693519196467
6.18999999999989,0.0,1.0,0.0,0.004252052915585484,0.008944311129878904,-0.024191258937471823
6.19499999999989,0.0,1.0,0.0,0.00355840970545936,0.008582668269133897,-0.02143694056945059
6.19999999999989,0.0,1.0,0.0,0.0029414244886789226,0.0080385799158163,-0.02166453469723166
6.20499999999989,0.0,1.0,0.0,0.002260974142735699,0.007394090591958081,-0.02069242450235052
6.20999999999989,0.0,1.0,0.0,0.0016135453989937158,0.006657335383821934,-0.02070578573918189
6.21499999999989,0.0,1.0,0.0,0.0010072461283908147,0.0058718170699699375,-0.02060572862702982
6.21999999999989,0.0,1.0,0.0,0.0004442880243025317,0.005058783118035714,-0.020419731776031905
6.2249999999998895,0.0,1.0,0.0,-9.125958665005091e-05,0.004231518645630247,-0.02028977284405732
6.229999999999889,0.0,1.0,0.0,-0.0005836228116244965,0.0034064136751367547,-0.02035641670441952
6.234999999999889,0.0,1.0,0.0,-0.0010390518230581273,0.0026090953525284414,-0.020396705731538144
6.239999999999889,0.0,1.0,0.0,-0.00144602999257513,0.0018477810673850335,-0.020615279841118623
6.244999999999889,0.0,1.0,0.0,-0.0018068511775610064,0.001140821377280177,-0.02075915362381463
6.249999999999889,0.0,1.0,0.0,-0.002121681837490729,0.0004903292524957785,-0.02104956538631279
6.254999999999889,0.0,0.70196533203125,0.0,-0.008978655409595478,-0.004117550788460935,-0.052627541039223125
6.259999999999889,0.0,0.62353515625,0.0,-0.010666463678727946,-0.0043119241115420455,-0.03611456123466227
6.264999999999889,0.0,0.568634033203125,0.0,-0.012079665072854623,-0.01088373367229702,-0.1020386832953159
6.2699999999998886,0.0,0.51373291015625,0.0,-0.011857268551811519,-0.019676920010143095,-0.11153362419897205
6.2749999999998884,0.0,0.600006103515625,0.0,-0.008888156152678166,-0.024367327008215672,-0.1038048517860838
6.279999999999888,0.0,0.45098876953125,0.0,-0.008128070103428146,-0.023918190892073313,-0.0002960810719262186
6.284999999999888,0.0,0.411773681640625,0.0,-0.015473752155411028,-0.030586254522905233,0.02661770448687563
6.289999999999888,0.0,0.0,0.0,-0.037218799081565834,-0.058976607547658974,-0.05026664229909661
6.294999999999888,0.0,0.0,0.0,-0.0488080624886301,-0.08179617219322574,-0.10288851346606422
6.299999999999888,0.0,0.0,0.0,-0.05969006228061316,-0.09277557121787174,-0.12446361274858056
6.304999999999888,0.0,0.0,0.0,-0.0711879282927242,-0.10890804257379642,-0.1322907874849028
6.309999999999888,0.0,0.0,0.0,-0.08475655766197716,-0.12221900706991967,-0.15849368787692836
6.314999999999888,0.0,0.0,0.0,-0.07748502330235756,-0.1315704380513554,-0.24014417640030705
6.3199999999998875,0.0,0.0,0.0,-0.07544143699348493,-0.13511132123767422,-0.15854949704386995
6.324999999999887,0.0,0.0,0.0,-0.09216463646998445,-0.13635614075088698,-0.07026044374043357
6.329999999999887,0.0,0.0,0.0,-0.10924802239427003,-0.13491318582517983,0.009189348558182472
6.334999999999887,0.0,0.0,0.0,-0.1097507760513841,-0.1461526512614855,-0.12000295627309952
6.339999999999887,0.0,0.0,0.0,-0.10409545570529784,-0.15593274173214156,-0.2750943295771992
6.344999999999887,0.0,0.0,0.0,-0.09741001907486271,-0.1579872651029967,-0.34637294806215996
6.349999999999887,0.0,0.0,0.0,-0.06583680167941211,-0.15592375774298603,-0.4139710077517498
6.354999999999887,0.0,0.0,0.0,-0.07751455499803869,-0.15239903594245596,-0.21655482253661135
6.359999999999887,0.0,0.0,0.0,-0.09067388852594521,-0.14742575004826158,-0.08167243841976987
6.3649999999998865,0.0,0.0,0.0,-0.07252726124903831,-0.14521603618304918,-0.14541467898596694
6.369999999999886,0.0,0.0,0.0,-0.06483056513978246,-0.14210865085062038,-0.18892353304587253
6.374999999999886,0.0,0.0,0.0,-0.05712355868575145,-0.1417762491418073,-0.3038524777952828
6.379999999999886,0.0,0.0,0.0,-0.049896950029970716,-0.13647300527203496,-0.17245992555763445
6.384999999999886,0.0,0.0,0.0,-0.045854173133936284,-0.13202667114712097,-0.09774783951932567
6.389999999999886,0.0,0.0,0.0,-0.0356616152762121,-0.12890412789534944,-0.08741868156900552
6.394999999999886,0.0,0.0,0.0,-0.025807007984569193,-0.12644750388347686,-0.07725318353139553
6.399999999999886,0.0,0.0,0.0,-0.03438041129876194,-0.12101200325697621,-0.036649425211036535
6.404999999999886,0.0,0.0,0.0,-0.028863342629492677,-0.11739944146371217,-0.20700625268617037
6.409999999999886,0.0,0.0,0.0,-0.025762627221808672,-0.11735779696759167,-0.1610030366176993
6.4149999999998855,0.0,0.0,0.0,-0.01413239893761892,-0.11431665080811004,-0.11298842094470099
6.419999999999885,0.0,0.0,0.0,-0.0040098988053008655,-0.11292966540165096,-0.0887496096123109
6.424999999999885,0.0,0.0,0.0,0.004652966280208497,-0.11262772207581379,-0.07720786646122815
6.429999999999885,0.0,0.0,0.0,0.005452862077312198,-0.10937138873338352,-0.09386917484922423
6.434999999999885,0.0,0.0,0.0,0.008493738109959055,-0.10829544461330821,-0.0938511714542674
6.439999999999885,0.0,0.0,0.0,-0.003027236333317338,-0.10785766472061457,-0.004621930758052825
6.444999999999885,0.0,0.0,0.0,0.000896331364694909,-0.11090515440198358,-0.06961945221300105
6.449999999999885,0.0,0.0,0.0,0.008306349671585254,-0.10895696194194111,-0.05941966217526821
6.454999999999885,0.0,0.0,0.0,0.01543112822778171,-0.10822846380864613,-0.056577841484363
6.4599999999998845,0.0,0.0,0.0,0.016105870859254946,-0.1089422531350584,-0.06105787781576403
6.464999999999884,0.0,0.0,0.0,0.01727561798033482,-0.10481291757289654,-0.10759966893808155
6.469999999999884,0.0,0.0,0.0,0.018820138583252943,-0.10225498493841356,-0.1266402485974413
6.474999999999884,0.0,0.0,0.0,0.01886932031824734,-0.10152912084436219,-0.09639067382382435
6.479999999999884,0.0,0.0,0.0,0.026175790906052446,-0.0998751239457669,-0.07860989428147816
6.484999999999884,0.0,0.0,0.0,0.03334152163829238,-0.09866021868147093,-0.06269872254843314
6.489999999999884,0.0,0.0,0.0,0.031475356023112945,-0.09635477416071103,-0.10249046806558613
6.494999999999884,0.0,0.0,0.0,0.030756358125913038,-0.09486545732300455,-0.1148395480919057
6.499999999999884,0.0,0.0,0.0,0.028856164469090614,-0.09503912617315871,-0.09368764944005531
6.5049999999998835,0.0,0.0,0.0,0.026510269849305265,-0.09484506431397786,-0.06929063947345807
6.509999999999883,0.0,0.0,0.0,0.02472449452849408,-0.09487616798186883,-0.05283297594500887
6.514999999999883,0.0,0.0,0.0,0.0305376143370492,-0.09372827193759035,-0.05132719676996998
6.519999999999883,0.0,0.0,0.0,0.027852725838262937,-0.09348604857394308,-0.07739819043182128
6.524999999999883,0.0,0.0,0.0,0.024790817796353053,-0.09391240292136883,-0.07318485473978167
6.529999999999883,0.0,0.0,0.0,0.02180641857039539,-0.09413024221237724,-0.06765947499712807
6.534999999999883,0.0,0.0,0.0,0.02683245567228173,-0.09271474107602448,-0.05552373125428338
6.539999999999883,0.0,0.0,0.0,0.022281619684809465,-0.09283378415427762,-0.09652272880316945
6.544999999999883,0.0,0.0,0.0,0.01912941785850283,-0.09528008918074693,-0.09831007443088927
6.549999999999883,0.0,0.0,0.0,0.015758087761081094,-0.09576603388532758,-0.09517125181906633
6.5549999999998825,0.0,0.0,0.0,0.012018278673668028,-0.09658217170887068,-0.08378559847686547
6.559999999999882,0.0,0.0,0.0,0.008311067607569098,-0.0976148966536521,-0.06652972009473838
6.564999999999882,0.0,0.0,0.0,0.004595117747835106,-0.0987711371643336,-0.05573128839466142
6.569999999999882,0.0,0.0,0.0,0.0009040427401282207,-0.10003234923175648,-0.05061545656941801
6.574999999999882,0.0,0.0,0.0,-0.0027547500820039625,-0.10136012353525577,-0.04913419590893035
6.579999999999882,0.0,0.0,0.0,-0.006377752594652548,-0.10272847840095788,-0.04968743140746193
6.584999999999882,0.0,0.0,0.0,-0.009953425830384957,-0.10412744389319943,-0.05109839292302623
6.589999999999882,0.0,0.0,0.0,-0.013508027145543958,-0.10552000931136117,-0.05276779789887421
6.594999999999882,0.0,0.0,0.0,-0.01701875315380748,-0.10693044545906723,-0.054158092717792976
6.5999999999998815,0.0,0.0,0.0,-0.020489778491209077,-0.10833607896473706,-0.05495959488729573
6.604999999999881,0.0,0.0,0.0,-0.023913629074845004,-0.1097474670133914,-0.05530397812303825
6.609999999999881,0.0,0.0,0.0,-0.027292100396841656,-0.11116726966815306,-0.05522075617581952
6.614999999999881,0.0,0.0,0.0,-0.030607197838265956,-0.11256117800277061,-0.054710254590543524
6.619999999999881,0.0,0.0,0.0,-0.0333039730421602,-0.11274620695294528,-0.05517131341995553
6.624999999999881,0.0,0.0,0.0,-0.03624443063751318,-0.11283676288592824,-0.05275297942944383
6.629999999999881,0.0,0.0,0.0,-0.039158697612121235,-0.11306687841776873,-0.05105467893499377
6.634999999999881,0.0,0.0,0.0,-0.04199976497763727,-0.11325850426134054,-0.04994648646818286
6.639999999999881,0.0,0.0,0.0,-0.04476732818339501,-0.11340757547461874,-0.04916910358667427
6.644999999999881,0.0,0.0,0.0,-0.04837777808527972,-0.1130973942776232,-0.042294362730757346
6.6499999999998805,0.0,0.0,0.0,-0.05104261972310797,-0.11159453392570283,-0.04932984472227331
6.65499999999988,0.0,0.0,0.0,-0.05335779653297608,-0.11077834846104888,-0.052960424540118727
6.65999999999988,0.0,0.0,0.0,-0.05540311536302489,-0.10968417667933968,-0.053335984652470324
6.66499999999988,0.0,0.0,0.0,-0.05747511559543882,-0.10903857335276045,-0.05328287256977494
6.66999999999988,0.0,0.0,0.0,-0.05934962233841333,-0.10846092879641306,-0.05301936460328158
6.67499999999988,0.0,0.0,0.0,-0.061077861544501996,-0.1079558651822108,-0.053027569402415646
6.67999999999988,0.0,0.0,0.0,-0.06269431591103242,-0.1075191784867338,-0.05335147821541244
6.68499999999988,0.0,0.0,0.0,-0.06422744378244806,-0.10714559888231112,-0.05393880888683895
6.68999999999988,0.0,0.0,0.0,-0.06570149264322221,-0.10682978383348782,-0.05470500262311095
6.6949999999998795,0.0,0.0,0.0,-0.06713760924495318,-0.10656731852406258,-0.05556370790037724
6.699999999999879,0.0,0.0,0.0,-0.06855443365472326,-0.10635477659585872,-0.056439830278493974
6.704999999999879,0.0,0.0,0.0,-0.06996851248692738,-0.1061895277605375,-0.05727218442840424
6.709999999999879,0.0,0.0,0.0,-0.07139440034285678,-0.10607007128794566,-0.058009190643502566
6.714999999999879,0.0,0.0,0.0,-0.07284453741134747,-0.10599509412632942,-0.05862636603909904
6.719999999999879,0.0,0.0,0.0,-0.07432976989517423,-0.10596422975747709,-0.05910456277269782
6.724999999999879,0.0,0.0,0.0,-0.07585931360724044,-0.10597762746425707,-0.05943454812871281
6.729999999999879,0.0,0.0,0.0,-0.07744096780653718,-0.10603613157780079,-0.05961689426733019
6.734999999999879,0.0,0.0,0.0,-0.07908766076941384,-0.10614146506362326,-0.05966390530931569
6.7399999999998785,0.0,0.0,0.0,-0.08080979882379401,-0.10629123853536504,-0.05955837026546554
6.744999999999878,0.0,0.0,0.0,-0.08259661585721886,-0.10648558376583968,-0.05941813839552955
6.749999999999878,0.0,0.0,0.0,-0.08446003504845308,-0.10673136099227684,-0.05916447208439689
6.754999999999878,0.0,0.0,0.0,-0.08640350656334767,-0.10703104854365157,-0.0588138260485792
6.759999999999878,0.0,0.0,0.0,-0.08843052306999166,-0.10738829395717524,-0.05840598756891223
6.764999999999878,0.0,0.0,0.0,-0.09054411532701591,-0.10780785386295393,-0.057971934349208394
6.769999999999878,0.0,0.0,0.0,-0.09274748807316507,-0.10829508288748993,-0.0575428571479104
6.774999999999878,0.0,0.0,0.0,-0.09504358644966131,-0.1088559718185262,-0.05713366174180711
6.779999999999878,0.0,0.0,0.0,-0.09743449984836974,-0.10949767298900955,-0.05674987567749061
6.784999999999878,0.0,0.0,0.0,-0.09992245525235573,-0.11022847387466048,-0.05641791324088235
6.7899999999998775,0.0,0.0,0.0,-0.10251009198689671,-0.11105682420725763,-0.056151779608256035
6.794999999999877,0.0,0.0,0.0,-0.10520100238899888,-0.11199128773369675,-0.05596398363775583
6.799999999999877,0.0,0.0,0.0,-0.10002849929425596,-0.08978569257343903,-0.07886798439493656
6.804999999999877,0.0,0.0,0.0,-0.09275964874973014,-0.07394988014847216,-0.035593238624359896
6.809999999999877,0.0,0.0,0.0,-0.08797859337322983,-0.065209654367197,-0.03725854818119142
6.814999999999877,0.0,0.0,0.0,-0.08483046860476114,-0.05702305482965151,-0.039215864364534433
6.819999999999877,0.0,0.0,0.0,-0.08534279871942577,-0.05667770655036392,-0.056789285492670025
6.824999999999877,0.0,0.0,0.0,-0.08751064191542257,-0.0612906419745109,-0.0971178805270363
6.829999999999877,0.0,0.0,0.0,-0.08200165201753742,-0.06561510880503293,-0.10821090478533207
6.8349999999998765,0.0,0.0,0.0,-0.08034804230106264,-0.06688377450794289,-0.09214095480634588
6.839999999999876,0.0,0.0,0.0,-0.07924218908945067,-0.06793489184266936,-0.09080559239915759
6.844999999999876,0.0,0.0,0.0,-0.07725611419561222,-0.07089588384940096,-0.09014805118472796
6.849999999999876,0.0,0.0,0.0,-0.07617341260821046,-0.07143280722853708,-0.08479062051283431
6.854999999999876,0.0,0.0,0.0,-0.0732437026268337,-0.07025923418564926,-0.07305046825079095
6.859999999999876,0.0,0.0,0.0,-0.07145973247303687,-0.06693396935731256,-0.07266096549557471
6.864999999999876,0.0,0.0,0.0,-0.06933297649317494,-0.06308861747621898,-0.07680126347988106
6.869999999999876,0.0,0.0,0.0,-0.06723812631914629,-0.058516025552333484,-0.0782963079832891
6.874999999999876,0.0,0.0,0.0,-0.06470710307038072,-0.05375699257330274,-0.07327202358555016
6.8799999999998755,0.0,0.0,0.0,-0.06221712414730464,-0.04910027459859827,-0.06808800409537431
6.884999999999875,0.0,0.0,0.0,-0.05963245823298888,-0.04458610879570685,-0.062440417312015994
6.889999999999875,0.0,0.0,0.0,-0.05710109921991718,-0.04026259275926135,-0.05931120349512809
6.894999999999875,0.0,0.0,0.0,-0.05457201883634643,-0.036326221086716834,-0.055864827436849944
6.899999999999875,0.0,0.0,0.0,-0.05212219301098938,-0.03273147913614844,-0.05430481679257331
6.904999999999875,0.0,0.0,0.0,-0.049675884699428775,-0.029405766461515787,-0.051806934339594664
6.909999999999875,0.0,0.0,0.0,-0.04730326450762711,-0.026376797831752855,-0.050048315135890246
6.914999999999875,0.0,0.0,0.0,-0.04500557885441772,-0.0235621298066604,-0.04798541494532141
6.919999999999875,0.0,0.0,0.0,-0.04278157709419004,-0.020961679072557853,-0.04586923688238872
6.924999999999875,0.0,0.0,0.0,-0.040657420592799094,-0.018550009556715874,-0.04386825877388641
6.9299999999998745,0.0,0.0,0.0,-0.038625383664138535,-0.01631318254130588,-0.04190127767787606
6.934999999999874,0.0,0.0,0.0,-0.03669822149477544,-0.014231428681869841,-0.03984604249323292
6.939999999999874,0.0,0.0,0.0,-0.03487503215549695,-0.012297824086626486,-0.037806762977240456
6.944999999999874,0.0,0.0,0.0,-0.03316254160130415,-0.010501015640715919,-0.035808407255677466
6.949999999999874,0.0,0.0,0.0,-0.031564884559802234,-0.008832852061926558,-0.03385915988849792
6.954999999999874,0.0,0.0,0.0,-0.03008028316535291,-0.007282232857006534,-0.03200094876746871
6.959999999999874,0.0,0.0,0.0,-0.028705497723565017,-0.00584270986084445,-0.030188468087447906
6.964999999999874,0.0,0.0,0.0,-0.027442160473715012,-0.004506247246860603,-0.028436653216400057
6.969999999999874,0.0,0.0,0.0,-0.026283733453931937,-0.0032669769824722594,-0.026800042811533496
6.9749999999998735,0.0,0.0,0.0,-0.025226079339098036,-0.002116580515808624,-0.025249056752599565
6.979999999999873,0.0,0.0,0.0,-0.024267223874597055,-0.0010479173884281067,-0.023787211105325844
6.984999999999873,0.0,0.0,0.0,-0.02340216668259676,-5.646871472550757e-05,-0.022442200103580702
6.989999999999873,0.0,0.0,0.0,-0.022620480911861147,0.0008645139736943326,-0.021216427320537943
6.994999999999873,0.0,0.0,0.0,-0.021911917374820063,0.0017200447283627898,-0.020090144964262143
6.999999999999873,0.0,0.0,0.0,-0.02127340902111911,0.0025153719852319214,-0.019032817622551292
7.004999999999873,0.0,0.0,0.0,-0.020695938549830102,0.0032518578172424616,-0.018074532599625992
7.009999999999873,0.0,0.0,0.0,-0.02017354743284145,0.003935072380842595,-0.017178056356278157
7.014999999999873,0.0,0.0,0.0,-0.01969986396319015,0.004567346294828007,-0.01636521243140526
7.019999999999873,0.0,0.0,0.0,-0.019268936288378037,0.005152124350692987,-0.015607826711623423
7.0249999999998725,0.0,0.0,0.0,-0.018873268210627247,0.005691845894649718,-0.014909201480486174
7.029999999999872,0.0,0.0,0.0,-0.0185111016979249,0.006188590176721456,-0.01426100718884522
7.034999999999872,0.0,0.0,0.0,-0.018172472825333647,0.006645728726933206,-0.013656809620943728
7.039999999999872,0.0,0.0,0.0,-0.01785901658751745,0.00706399916598421,-0.013091322794206842
7.044999999999872,0.0,0.0,0.0,-0.0175631981267568,0.007447457538183114,-0.012562685962738056
7.049999999999872,0.0,0.0,0.0,-0.01728576307093932,0.007797422069238123,-0.012070599757709903
7.054999999999872,0.0,0.0,0.0,-0.0170200398994543,0.008114481589957397,-0.01158079922047315
7.059999999999872,0.0,0.0,0.0,-0.01676569545596415,0.008400548645762458,-0.0111108957336252
7.064999999999872,0.0,0.0,0.0,-0.016520833404684836,0.00865784967139561,-0.010665083363276621
7.0699999999998715,0.0,0.0,0.0,-0.01628495979630842,0.008887618130949574,-0.010236339887286238
7.074999999999871,0.0,0.0,0.0,-0.016057098208685838,0.009091901003485163,-0.009827420643571165
7.079999999999871,0.0,0.0,0.0,-0.015837018270294163,0.009271753169295193,-0.009430015114972188
7.084999999999871,0.0,0.0,0.0,-0.015621448025982917,0.009428326559806667,-0.009028973261047846
7.089999999999871,0.0,0.0,0.0,-0.015413192777828204,0.009563109280665755,-0.008644797628453257
7.094999999999871,0.0,0.0,0.0,-0.015211541103696586,0.00967811665475322,-0.008279558421731404
7.099999999999871,0.0,0.0,0.0,-0.01501690634923625,0.009774460842918529,-0.007924943517706586
7.104999999999871,0.0,0.0,0.0,-0.014827304071413598,0.0098535595392616,-0.007576390108133366
7.109999999999871,0.0,0.0,0.0,-0.014644785702254469,0.00991659548972502,-0.007239559755146242
7.1149999999998705,0.0,0.0,0.0,-0.014469102971136552,0.009965093842345136,-0.006918470126040345
7.11999999999987,0.0,0.0,0.0,-0.014299671204171098,0.010000290629388736,-0.0066049623018259365
7.12499999999987,0.0,0.0,0.0,-0.014137313394444222,0.010023632068436834,-0.006309836606705242
7.12999999999987,0.0,0.0,0.0,-0.013980700922306386,0.010036379360658315,-0.006024606943250372
7.13499999999987,0.0,0.0,0.0,-0.013831505569664124,0.010039428008222051,-0.005754678956731126
7.13999999999987,0.0,0.0,0.0,-0.013688166121666628,0.010034419751782103,-0.005490187067633443
7.14499999999987,0.0,0.0,0.0,-0.013550984431613086,0.010021777802713416,-0.005237031607023545
7.14999999999987,0.0,0.0,0.0,-0.013420123525704417,0.010002615071394019,-0.005000413709680376
7.15499999999987,0.0,0.0,0.0,-0.013294569432985247,0.009978001052694453,-0.004772940430053585
7.15999999999987,0.0,0.0,0.0,-0.013174195559035533,0.009948550874899523,-0.004553520134209854
7.1649999999998695,0.0,0.0,0.0,-0.013059039119747816,0.00991505951936647,-0.004344523537711531
7.169999999999869,0.0,0.0,0.0,-0.012948247482559076,0.009878070461145234,-0.004144400826623225
7.174999999999869,0.0,0.0,0.0,-0.012841513833040066,0.009838523197848604,-0.0039536896444361015
7.179999999999869,0.0,0.0,0.0,-0.012738501615493657,0.009796742823318813,-0.0037679431024878296
7.184999999999869,0.0,0.0,0.0,-0.012638714621882437,0.009753261705511086,-0.0035884871039247573
7.189999999999869,0.0,0.0,0.0,-0.012541887707295068,0.009708675226085253,-0.0034136106729631722
7.194999999999869,0.0,0.0,0.0,-0.012447619713155557,0.009663330066777174,-0.0032425941277632363
7.199999999999869,0.0,0.0,0.0,-0.012355448381155595,0.00961748044055112,-0.0030744161735558996
7.204999999999869,0.0,0.0,0.0,-0.012265298550164089,0.00957172218737105,-0.0029122473268145587
7.2099999999998685,0.0,0.0,0.0,-0.012176489556866964,0.009525717155516695,-0.002745192247355455
7.214999999999868,0.0,0.0,0.0,-0.012088990079604026,0.009479766636542698,-0.0025832520850187493
7.219999999999868,0.0,0.0,0.0,-0.012002629535749194,0.009434432596131104,-0.002419003663533038
7.224999999999868,0.0,0.0,0.0,-0.011916795127685733,0.009389666832409353,-0.00225135395140475
7.229999999999868,0.0,0.0,0.0,-0.011831444008233289,0.009345610460221334,-0.002082492839667971
7.234999999999868,0.0,0.0,0.0,-0.011746911540974816,0.009302065132293692,-0.0019142416326237083
7.239999999999868,0.0,0.0,0.0,-0.011662883426820078,0.009259471393067167,-0.0017503448963216565
7.244999999999868,0.0,0.0,0.0,-0.011579276122825924,0.009217660027297073,-0.001587299587192541
7.249999999999868,0.0,0.0,0.0,-0.011495921838809734,0.009176658670638639,-0.0014232023982945652
7.2549999999998676,0.0,0.0,0.0,-0.011412640137854344,0.009136525328283811,-0.0012567255074106085
7.2599999999998674,0.0,0.0,0.0,-0.011329482672986998,0.00909779915122009,-0.0010834491837608887
7.264999999999867,0.0,0.0,0.0,-0.011246475831617836,0.009060096552479987,-0.0009053516208277505
7.269999999999867,0.0,0.0,0.0,-0.011163782107119031,0.009023241051867437,-0.0007288710391066535
7.274999999999867,0.0,0.0,0.0,-0.011081628747177249,0.008987161075727652,-0.0005588862323145168
7.279999999999867,0.0,0.0,0.0,-0.01099972800200636,0.008952025529212416,-0.0003926647713155516
7.284999999999867,0.0,0.0,0.0,-0.01091788776073869,0.008918005274875991,-0.00022262760566609292
7.289999999999867,0.0,0.0,0.0,-0.01083633900395411,0.008884922488696642,-4.676235658608726e-05
7.294999999999867,0.0,0.0,0.0,-0.010755104853883564,0.008852659170309436,0.00013250223276590778
7.299999999999867,0.0,0.0,0.0,-0.010674419337653642,0.008820990990311516,0.00030932684052546874
7.3049999999998665,0.0,0.0,0.0,-0.010594473249278607,0.008789915236662334,0.00048036574359770323
7.309999999999866,0.0,0.0,0.0,-0.01051496322372678,0.008759666190699398,0.000645584760854416
7.314999999999866,0.0,0.0,0.0,-0.010436033506329708,0.008730239105657593,0.0008059218201475092
7.319999999999866,0.0,0.0,0.0,-0.010357487649583143,0.008701592742725087,0.0009761209802395755
7.324999999999866,0.0,0.0,0.0,-0.010279310772153166,0.008673531106192605,0.001150847093162567
7.329999999999866,0.0,0.0,0.0,-0.010201657747340543,0.008645638682655483,0.00131688024134459
7.334999999999866,0.0,0.0,0.0,-0.010125127351631517,0.008618433348753972,0.001479585141972846
7.339999999999866,0.0,0.0,0.0,-0.010049469239365921,0.008591988618433,0.0016405281405352833
7.344999999999866,0.0,0.0,0.0,-0.009974073344688882,0.008565884241493382,0.0018057566892707526
7.3499999999998655,0.0,0.0,0.0,-0.009898786807705211,0.008539832660969575,0.0019665221116863777
7.354999999999865,0.0,0.0,0.0,-0.009824878195947805,0.008514584883880235,0.002122129574549947
7.359999999999865,0.0,0.0,0.0,-0.009751856777817303,0.008489615127108805,0.002275316924554859
7.364999999999865,0.0,0.0,0.0,-0.00967921884644146,0.008465182376686467,0.002430420113284775
7.369999999999865,0.0,0.0,0.0,-0.009607054845271938,0.008441223155894777,0.0025828238449151176
7.374999999999865,0.0,0.0,0.0,-0.009535715627512018,0.008417387779856055,0.0027348270082315964
7.379999999999865,0.0,0.0,0.0,-0.00946492993054279,0.008393520341811001,0.00288387237028937
7.384999999999865,0.0,0.0,0.0,-0.009394846520970437,0.008370266597675724,0.0030277704474127917
7.389999999999865,0.0,0.0,0.0,-0.009325570631649746,0.00834726838282944,0.003174506050885119
7.394999999999865,0.0,0.0,0.0,-0.009256734961044339,0.008324501777443058,0.0033197662342323913
7.3999999999998645,0.0,0.0,0.0,-0.009188082064168622,0.008302185101377821,0.0034654832531680717
7.404999999999864,0.0,0.0,0.0,-0.009120246453965917,0.008279637416306182,0.003606356778709543
7.409999999999864,0.0,0.0,0.0,-0.009053162885404463,0.008257714663996983,0.003745005292503275
7.414999999999864,0.0,0.0,0.0,-0.008986403710641648,0.008235133045589404,0.0038848950758710054
7.419999999999864,0.0,0.0,0.0,-0.008920425474551658,0.00821378793990947,0.004022705112634553
7.424999999999864,0.0,0.0,0.0,-0.008855277440354572,0.00819166882635805,0.004155198456653789
7.429999999999864,0.0,0.0,0.0,-0.008790573247604147,0.00817061678220128,0.004290608990694831
7.434999999999864,0.0,0.0,0.0,-0.008725978881902897,0.008149547689824349,0.004425078912507062
7.439999999999864,0.0,0.0,0.0,-0.008661763514189373,0.008129007448504163,0.004558576731285979
7.4449999999998635,0.0,0.0,0.0,-0.008597739979010534,0.008108475269758324,0.004693378784828008
7.449999999999863,0.0,0.0,0.0,-0.008534849603610296,0.008087514867734992,0.0048258321640305465
7.454999999999863,0.0,0.0,0.0,-0.008472501894255436,0.0080671265368028,0.0049532973498442245
7.459999999999863,0.0,0.0,0.0,-0.008410603726898959,0.008046671245891448,0.0050808544141145995
7.464999999999863,0.0,0.0,0.0,-0.008349192448771478,0.008026295857086481,0.005208556378259191
7.469999999999863,0.0,0.0,0.0,-0.008288363646785164,0.008006029585683748,0.0053334425324725225
7.474999999999863,0.0,0.0,0.0,-0.008227912447741422,0.00798589839843734,0.005459433063735891
7.479999999999863,0.0,-0.1607666015625,0.0,-0.016099059423132958,-0.007181851096121419,-0.08967716393889326
7.484999999999863,0.0,-0.1607666015625,0.0,-0.020657781968022648,-0.01863238475869529,-0.17549386469232472
7.4899999999998625,0.0,-0.2862548828125,0.0,-0.02855471408428207,-0.03590819784463688,-0.3137272344721081
7.494999999999862,0.0,-0.2862548828125,0.0,-0.0332504066374594,-0.04940810539133761,-0.38121533958114
7.499999999999862,0.0,-0.529388427734375,0.0,-0.045968989471288024,-0.06943388383235176,-0.5199757064338127
7.504999999999862,0.0,-0.529388427734375,0.0,-0.052037471880823326,-0.08663495043434627,-0.6594934021478782
7.509999999999862,0.0,-0.63134765625,0.0,-0.057293196772596554,-0.1026727449757783,-0.7707632553108072
7.514999999999862,0.0,-0.780364990234375,0.0,-0.06165415562961579,-0.11782399868961164,-0.8687468529150117
7.519999999999862,0.0,-0.780364990234375,0.0,-0.06446041750244598,-0.1300009746799596,-0.9440506757381988
7.524999999999862,0.0,-0.984283447265625,0.0,-0.06747906529729523,-0.14490694787010341,-0.999041072438206
7.529999999999862,0.0,-0.984283447265625,0.0,-0.05458265911379714,-0.15703387160790414,-1.033133097309342
7.534999999999862,0.0,-0.999969482421875,0.0,-0.04026551548483954,-0.16642435075705314,-1.0622010548816478
7.5399999999998615,0.0,-0.999969482421875,0.0,-0.05059485947260781,-0.17197672799242747,-1.0827535445876497
7.544999999999861,0.0,-0.999969482421875,0.0,-0.056276990242116645,-0.17258158768276577,-1.1201942184852811
7.549999999999861,0.0,-0.999969482421875,0.0,-0.05918262384187038,-0.17295045610065637,-1.14068126904097
7.554999999999861,0.0,-0.999969482421875,0.0,-0.06104362851978568,-0.17272553860780818,-1.1490316371437894
7.559999999999861,0.0,-0.999969482421875,0.0,-0.05692310865535549,-0.17148027523967635,-1.110144299875071
7.564999999999861,0.0,-0.999969482421875,0.0,-0.038900565070067054,-0.17190959518091026,-1.1198346727743953
7.569999999999861,0.0,-0.999969482421875,0.0,-0.04280921631377425,-0.16737637026596974,-1.1411660881116104
7.574999999999861,0.0,-0.999969482421875,0.0,-0.045686146204474455,-0.16442077744269903,-1.114661545173011
7.579999999999861,0.0,-0.999969482421875,0.0,-0.029236062578061953,-0.16335650869038035,-1.1175373125585188
7.5849999999998605,0.0,-0.999969482421875,0.0,-0.024404575916003216,-0.16097432005627196,-1.0584959947164956
7.58999999999986,0.0,-0.999969482421875,0.0,-0.005224932638446724,-0.15642659930297284,-1.0838690390050352
7.59499999999986,0.0,-0.999969482421875,0.0,-0.0005007366565643358,-0.15296213893079055,-1.0108948674656193
7.59999999999986,0.0,-0.999969482421875,0.0,-0.021784571061978366,-0.13430729322169035,-0.7637847235868368
7.60499999999986,0.0,-0.999969482421875,0.0,0.00022032462161605468,-0.12784886003128837,-0.8823218906095586
7.60999999999986,0.0,-0.999969482421875,0.0,0.005284481918626441,-0.12391206135012556,-0.8524813269807179
7.61499999999986,0.0,-0.999969482421875,0.0,0.009942168876004562,-0.11965846245709824,-0.8207527349096373
7.61999999999986,0.0,-0.999969482421875,0.0,0.03471422198384795,-0.1319339903697432,-0.8245302536044639
7.62499999999986,0.0,-0.999969482421875,0.0,0.012773281623201117,-0.11080976386835621,-0.4164342250901914
7.62999999999986,0.0,-0.999969482421875,0.0,0.009446767635862476,-0.12064036700034665,-0.5523132363532199
7.6349999999998595,0.0,-0.999969482421875,0.0,0.01070009672661595,-0.12792947206541383,-0.6011584789905294
7.639999999999859,0.0,-0.999969482421875,0.0,0.011686524656935328,-0.13533626158317516,-0.6185110234266605
7.644999999999859,0.0,-0.999969482421875,0.0,0.02264483152468319,-0.11224394454153669,-0.33309770948758216
7.649999999999859,0.0,-0.999969482421875,0.0,0.013475616069778899,-0.12429007553604189,-0.38856627975430136
7.654999999999859,0.0,-0.999969482421875,0.0,0.00856607573403196,-0.14770254324330645,-0.5176901229848135
7.659999999999859,0.0,-0.999969482421875,0.0,-0.0038225583747642025,-0.18186713133039284,-0.5658963818799446
7.664999999999859,0.0,-0.999969482421875,0.0,-0.016570203230052483,-0.2007033400757975,-0.6344826691162851
7.669999999999859,0.0,-0.999969482421875,0.0,-0.03710283430506801,-0.23362961668071291,-0.6634164395180662
7.674999999999859,0.0,-0.999969482421875,0.0,-0.0559488246379824,-0.26285079372664916,-0.7544909921616001
7.6799999999998585,0.0,-0.999969482421875,0.0,-0.059263000313963046,-0.2774548101173148,-0.6383387466099566
7.684999999999858,0.0,-0.999969482421875,0.0,-0.08541592379336607,-0.31190421083607756,-0.8858228909199463
7.689999999999858,0.0,-0.999969482421875,0.0,-0.09799937041348906,-0.31955283290924796,-0.9331693139931306
7.694999999999858,0.0,-0.999969482421875,0.0,-0.1187383067977703,-0.3446253437370264,-0.9272880365162004
7.699999999999858,0.0,-0.999969482421875,0.0,-0.12243393437206089,-0.35263104496424025,-0.9058884007135796
7.704999999999858,0.0,-0.999969482421875,0.0,-0.12720421297068346,-0.35693172818578756,-0.7947811661956258
7.709999999999858,0.0,-0.999969482421875,0.0,-0.13238276078685698,-0.3522089722410845,-0.6966259123781244
7.714999999999858,0.0,-0.999969482421875,0.0,-0.1378711945171827,-0.34852065111574876,-0.6874101814343673
7.719999999999858,0.0,-0.999969482421875,0.0,-0.129665935506745,-0.333985464398227,-0.7247496766892002
7.7249999999998575,0.0,-0.999969482421875,0.0,-0.1248778943727951,-0.3181059091170314,-0.7294086039679364
7.729999999999857,0.0,-0.999969482421875,0.0,-0.12296199982380164,-0.3048011110753313,-0.7145298952919044
7.734999999999857,0.0,-0.999969482421875,0.0,-0.12148205137336372,-0.2914133605180683,-0.7082352636898891
7.739999999999857,0.0,-0.999969482421875,0.0,-0.11946147057540606,-0.2837775117366766,-0.7804035861706533
7.744999999999857,0.0,-0.999969482421875,0.0,-0.11811173412641646,-0.2766514642999798,-0.8267750709899979
7.749999999999857,0.0,-0.999969482421875,0.0,-0.11726769462610401,-0.2705700247652896,-0.8406800955026345
7.754999999999857,0.0,-0.999969482421875,0.0,-0.11640875707211054,-0.2644357979588778,-0.8369508629613049
7.759999999999857,0.0,-0.999969482421875,0.0,-0.11547084071107845,-0.2581942151946826,-0.8139717095218527
7.764999999999857,0.0,-0.999969482421875,0.0,-0.11453676913459955,-0.2520712439527556,-0.7746776921378917
7.769999999999857,0.0,-0.999969482421875,0.0,-0.11365066712974278,-0.24658560070634344,-0.7244484302539097
7.7749999999998565,0.0,-0.999969482421875,0.0,-0.11291888265072378,-0.24243839229656547,-0.6703828162092713
7.779999999999856,0.0,-0.999969482421875,0.0,-0.11244848138372349,-0.2404564738480674,-0.6184404538078857
7.784999999999856,0.0,-0.999969482421875,0.0,-0.11236313943843332,-0.24126667974785015,-0.5736129722937868
7.789999999999856,0.0,-0.999969482421875,0.0,-0.11283237203899589,-0.24517835403256863,-0.5398155633364573
7.794999999999856,0.0,-0.999969482421875,0.0,-0.11407254133561917,-0.2521633672688942,-0.5195371580722595
7.799999999999856,0.0,-0.999969482421875,0.0,-0.11627009708215842,-0.2618665276311076,-0.5135045558271575
7.804999999999856,0.0,-0.999969482421875,0.0,-0.11950463921177398,-0.2736990910859847,-0.519825655199329
7.809999999999856,0.0,-0.999969482421875,0.0,-0.12385513492532367,-0.287097354656533,-0.5341609335846094
7.814999999999856,0.0,-0.999969482421875,0.0,-0.1292801995949523,-0.3015052225708648,-0.5493859707028457
7.8199999999998555,0.0,-0.999969482421875,0.0,-0.14482443496548433,-0.26352150843314553,-0.10619737082771968
7.824999999999855,0.0,-0.999969482421875,0.0,-0.13756564601479318,-0.27435370187008995,-0.20720475004352162
7.829999999999855,0.0,-0.999969482421875,0.0,-0.08089334291040359,-0.3176576831997679,0.040297381731879356
7.834999999999855,0.0,-0.999969482421875,0.0,-0.07916267561665678,-0.38296866045294276,-0.08090122877225733
7.839999999999855,0.0,-0.999969482421875,0.0,-0.08094380445001101,-0.4330413201249036,-0.6222421449323124
7.844999999999855,0.0,-0.999969482421875,0.0,-0.12111920898465987,-0.44723934786286274,-0.6407785405288083
7.849999999999855,0.0,-0.999969482421875,0.0,-0.1351096915769048,-0.45346635346094066,-0.6904897220745588
7.854999999999855,0.0,-0.999969482421875,0.0,-0.16607436335625964,-0.4612727512110204,-0.573574856871088
7.859999999999855,0.0,-0.999969482421875,0.0,-0.1903809456468566,-0.46852241886020163,-0.6057274156744817
7.8649999999998546,0.0,-0.999969482421875,0.0,-0.20280078004881189,-0.4700360418225101,-0.7148969037066444
7.8699999999998544,0.0,-0.999969482421875,0.0,-0.2122861304283455,-0.4685242221887376,-0.7079276063748627
7.874999999999854,0.0,-0.999969482421875,0.0,-0.21461252309067427,-0.46897054592202925,-0.583594604672799
7.879999999999854,0.0,-0.999969482421875,0.0,-0.21416180887578945,-0.4642229733612015,-0.5473067194707913
7.884999999999854,0.0,-0.999969482421875,0.0,-0.21166137343902663,-0.4583250109363668,-0.5457262521503492
7.889999999999854,0.0,-0.999969482421875,0.0,-0.21298386970169653,-0.45044901329891696,-0.6010896366806326
7.894999999999854,0.0,-0.999969482421875,0.0,-0.20993196155394916,-0.4436961944645792,-0.6436759033483599
7.899999999999854,0.0,-0.999969482421875,0.0,-0.20649993830220403,-0.43796077230955,-0.6883448782504479
7.904999999999854,0.0,-0.999969482421875,0.0,-0.20365867181064,-0.43261450807913815,-0.7397881858744204
7.909999999999854,0.0,-0.999969482421875,0.0,-0.2012000594869042,-0.4277071409243802,-0.7898839983979777
7.9149999999998535,0.0,-0.999969482421875,0.0,-0.1987764225581974,-0.4231971744147856,-0.8320993377846563
7.919999999999853,0.0,-0.999969482421875,0.0,-0.19632272511514653,-0.4190031992024031,-0.8618842012470826
7.924999999999853,0.0,-0.999969482421875,0.0,-0.19409988945192777,-0.41498155918762236,-0.8746661637138758
7.929999999999853,0.0,-0.999969482421875,0.0,-0.192321464654164,-0.4107835117758576,-0.8643611185867213
7.934999999999853,0.0,-0.999969482421875,0.0,-0.19092953861993087,-0.4061309668555184,-0.8301123437331188
7.939999999999853,0.0,-0.999969482421875,0.0,-0.1897764788276347,-0.40142055310915586,-0.7749849933879974
7.944999999999853,0.0,-0.999969482421875,0.0,-0.188908963573963,-0.397470544470731,-0.7049897658814429
7.949999999999853,0.0,-0.999969482421875,0.0,-0.18841740171938817,-0.3951663557208087,-0.6298357461536013
7.954999999999853,0.0,-0.999969482421875,0.0,-0.18851923941237864,-0.39514654250431064,-0.5597374828843301
7.9599999999998525,0.0,-0.999969482421875,0.0,-0.1893029700647983,-0.3977660094024394,-0.5026586638562976
7.964999999999852,0.0,-0.999969482421875,0.0,-0.1907038357417162,-0.40302210091152746,-0.46296349856740876
7.969999999999852,0.0,-0.999969482421875,0.0,-0.19259290132609763,-0.4105550060476609,-0.44289006356285454
7.974999999999852,0.0,-0.999969482421875,0.0,-0.1948603876249972,-0.41978067742605235,-0.44210954436380406
7.979999999999852,0.0,-0.999969482421875,0.0,-0.19744746406502192,-0.4300700765402783,-0.45866751019849883
7.984999999999852,0.0,-0.999969482421875,0.0,-0.20029348116126597,-0.44085450204141335,-0.48799138438952583
7.989999999999852,0.0,-0.999969482421875,0.0,-0.20337795239694903,-0.45164785059916157,-0.5240444878476008
7.994999999999852,0.0,-0.999969482421875,0.0,-0.20695038388522377,-0.46217094631504474,-0.5599868714335008
7.999999999999852,0.0,-0.999969482421875,0.0,-0.21122257401304498,-0.4723081393360161,-0.5891076966941932
8.004999999999852,0.0,-0.999969482421875,0.0,-0.2190301015520583,-0.47569065049692066,-0.47689489749242076
8.009999999999852,0.0,-0.999969482421875,0.0,-0.22627959028254585,-0.47801385776601607,-0.4038940904363879
8.014999999999853,0.0,-0.999969482421875,0.0,-0.23894532633738572,-0.48157719872878413,-0.3125089089202723
8.019999999999854,0.0,-0.999969482421875,0.0,-0.24375331139362003,-0.48445152369369826,-0.3100282390395097
8.024999999999855,0.0,-0.999969482421875,0.0,-0.21705765212725692,-0.4403134363806319,-0.29873633876832456
8.029999999999855,0.0,-0.999969482421875,0.0,-0.1033042583843975,-0.4514860039690377,-1.4628543917512478
8.034999999999856,0.0,-0.999969482421875,0.0,-0.10772787475787028,-0.4125035305515208,-0.4029350891748036
8.039999999999857,0.0,-0.999969482421875,0.0,-0.11837214310183665,-0.41409902407209326,-0.01936407320817174
8.044999999999858,0.0,-0.999969482421875,0.0,-0.11625325536602091,-0.4181454518124758,0.18797745466579857
8.049999999999859,0.0,-0.999969482421875,0.0,-0.13981230645085715,-0.4210996570339615,-0.03268624308994833
8.05499999999986,0.0,-0.999969482421875,0.0,-0.11243590684489259,-0.40197750247345193,-0.12955093700735204
8.05999999999986,0.0,-0.999969482421875,0.0,-0.13317631930075952,-0.3810574747578362,-0.4836829444231087
8.064999999999861,0.0,-0.999969482421875,0.0,-0.1393997760992347,-0.37089165804363394,-0.5925674232744627
8.069999999999862,0.0,-0.999969482421875,0.0,-0.14411203000145315,-0.3586192986149275,-0.7093793485514924
8.074999999999863,0.0,-0.999969482421875,0.0,-0.14657618838935285,-0.34941284547028556,-0.7780018831860889
8.079999999999863,0.0,-0.999969482421875,0.0,-0.14780848270316863,-0.34045135318484343,-0.8195371418999507
8.084999999999864,0.0,-0.999969482421875,0.0,-0.14699726276595176,-0.33479363093833825,-0.8520379992579737
8.089999999999865,0.0,-0.999969482421875,0.0,-0.14572146362542593,-0.330182698039198,-0.8770494275368106
8.094999999999866,0.0,-0.999969482421875,0.0,-0.14406407453729897,-0.32650225311080805,-0.8921096266427504
8.099999999999866,0.0,-0.999969482421875,0.0,-0.14562841836775978,-0.3177635316051006,-0.7845366523461597
8.104999999999867,0.0,-0.999969482421875,0.0,-0.14563830016264956,-0.31130249518965075,-0.75469096751198
8.109999999999868,0.0,-0.999969482421875,0.0,-0.14753573871348302,-0.30750620388831423,-0.7430049524294013
8.114999999999869,0.0,-0.999969482421875,0.0,-0.146171082720172,-0.3055908559309688,-0.7594282252635829
8.11999999999987,0.0,-0.999969482421875,0.0,-0.14455671407561813,-0.30396090170754436,-0.7398487734497239
8.12499999999987,0.0,-0.999969482421875,0.0,-0.142906140626359,-0.30276194439121734,-0.6914379760936418
8.129999999999871,0.0,-0.999969482421875,0.0,-0.14135196449680132,-0.30211961849730423,-0.6196815509411117
8.134999999999872,0.0,-0.999969482421875,0.0,-0.1402336520150341,-0.302686795292104,-0.5403037889554262
8.139999999999873,0.0,-0.999969482421875,0.0,-0.13981105810579358,-0.3050915769727439,-0.4688038672221814
8.144999999999873,0.0,-0.999969482421875,0.0,-0.14008431066726917,-0.3093269891165046,-0.4099630914912943
8.149999999999874,0.0,-0.999969482421875,0.0,-0.14099881853811583,-0.315205536846037,-0.36695015514296325
8.154999999999875,0.0,-0.999969482421875,0.0,-0.14251063567234484,-0.32243790917646775,-0.341293702553144
8.159999999999876,0.0,-0.999969482421875,0.0,-0.14459227630677818,-0.3307229064419458,-0.3315137879462283
8.164999999999877,0.0,-0.999969482421875,0.0,-0.14718066453820264,-0.3397576750879027,-0.3329414832115195
8.169999999999877,0.0,-0.999969482421875,0.0,-0.15010506971642423,-0.3491536486076664,-0.3387325936410728
8.174999999999878,0.0,-0.999969482421875,0.0,-0.15326759510228002,-0.35845701759156134,-0.343165342143567
8.179999999999879,0.0,-0.999969482421875,0.0,-0.15664591763819702,-0.36758679871469024,-0.33928560761591753
8.18499999999988,0.0,-0.999969482421875,0.0,-0.16018621427710059,-0.376438677653471,-0.32112856862870004
8.18999999999988,0.0,-0.999969482421875,0.0,-0.16387196764033904,-0.3844833112824595,-0.2846225001706071
8.194999999999881,0.0,-0.999969482421875,0.0,-0.1673962109140382,-0.3912053127386194,-0.22744593027110338
8.199999999999882,0.0,-0.999969482421875,0.0,-0.17021589890177924,-0.3961792136110782,-0.15319302211504757
8.204999999999883,0.0,-0.999969482421875,0.0,-0.17209020264340058,-0.39931250345139657,-0.06829526214729793
8.209999999999884,0.0,-0.999969482421875,0.0,-0.11868760984191856,-0.39122353175333985,0.33775028697056114
8.214999999999884,0.0,-0.999969482421875,0.0,-0.0828188832115078,-0.39105297234516756,0.26249593320951775
8.219999999999885,0.0,-0.999969482421875,0.0,-0.06399820806315304,-0.3814176151628788,0.2109628589817373
8.224999999999886,0.0,-0.999969482421875,0.0,-0.052563040788983634,-0.3654359069738735,-0.028889910124598073
8.229999999999887,0.0,-0.999969482421875,0.0,-0.06759686930630633,-0.3510479156033142,-0.08010543676633514
8.234999999999888,0.0,-0.999969482421875,0.0,-0.07813074805824462,-0.33308173607175917,-0.22259156397895632
8.239999999999888,0.0,-0.999969482421875,0.0,-0.07325594591297462,-0.31491417655893916,-0.3308375671871159
8.244999999999889,0.0,-0.999969482421875,0.0,-0.09005627302817339,-0.300616778846929,-0.22216907561086346
8.24999999999989,0.0,-0.999969482421875,0.0,-0.11048427711147887,-0.2824515434013892,-0.23999235184672957
8.25499999999989,0.0,-0.999969482421875,0.0,-0.12580503292845507,-0.26833926526412955,-0.4197830345217367
8.259999999999891,0.0,-0.999969482421875,0.0,-0.1306992524084844,-0.2525874732234485,-0.35794295178505864
8.264999999999892,0.0,-0.999969482421875,0.0,-0.13092841225558305,-0.24305789781004264,-0.4761280353317159
8.269999999999893,0.0,-0.999969482421875,0.0,-0.13015544634129325,-0.2345831811417401,-0.546517012592723
8.274999999999894,0.0,-0.999969482421875,0.0,-0.12852128939098573,-0.22753164741891269,-0.5990765495456545
8.279999999999895,0.0,-0.999969482421875,0.0,-0.12627797889108514,-0.22162493695773292,-0.6327234700987963
8.284999999999895,0.0,-0.999969482421875,0.0,-0.12375716485532487,-0.21658554088355517,-0.6467422087649605
8.289999999999896,0.0,-0.999969482421875,0.0,-0.12119959737975823,-0.2120572585776706,-0.6393190343510019
8.294999999999897,0.0,-0.999969482421875,0.0,-0.11882006428140773,-0.20776271208357372,-0.6103425810677219
8.299999999999898,0.0,-0.999969482421875,0.0,-0.11558748728388119,-0.2054184734693792,-0.6050802942836261
8.304999999999898,0.0,-0.999969482421875,0.0,-0.11331765823244126,-0.20361838399369925,-0.5629009889920485
8.3099999999999,0.0,-0.999969482421875,0.0,-0.11178633218350972,-0.20268930286080558,-0.4928825277169128
8.3149999999999,0.0,-0.999969482421875,0.0,-0.11046212719396578,-0.2018425928459449,-0.3910317851934041
8.3199999999999,0.0,-0.999969482421875,0.0,-0.11002183906885944,-0.2031015178876768,-0.29887916577241885
8.324999999999902,0.0,-0.999969482421875,0.0,-0.11046088246373138,-0.2065792010605735,-0.22077843773311717
8.329999999999902,0.0,-0.999969482421875,0.0,-0.1116889355298732,-0.21215952908500618,-0.15994014748826452
8.334999999999903,0.0,-0.999969482421875,0.0,-0.11357338416214748,-0.21953150014747153,-0.11791663900544416
8.339999999999904,0.0,-0.999969482421875,0.0,-0.11598766039002584,-0.22831718043276214,-0.09413317336333472
8.344999999999905,0.0,-0.999969482421875,0.0,-0.11883228152660039,-0.23808184033307425,-0.08589757668679798
8.349999999999905,0.0,-0.999969482421875,0.0,-0.12202872257606012,-0.24840365462944933,-0.08793301065920386
8.354999999999906,0.0,-0.999969482421875,0.0,-0.12536975810986895,-0.25889197000208974,-0.09212382978370975
8.359999999999907,0.0,-0.999969482421875,0.0,-0.1288015520319647,-0.26911570133343515,-0.09071543936722098
8.364999999999908,0.0,-0.999969482421875,0.0,-0.13231342427354972,-0.2788789700965171,-0.07547714499120556
8.369999999999909,0.0,-0.999969482421875,0.0,-0.13594740667858674,-0.2879966435009284,-0.03964965604107766
8.37499999999991,0.0,-0.999969482421875,0.0,-0.1396599170024674,-0.2959215321685939,0.017245215699465993
8.37999999999991,0.0,-0.999969482421875,0.0,-0.1430109132451712,-0.3020891420710083,0.09381259046232605
8.384999999999911,0.0,-0.999969482421875,0.0,-0.14552224049473914,-0.3061452178300112,0.18584355122334134
8.389999999999912,0.0,-0.999969482421875,0.0,-0.13853995318392207,-0.3626022911299948,1.2836707792140511
8.394999999999913,0.0,-0.999969482421875,0.0,-0.13503463309561217,-0.391532131912008,1.7041413066095035
8.399999999999913,0.0,-0.999969482421875,0.0,-0.04067312959416905,-0.330128132058217,0.5894836994251234
8.404999999999914,0.0,-0.999969482421875,0.0,-0.04207883513701851,-0.2921077832591732,0.08054088882627741
8.409999999999915,0.0,-0.999969482421875,0.0,-0.01711800213639278,-0.31078363807831766,0.44198588227960534
8.414999999999916,0.0,-0.999969482421875,0.0,-0.028610433013519544,-0.3152647023860629,0.5893086254797326
8.419999999999916,0.0,-0.999969482421875,0.0,-0.036189794758865974,-0.3135814680618164,0.1001094834594552
8.424999999999917,0.0,-0.999969482421875,0.0,-0.04290050937807635,-0.2942224143662166,-0.14927391868256465
8.429999999999918,0.0,-0.999969482421875,0.0,-0.060023961617185616,-0.2764056467477924,-0.3427824959904331
8.434999999999919,0.0,-0.999969482421875,0.0,-0.06686116113487757,-0.2579621009096026,-0.5285731266186271
8.43999999999992,0.0,-0.999969482421875,0.0,-0.06228228624590358,-0.24838753456676813,-0.5693407249421404
8.44499999999992,0.0,-0.999969482421875,0.0,-0.06820411976193498,-0.23478211202502963,-0.5726284098212616
8.449999999999921,0.0,-0.999969482421875,0.0,-0.0696963003338296,-0.22561901678095916,-0.6245139278092052
8.454999999999922,0.0,-0.999969482421875,0.0,-0.06817106239518646,-0.2188791303999463,-0.6518504094592477
8.459999999999923,0.0,-0.999969482421875,0.0,-0.06510496747018636,-0.21382423887839216,-0.6630667396665757
8.464999999999923,0.0,-0.999969482421875,0.0,-0.061884840627746046,-0.20992330187508454,-0.6632209245450142
8.469999999999924,0.0,-0.999969482421875,0.0,-0.056857691248767335,-0.20756960948372824,-0.6806948909732566
8.474999999999925,0.0,-0.999969482421875,0.0,-0.05228268354987709,-0.2050438190816152,-0.6653910419757446
8.479999999999926,0.0,-0.999969482421875,0.0,-0.04860054732767064,-0.2026276561843725,-0.6193485785740824
8.484999999999927,0.0,-0.999969482421875,0.0,-0.046317706126870035,-0.20053029493146565,-0.5461698858491715
8.489999999999927,0.0,-0.999969482421875,0.0,-0.04493024852947299,-0.1995564905081752,-0.4693348072827784
8.494999999999928,0.0,-0.999969482421875,0.0,-0.044373860680619576,-0.19993662257481815,-0.392547658920786
8.499999999999929,0.0,-0.999969482421875,0.0,-0.044624708451012435,-0.20187506538931058,-0.32090191590065326
8.50499999999993,0.0,-0.999969482421875,0.0,-0.04563700202206098,-0.20549650466875533,-0.25865567099143616
8.50999999999993,0.0,-0.999969482421875,0.0,-0.04733109554414241,-0.21078188485151148,-0.20939535402564213
8.514999999999931,0.0,-0.999969482421875,0.0,-0.04960159588308821,-0.21756623585614426,-0.1752757672647024
8.519999999999932,0.0,-0.999969482421875,0.0,-0.05235395681276805,-0.22559963602448385,-0.15665800626785942
8.524999999999933,0.0,-0.999969482421875,0.0,-0.0554950734231698,-0.23457648308145002,-0.1518643807994493
8.529999999999934,0.0,-0.999969482421875,0.0,-0.05892651059582408,-0.24417507993475915,-0.1566846011164331
8.534999999999934,0.0,-0.999969482421875,0.0,-0.06251714720702291,-0.25408848357054337,-0.1639433145008454
8.539999999999935,0.0,-0.999969482421875,0.0,-0.06622558958404404,-0.2638364150829548,-0.1664527465863006
8.544999999999936,0.0,-0.999969482421875,0.0,-0.07008428596089476,-0.27312558935983094,-0.15760527841464245
8.549999999999937,0.0,-0.999969482421875,0.0,-0.0740878782230602,-0.2817526565257757,-0.1305396251469099
8.554999999999938,0.0,-0.999969482421875,0.0,-0.07828801840422346,-0.28917552295070686,-0.0826127941281434
8.559999999999938,0.0,-0.999969482421875,0.0,-0.0822699308870548,-0.29482607512145037,-0.015016971557574671
8.564999999999939,0.0,-0.999969482421875,0.0,-0.085425362381189,-0.29830582816416107,0.06731563129096885
8.56999999999994,0.0,-0.999969482421875,0.0,-0.08751462146700183,-0.29964682768058953,0.15612476668348596
8.57499999999994,0.0,-0.999969482421875,0.0,-0.022182146609830977,-0.3425407196828756,0.26133366721980344
8.579999999999941,0.0,-0.999969482421875,0.0,-0.003990726685058264,-0.3683495652334001,0.19457902057825377
8.584999999999942,0.0,-0.999969482421875,0.0,0.011870527815271547,-0.3836953644771506,0.14010827205246057
8.589999999999943,0.0,-0.999969482421875,0.0,-0.011157670573102144,-0.35713360750970274,0.4556788640213496
8.594999999999944,0.0,-0.999969482421875,0.0,-0.015388120102385768,-0.330409910654105,0.28223095996878933
8.599999999999945,0.0,-0.999969482421875,0.0,-0.019263264569221467,-0.3141670287552059,0.045061941025381025
8.604999999999945,0.0,-0.999969482421875,0.0,-0.029580283089903223,-0.2957209938695362,-0.12339024135954002
8.609999999999946,0.0,-0.999969482421875,0.0,-0.03559180087476439,-0.28017101202978917,-0.27176265370091945
8.614999999999947,0.0,-0.999969482421875,0.0,-0.04600130967652419,-0.26281352683770487,-0.2264912492320877
8.619999999999948,0.0,-0.999969482421875,0.0,-0.06117898551002355,-0.2379645592182599,-0.09393380023950593
8.624999999999948,0.0,-0.999969482421875,0.0,-0.0661008070267988,-0.22596808535121868,-0.31920119016369186
8.62999999999995,0.0,-0.999969482421875,0.0,-0.0669504435625413,-0.21615724254703986,-0.4658494483591996
8.63499999999995,0.0,-0.999969482421875,0.0,-0.06369032544884047,-0.20828756808028714,-0.5577278838164644
8.63999999999995,0.0,-0.999969482421875,0.0,-0.059713864586015034,-0.20107914976529498,-0.6126245156463409
8.644999999999952,0.0,-0.999969482421875,0.0,-0.05552678282928544,-0.19447947317585157,-0.636633647571096
8.649999999999952,0.0,-0.999969482421875,0.0,-0.051600164767741215,-0.18825582244343775,-0.6330750580315004
8.654999999999953,0.0,-0.999969482421875,0.0,-0.04853227274541522,-0.18215395836527992,-0.5984986155233365
8.659999999999954,0.0,-0.999969482421875,0.0,-0.0461300729344611,-0.17656558509315615,-0.5446442079556514
8.664999999999955,0.0,-0.999969482421875,0.0,-0.04446229539840912,-0.171953040733257,-0.4737719598002047
8.669999999999956,0.0,-0.999969482421875,0.0,-0.043611394833190285,-0.16895023695637104,-0.38981889345344845
8.674999999999956,0.0,-0.999969482421875,0.0,-0.04360021733010547,-0.16817047260205634,-0.300029542358227
8.679999999999957,0.0,-0.999969482421875,0.0,-0.04447442299540453,-0.16997703226763367,-0.21344818507653174
8.684999999999958,0.0,-0.999969482421875,0.0,-0.04617509140441161,-0.17449980665604384,-0.13766134931929183
8.689999999999959,0.0,-0.999969482421875,0.0,-0.04856256601591067,-0.1815688169334218,-0.07792724539410922
8.69499999999996,0.0,-0.999969482421875,0.0,-0.05147307579813189,-0.1907459985850101,-0.03677136534775446
8.69999999999996,0.0,-0.999969482421875,0.0,-0.05477832175176327,-0.20144891307353494,-0.014533951576653208
8.704999999999961,0.0,-0.999969482421875,0.0,-0.05840262618259381,-0.21310247718835537,-0.008993333684154017
8.709999999999962,0.0,-0.999969482421875,0.0,-0.06227909329448283,-0.2252072359755657,-0.014429305359164236
8.714999999999963,0.0,-0.999969482421875,0.0,-0.06629359305156463,-0.23742087718179153,-0.02154824370367717
8.719999999999963,0.0,-0.999969482421875,0.0,-0.07027832825288456,-0.2494176917596705,-0.02083452343594206
8.724999999999964,0.0,-0.999969482421875,0.0,-0.074166563834203,-0.2610521801724071,-0.005787100155749144
8.729999999999965,0.0,-0.999969482421875,0.0,-0.0779827970732508,-0.27238753667543514,0.03253348733798581
8.734999999999966,0.0,-0.999969482421875,0.0,-0.08168449503520231,-0.2825861492219245,0.10163129270151483
8.739999999999966,0.0,-0.999969482421875,0.0,-0.0849360768220953,-0.2908563403802956,0.20053717903287335
8.744999999999967,0.0,-0.999969482421875,0.0,-0.08719746473271918,-0.29669111337603904,0.31832586759134807
8.749999999999968,0.0,-0.999969482421875,0.0,-0.08832607756176071,-0.3000460209274819,0.44546311066330285
8.754999999999969,0.0,-0.999969482421875,0.0,-0.04620476919633364,-0.2795735215119761,0.2587004892303377
8.75999999999997,0.0,-0.999969482421875,0.0,-0.019664650072984874,-0.26501794191953676,0.284090949801384
8.76499999999997,0.0,-0.999969482421875,0.0,0.01591754870707828,-0.2874974670824802,0.4600284075323003
8.769999999999971,0.0,-0.999969482421875,0.0,0.022536458570914256,-0.26531253146192335,1.0086809064213695
8.774999999999972,0.0,-0.999969482421875,0.0,0.027310698677012933,-0.2735035253750586,0.7296207136332681
8.779999999999973,0.0,-0.999969482421875,0.0,-0.017301043694475854,-0.2613000130726493,0.36300479274654135
8.784999999999973,0.0,-0.999969482421875,0.0,-0.02482417889962936,-0.23189002479368814,0.2971224074131133
8.789999999999974,0.0,-0.999969482421875,0.0,-0.04001348083399868,-0.22832996676634146,-0.06017986588343038
8.794999999999975,0.0,-0.999969482421875,0.0,-0.0397991988342499,-0.22040261153592822,-0.18503923485215626
8.799999999999976,0.0,-0.999969482421875,0.0,-0.05604856182538782,-0.207202074927702,-0.10393395091595144
8.804999999999977,0.0,-0.999969482421875,0.0,-0.060955674656753396,-0.1925333694720284,-0.2374176343040409
8.809999999999977,0.0,-0.999969482421875,0.0,-0.06175352631961826,-0.18019389210381148,-0.36851740327832694
8.814999999999978,0.0,-0.999969482421875,0.0,-0.06138167997224964,-0.17086587646285706,-0.46533202379858957
8.819999999999979,0.0,-0.999969482421875,0.0,-0.05959890559472217,-0.16327273281796228,-0.5368153147089153
8.82499999999998,0.0,-0.999969482421875,0.0,-0.05699876327541763,-0.15695980744165489,-0.5808698046909576
8.82999999999998,0.0,-0.999969482421875,0.0,-0.05093857575985963,-0.15270403719143819,-0.6542941508368183
8.834999999999981,0.0,-0.999969482421875,0.0,-0.044995261005425106,-0.147694306636075,-0.6576060911242602
8.839999999999982,0.0,-0.999969482421875,0.0,-0.0395294431054805,-0.14276391876533595,-0.6145602473424459
8.844999999999983,0.0,-0.999969482421875,0.0,-0.034893116608009214,-0.13848899214779842,-0.541173269858394
8.849999999999984,0.0,-0.999969482421875,0.0,-0.03138060332647883,-0.1354397066254163,-0.4496959330171108
8.854999999999984,0.0,-0.999969482421875,0.0,-0.029369705349635036,-0.13405310758728964,-0.34596254690268663
8.859999999999985,0.0,-0.999969482421875,0.0,-0.02870276399735317,-0.13494871520153262,-0.2488869542372123
8.864999999999986,0.0,-0.999969482421875,0.0,-0.02932856098118824,-0.13831592548627694,-0.16486873265278662
8.869999999999987,0.0,-0.999969482421875,0.0,-0.03108615404613669,-0.14410038663368957,-0.09890780340459408
8.874999999999988,0.0,-0.999969482421875,0.0,-0.03372574072182445,-0.15198338724523983,-0.05402872395057087
8.879999999999988,0.0,-0.999969482421875,0.0,-0.03695826031341029,-0.16147741336375734,-0.031133914778044156
8.88499999999999,0.0,-0.999969482421875,0.0,-0.04054926137537829,-0.17205451633846125,-0.028354543761315847
8.88999999999999,0.0,-0.999969482421875,0.0,-0.04438656487516978,-0.18321223141163612,-0.04131085657839194
8.89499999999999,0.0,-0.999969482421875,0.0,-0.04836364854204662,-0.19452582728141948,-0.06392195083333954
8.899999999999991,0.0,-0.999969482421875,0.0,-0.0523811922580173,-0.2054709807673764,-0.08855905853113143
8.904999999999992,0.0,-0.999969482421875,0.0,-0.05647930497685943,-0.21555468261508018,-0.10658507351919465
8.909999999999993,0.0,-0.999969482421875,0.0,-0.06067472105726138,-0.22471314617948693,-0.10467041488449047
8.914999999999994,0.0,-0.999969482421875,0.0,-0.06489203937755919,-0.23257522908192316,-0.0765817734352851
8.919999999999995,0.0,-0.999969482421875,0.0,-0.06890484462456971,-0.23852234826082083,-0.02319625809759964
8.924999999999995,0.0,-0.92938232421875,0.0,-0.07217696297099284,-0.2403844572560104,0.0493784546688277
8.929999999999996,0.0,-0.77252197265625,0.0,-0.07372702191711358,-0.2363915339732725,0.12623525753394813
8.934999999999997,0.0,-0.576446533203125,0.0,-0.07203799108821933,-0.22685463831020009,0.19300119890896877
8.939999999999998,0.0,-0.560760498046875,0.0,-0.07302071185038776,-0.24647186913047797,1.1692244324633847
8.944999999999999,0.0,-0.466644287109375,0.0,-0.07706195023255502,-0.2492053887174356,1.522106596217434
8.95,0.0,-0.388214111328125,0.0,-0.10319482030364037,-0.2836779156019729,2.173699567357728
8.955,0.0,-0.388214111328125,0.0,0.05784610184305837,-0.163270782047777,1.866010533625996
8.96,0.0,-0.168609619140625,0.0,0.06934479061600478,-0.1406422074296637,0.8105111044891147
8.965000000000002,0.0,-0.168609619140625,0.0,0.07423171311324725,-0.1419486590845717,0.20249938672320766
8.970000000000002,0.0,0.0,0.0,0.07159156846235779,-0.1163614485090264,0.005938221370888785
8.975000000000003,0.0,0.0,0.0,0.07000830079574001,-0.11366170766784328,0.035627333365871434
8.980000000000004,0.0,0.0,0.0,0.06393131126124485,-0.09616608378015547,0.10652051438214921
8.985000000000005,0.0,0.0,0.0,0.0572202070712393,-0.08848297277284903,0.18750687863971083
8.990000000000006,0.0,0.0,0.0,0.06666074525231323,-0.0943055364554479,-0.15264901800124864
8.995000000000006,0.0,0.0,0.0,0.07782811476975565,-0.09116116238048572,-0.1253486332929449
9.000000000000007,0.0,0.0,0.0,0.07902635699096362,-0.08814897027102435,0.027422137396065083
9.005000000000008,0.0,0.0,0.0,0.0785109074255338,-0.08928316320370089,0.12326211822293476
9.010000000000009,0.0,0.0,0.0,0.07637183272609742,-0.09307012282095763,0.182886937289659
9.01500000000001,0.0,0.0,0.0,0.0729274789912186,-0.09850886843826456,0.21943121442827296
9.02000000000001,0.0,0.0,0.0,0.06860858719846738,-0.10484503812371432,0.2407812643967134
9.025000000000011,0.0,0.0,0.0,0.06387244560615982,-0.11151391176708068,0.25199725642727105
9.030000000000012,0.0,0.0,0.0,0.05911628497191489,-0.11810738373297185,0.2563761452502907
9.035000000000013,0.0,0.0,0.0,0.054640427046237616,-0.12434254497282127,0.256018588796751
9.040000000000013,0.0,0.0,0.0,0.050650340794791235,-0.13007441977650186,0.25238215301965466
9.045000000000014,0.0,0.0,0.0,0.04724342087659701,-0.13529018874237775,0.24694502900639792
9.050000000000015,0.0,0.0,0.0,0.04440191723951911,-0.14008741929370733,0.24148675275669976
9.055000000000016,0.0,0.0,0.0,0.04201847385159566,-0.14461325741995532,0.23716884141803773
9.060000000000016,0.0,0.0,0.0,0.03996117507669404,-0.14895018279537875,0.23552634089190927
9.065000000000017,0.0,0.0,0.0,0.03812421638381084,-0.15314968250729805,0.2381153151087215
9.070000000000018,0.0,0.0,0.0,0.03642375248416249,-0.15725339598185215,0.24559344319098164
9.075000000000019,0.0,0.0,0.0,0.034818921418162035,-0.16124227836431884,0.25740001910762567
9.08000000000002,0.0,0.0,0.0,0.04384794710287156,-0.16017362500546264,0.30933471363439063
9.08500000000002,0.0,0.0,0.0,0.055974843089726375,-0.15021161016387002,0.4608003426435459
9.090000000000021,0.0,0.0,0.0,0.05919074097355363,-0.1598507422491465,0.40534566326427146
9.095000000000022,0.0,0.0,0.0,0.05575727951415814,-0.15499907646640274,0.4354182302989329
9.100000000000023,0.0,0.0,0.0,0.05870726397881338,-0.1384525783198718,0.5860963421266312
9.105000000000024,0.0,0.0,0.0,0.05553713278925716,-0.1416459843312784,0.5362065303976862
9.110000000000024,0.0,0.0,0.0,0.033536966511313715,-0.06413997156549747,0.36708033458815137
9.115000000000025,0.0,0.0,0.0,0.08174046403614808,-0.10308718910197315,0.25488537733733174
9.120000000000026,0.0,0.0,0.0,0.08752040700414923,-0.07345232924090025,0.3922444669761863
9.125000000000027,0.0,0.0,0.0,0.06000492137620976,-0.08345455453160858,0.6452603871251518
9.130000000000027,0.0,0.0,0.0,0.05088082422195342,-0.08575858271048865,0.5441854377244406
9.135000000000028,0.0,0.0,0.0,0.033770911850520294,-0.08653223424365258,0.536780576416884
9.140000000000029,0.0,0.0,0.0,0.026751337899915146,-0.10159925376579158,0.5626027154623567
9.14500000000003,0.0,0.0,0.0,0.02278019658483395,-0.10368289250800458,0.5180065449601818
9.15000000000003,0.0,0.0,0.0,0.020508699386832894,-0.10851146773918238,0.5077977183505139
9.155000000000031,0.0,0.0,0.0,0.017416531178304426,-0.11538965251040896,0.5296600224354899
9.160000000000032,0.0,0.0,0.0,0.01422942320391059,-0.11911802637364427,0.5410984883317931
9.165000000000033,0.0,0.0,0.0,0.012444428695413396,-0.12107280178124596,0.5421607735947742
9.170000000000034,0.0,0.0,0.0,0.011582597789346276,-0.12225111725277149,0.5429754067595699
9.175000000000034,0.0,0.0,0.0,6.089413976766156e-05,-0.11536080092341384,0.11594147229759538
9.180000000000035,0.0,0.0,0.0,0.002063804738865585,-0.11182273472193717,-0.02493512038320589
9.185000000000036,0.0,0.0,0.0,-0.00949823131215477,-0.10518752319722335,-0.08222523205482159
9.190000000000037,0.0,0.0,0.0,-0.0036892055210434784,-0.09641961359033965,-0.08304273320112296
9.195000000000038,0.0,0.0,0.0,0.0011665894291602143,-0.08297435855605108,-0.031111787997901028
9.200000000000038,0.0,0.0,0.0,0.0048152952622925954,-0.06874884693224588,0.006470970622697032
9.20500000000004,0.0,0.0,0.0,0.01010041041625495,-0.061996643291844775,0.07112323816557498
9.21000000000004,0.0,0.0,0.0,0.01898149852173677,-0.049485247563861585,0.17248727150291665
9.21500000000004,0.0,0.0,0.0,0.027916851241094814,-0.04513325807891361,0.21336037062667054
9.220000000000041,0.0,0.0,0.0,0.03081270383487872,-0.04251249466290286,0.21920473284331699
9.225000000000042,0.0,0.0,0.0,0.03729274445861964,-0.03714888708245662,0.2751669212889745
9.230000000000043,0.0,0.0,0.0,0.03923579223561591,-0.03323903136267708,0.29293883847397556
9.235000000000044,0.0,0.0,0.0,0.04024991476141285,-0.031071083113097208,0.32351876491862747
9.240000000000045,0.0,0.0,0.0,0.04019306889699418,-0.030324035217932428,0.33674755250307153
9.245000000000045,0.0,0.0,0.0,0.03724780999290796,-0.029906771828234743,0.36613798650499085
9.250000000000046,0.0,0.0,0.0,0.03470428159686516,-0.029194177853244345,0.39836171956079885
9.255000000000047,0.0,0.0,0.0,0.03343056443341121,-0.02916856548321428,0.41179026394360857
9.260000000000048,0.0,0.0,0.0,0.03149706233783626,-0.028855002751406948,0.39827354278466376
9.265000000000049,0.0,0.0,0.0,0.028795165244573852,-0.030508583791765395,0.37543675993141407
9.27000000000005,0.0,0.0,0.0,0.02501252409006734,-0.03306807809135042,0.3607101411968744
9.27500000000005,0.0,0.0,0.0,0.020543201720865163,-0.03457164099769613,0.3496982544786352
9.28000000000005,0.0,0.0,0.0,0.016466683984102514,-0.03667798688975367,0.3329718364946334
9.285000000000052,0.0,0.0,0.0,0.01151540670582201,-0.03871638700744354,0.3192556622598272
9.290000000000052,0.0,0.0,0.0,0.006622303370346768,-0.0401491152539863,0.30500772700567685
9.295000000000053,0.0,0.0,0.0,0.0014827114718241443,-0.041779452651185815,0.286366456072294
9.300000000000054,0.0,0.0,0.0,-0.003815888589582441,-0.043518207664447764,0.2667959542398739
9.305000000000055,0.0,0.0,0.0,-0.009130656595692968,-0.045337570481393016,0.24954334633199043
9.310000000000056,0.0,0.0,0.0,-0.014431413867466228,-0.04719242480174524,0.2333777697667245
9.315000000000056,0.0,0.0,0.0,-0.0196486820766004,-0.0491327114088619,0.21791616272476008
9.320000000000057,0.0,0.0,0.0,-0.02470041897569355,-0.05113288101241991,0.20352202758825888
9.325000000000058,0.0,0.0,0.0,-0.029515590438788104,-0.05316748087634642,0.19090823735914494
9.330000000000059,0.0,0.0,0.0,-0.03403419748529137,-0.05519835493430939,0.1802694637548005
9.33500000000006,0.0,0.0,0.0,-0.03822184265206729,-0.057189237230865574,0.17156373619949747
9.34000000000006,0.0,0.0,0.0,-0.042067270385126504,-0.05912752795549057,0.1646422344035611
9.345000000000061,0.0,0.0,0.0,-0.03984363417700339,-0.05619465546563966,0.16070339572580739
9.350000000000062,0.0,0.0,0.0,-0.03881757285199882,-0.05497028561672705,0.15334597336535757
9.355000000000063,0.0,0.0,0.0,-0.038681632498370984,-0.05452035562989227,0.1390682840898854
9.360000000000063,0.0,0.0,0.0,-0.039165336096773466,-0.05530274750095021,0.12247816944220513
9.365000000000064,0.0,0.0,0.0,-0.0385227427226924,-0.05594200572324792,0.12458194642912791
9.370000000000065,0.0,0.0,0.0,-0.03755911978567447,-0.05647362895793083,0.12694642063119307
9.375000000000066,0.0,0.0,0.0,-0.036336991061339086,-0.05665379415917994,0.1268654545004619
9.380000000000067,0.0,0.0,0.0,-0.03490691318565496,-0.05657841688094854,0.12446044456568836
9.385000000000067,0.0,0.0,0.0,-0.03306600993593615,-0.055957258908455,0.124210380896811
9.390000000000068,0.0,0.0,0.0,-0.031007126357135636,-0.05525662359854192,0.12268296370352974
9.395000000000069,0.0,0.0,0.0,-0.028636725245687257,-0.054223912053658355,0.12174944500934043
9.40000000000007,0.0,0.0,0.0,-0.026031556185286943,-0.05288007166381247,0.12099425567828853
9.40500000000007,0.0,0.0,0.0,-0.02317541612459638,-0.05129629005529173,0.12046973664118447
9.410000000000071,0.0,0.0,0.0,-0.02020636429361115,-0.04962863517348297,0.12072783668497186
9.415000000000072,0.0,0.0,0.0,-0.017206543288655975,-0.04785497442370382,0.12032466326418119
9.420000000000073,0.0,0.0,0.0,-0.014141746901311633,-0.04603870213334401,0.12121107268473942
9.425000000000074,0.0,0.0,0.0,-0.011102073681668852,-0.0442115209451295,0.12163735870892366
9.430000000000074,0.0,0.0,0.0,-0.008147599375937025,-0.0423341456370745,0.12234997503659466
9.435000000000075,0.0,0.0,0.0,-0.0052437510054607825,-0.0404804466748372,0.12295732473654207
9.440000000000076,0.0,0.0,0.0,-0.002456720436494333,-0.03867672241235456,0.12432597177863466
9.445000000000077,0.0,0.0,0.0,0.000180078572610549,-0.036904784553589545,0.12546045189327815
9.450000000000077,0.0,0.0,0.0,0.0026787663389591563,-0.03518901881632502,0.1265302006359456
9.455000000000078,0.0,0.0,0.0,0.004975159301440617,-0.033548104473971795,0.12764187507172642
9.460000000000079,0.0,0.0,0.0,0.007133694621070778,-0.031956098218120406,0.128849391204916
9.46500000000008,0.0,0.0,0.0,0.009095881497481707,-0.030388498918786006,0.1299259536717601
9.47000000000008,0.0,0.0,0.0,0.010876511996791783,-0.028868479074897917,0.13083126541202283
9.475000000000081,0.0,0.0,0.0,0.01246834309186685,-0.02737257638400506,0.13127954128710537
9.480000000000082,0.0,0.0,0.0,0.013877155539341478,-0.025922534162557524,0.13158010908615492
9.485000000000083,0.0,0.0,0.0,0.015118789781560714,-0.024514487287860005,0.13187315624694881
9.490000000000084,0.0,0.0,0.0,0.016199815583633318,-0.023152922033951445,0.13220837511007716
9.495000000000084,0.0,0.0,0.0,0.017123079240800657,-0.021848911670781356,0.13253688398621863
9.500000000000085,0.0,0.0,0.0,0.017883377865807945,-0.02059679614885064,0.132749003038923
9.505000000000086,0.0,0.0,0.0,0.018515186375038305,-0.019401325901707085,0.13301841526665611
9.510000000000087,0.0,0.0,0.0,0.019026520186196598,-0.018259331641429496,0.13324062936735012
9.515000000000088,0.0,0.0,0.0,0.01636071928329035,-0.019025301619862704,0.12830301378014786
9.520000000000088,0.0,0.0,0.0,0.01771005220817193,-0.017481648660829786,0.1339285669745889
9.52500000000009,0.0,0.0,0.0,0.019049280306714815,-0.015433432601303735,0.1372426281633662
9.53000000000009,0.0,0.0,0.0,0.019666443324125094,-0.014182990370070685,0.13633127170116172
9.53500000000009,0.0,0.0,0.0,0.01703451426405716,-0.014949659485269391,0.13105813266127433
9.540000000000092,0.0,0.0,0.0,0.018210266186818286,-0.013236933666690452,0.13463914429250257
9.545000000000092,0.0,0.0,0.0,0.019382480534915956,-0.01187094843824257,0.1390515205214636
9.550000000000093,0.0,0.0,0.0,0.01986758038453351,-0.010843727950516928,0.13790739451146383
9.555000000000094,0.0,0.0,0.0,0.019892736574290252,-0.010147347952897484,0.13454455249279457
9.560000000000095,0.0,0.0,0.0,0.019751814993755973,-0.0094529978667909,0.13298941096823352
9.565000000000095,0.0,0.0,0.0,0.01705277647191948,-0.010285073591750798,0.1262994020570907
9.570000000000096,0.0,0.0,0.0,0.01803876197661758,-0.008755616494696018,0.13345948541971794
9.575000000000097,0.0,0.0,0.0,0.018452807493510942,-0.007907530176637142,0.13282410048908172
9.580000000000098,0.0,0.0,0.0,0.018817196451818743,-0.007354797438391449,0.1334359634542315
9.585000000000099,0.0,0.0,0.0,0.01871733465037267,-0.006873542961847097,0.13119464804629355
9.5900000000001,0.0,0.0,0.0,0.01849340204097837,-0.006575874319262184,0.1284582848313619
9.5950000000001,0.0,0.0,0.0,0.018189091257123525,-0.006278242183879209,0.12660912817030168
9.600000000000101,0.0,0.0,0.0,0.015731951251757675,-0.007367448964208018,0.12202945804081257
9.605000000000102,0.0,0.0,0.0,0.016620831248720363,-0.005873508142937256,0.12659409877310793
9.610000000000102,0.0,0.0,0.0,0.01728449305080413,-0.005604347482791287,0.1283771303192118
9.615000000000103,0.0,0.0,0.0,0.017409154383681055,-0.0051541695870770165,0.12793131488193146
9.620000000000104,0.0,0.0,0.0,0.017256762118892828,-0.004907436935613959,0.12450101582739485
9.625000000000105,0.0,0.0,0.0,0.01700085084327715,-0.004786937081960296,0.12162905116002729
9.630000000000106,0.0,0.0,0.0,0.01677022826940068,-0.0046825433253322,0.12002059504367298
9.635000000000106,0.0,0.0,0.0,0.01653237191040375,-0.0045801590353420525,0.11862403757301136
9.640000000000107,0.0,0.0,0.0,0.016295561499691358,-0.004481004426502665,0.11719911608172483
9.645000000000108,0.0,0.0,0.0,0.01398301613481593,-0.005675785064563007,0.11206918977984753
9.650000000000109,0.0,0.0,0.0,0.014955126633378517,-0.004351254488064176,0.11800266430021457
9.65500000000011,0.0,0.0,0.0,0.015622042767257894,-0.004089289603916945,0.11922246594606056
9.66000000000011,0.0,0.0,0.0,0.015823249894022215,-0.0036450849984103867,0.11950872183848697
9.665000000000111,0.0,0.0,0.0,0.01578321309563529,-0.003406208712265888,0.11615231782572157
9.670000000000112,0.0,0.0,0.0,0.015601603067007712,-0.0034048736281451744,0.11338600603759495
9.675000000000113,0.0,0.0,0.0,0.015429027422206663,-0.0034064935471396197,0.11154691865139733
9.680000000000113,0.0,0.0,0.0,0.0152470282509976,-0.0034337251174806197,0.11001713856997568
9.685000000000114,0.0,0.0,0.0,0.015039678200525076,-0.0035073368850864813,0.10860677389164411
9.690000000000115,0.0,0.0,0.0,0.014879975356560616,-0.0035738758788903,0.10748585497470166
9.695000000000116,0.0,0.0,0.0,0.014720332880606367,-0.0036366938122674108,0.10660424295468797
9.700000000000117,0.0,0.0,0.0,0.014567643764132571,-0.0036922760737350567,0.10574423385630496
9.705000000000117,0.0,0.0,0.0,0.014425488549115954,-0.0037374108322211024,0.10488099834655036
9.710000000000118,0.0,0.0,0.0,0.014305069505450598,-0.003763002640112234,0.1040726210442859
9.715000000000119,0.0,0.0,0.0,0.014191663217206886,-0.0037746945704331017,0.10327266631638993
9.72000000000012,0.0,0.0,0.0,0.014093627651066592,-0.0037728338592579462,0.10251583134414771
9.72500000000012,0.0,0.0,0.0,0.014001607621015365,-0.0037609442647866505,0.10177515527107153
9.730000000000121,0.0,0.0,0.0,0.013918943497722644,-0.0037446812735570495,0.10106010610210218
9.735000000000122,0.0,0.0,0.0,0.013842939076772271,-0.0037263569622449392,0.10035006087446639
9.740000000000123,0.0,0.0,0.0,0.013767401396610871,-0.0037009116627006178,0.09966727956181373
9.745000000000124,0.0,0.0,0.0,0.013696308907670702,-0.003675813710722276,0.09898912334928073
9.750000000000124,0.0,0.0,0.0,0.013627344526219947,-0.0036500227680663147,0.09832207658561987
9.755000000000125,0.0,0.0,0.0,0.013556395513572971,-0.0036231330818404938,0.09767018371297904
9.760000000000126,0.0,0.0,0.0,0.013489089613412115,-0.0035984520271264827,0.09704513255246745
9.765000000000127,0.0,0.0,0.0,0.013423801565842915,-0.003576295219643567,0.0964397973832464
9.770000000000127,0.0,0.0,0.0,0.0133583739133787,-0.0035552146561265,0.09584051953680477
9.775000000000128,0.0,0.0,0.0,0.013293192930753721,-0.003536012694516777,0.09525524544829538
9.780000000000129,0.0,0.0,0.0,0.01322832359456474,-0.0035180484510179627,0.09468079937576548
9.78500000000013,0.0,0.0,0.0,0.013162617957032718,-0.003501392453385666,0.09411630928796356
9.79000000000013,0.0,0.0,0.0,0.013097568457218494,-0.0034859723342182576,0.09356208967959787
9.795000000000131,0.0,0.0,0.0,0.013032504943855747,-0.0034715061128425826,0.09301516529794347
9.800000000000132,0.0,0.0,0.0,0.012967374701042873,-0.0034573360145446082,0.0924751471818902
9.805000000000133,0.0,0.0,0.0,0.012901413946148195,-0.00344422735585327,0.09193662870849467
9.810000000000134,0.0,0.0,0.0,0.012836471736603851,-0.003430483408034522,0.09141143314288352
9.815000000000135,0.0,0.0,0.0,0.012771752159909163,-0.003417328286538626,0.09089363710240092
9.820000000000135,0.0,0.0,0.0,0.012707203922126278,-0.0034042735557963406,0.09037847141591636
9.825000000000136,0.0,0.0,0.0,0.012642847194697656,-0.0033911278968963387,0.08986547930675887
9.830000000000137,0.0,0.0,0.0,0.01257867526094398,-0.003378032222202946,0.08935501683038373
9.835000000000138,0.0,0.0,0.0,0.012514929689644749,-0.0033651149213383084,0.0888501921859602
9.840000000000138,0.0,0.0,0.0,0.012451453336241931,-0.0033521476607630907,0.08834762324409459
9.84500000000014,0.0,0.0,0.0,0.012388175671127427,-0.0033392941366227305,0.08784702227103579
9.85000000000014,0.0,0.0,0.0,0.012325184916337852,-0.003326735361280967,0.08734975317176429
9.85500000000014,0.0,0.0,0.0,0.0122627892046264,-0.003314084757953742,0.08685588249404479
9.860000000000142,0.0,0.0,0.0,0.012200576261019398,-0.003301958791587058,0.08636641782310044
9.865000000000142,0.0,0.0,0.0,0.012139003944028816,-0.0032901323866845193,0.08588196849027527
9.870000000000143,0.0,0.0,0.0,0.01207819549071102,-0.003278425852510384,0.08540549261124251
9.875000000000144,0.0,0.0,0.0,0.012017056164149865,-0.0032674241412343724,0.08492276973486619
9.880000000000145,0.0,0.0,0.0,0.011956228021869521,-0.0032573016788315337,0.08444091044000292
9.885000000000145,0.0,0.0,0.0,0.011895865079383372,-0.0032473115329783183,0.08396437408145584
9.890000000000146,0.0,0.0,0.0,0.011835996535284376,-0.0032377502406114415,0.08349653543580468
9.895000000000147,0.0,0.0,0.0,0.011776357362107845,-0.003228822798408655,0.0830288565855713
9.900000000000148,0.0,0.0,0.0,0.011717233843127919,-0.003220629098497878,0.08256890735361506
9.905000000000149,0.0,0.0,0.0,0.011658216298845038,-0.003213121138292989,0.08211347012650587
9.91000000000015,0.0,0.0,0.0,0.011600043143015082,-0.0032059159265484397,0.08166039180692868
9.91500000000015,0.0,0.0,0.0,0.011542005301142827,-0.0031993598024198616,0.08121077024525067
9.920000000000151,0.0,0.0,0.0,0.011484183635410827,-0.003193496656839409,0.08076314272472981
9.925000000000152,0.0,0.0,0.0,0.011426560862837516,-0.003188346636769255,0.08031888893587642
9.930000000000152,0.0,0.0,0.0,0.011368943906733174,-0.0031838151456135243,0.07987728276112493
9.935000000000153,0.0,0.0,0.0,0.011312253540578741,-0.0031794564899858355,0.0794402481246425
9.940000000000154,0.0,0.0,0.0,0.011255815690483334,-0.0031754851272111934,0.07900970174628483
9.945000000000155,0.0,0.0,0.0,0.011199504731968426,-0.003171994822255006,0.07858497070603003
9.950000000000156,0.0,0.0,0.0,0.011143535882373972,-0.0031691997744604035,0.07815671638874375
9.955000000000156,0.0,0.0,0.0,0.011088213179465858,-0.003167081174346535,0.07773800506498094
9.960000000000157,0.0,0.0,0.0,0.011033088555974674,-0.0031648858442471467,0.07731506426204166
9.965000000000158,0.0,0.0,0.0,0.010977742222898598,-0.0031627250896008327,0.07689981209445142
9.970000000000159,0.0,0.0,0.0,0.010923182471480554,-0.00316136830151581,0.07648144970202332
9.97500000000016,0.0,0.0,0.0,0.010869424297457788,-0.0031601735868897855,0.07608192438903319
9.98000000000016,0.0,0.0,0.0,0.01081581488455873,-0.003159272750950448,0.07567207543982682
9.985000000000161,0.0,0.0,0.0,0.010762727987986947,-0.0031586797267700705,0.07526396739574927
9.990000000000162,0.0,0.0,0.0,0.010710078939298347,-0.0031580858564716294,0.07486150084827392
9.995000000000163,0.0,0.0,0.0,0.01065774493747477,-0.0031579870805504865,0.07446848391849831
10.000000000000163,0.0,0.0,0.0,0.010606329562187045,-0.0031573426602978308,0.07408581763567805
10.005000000000164,0.0,0.0,0.0,0.010554693587269308,-0.003157709520659904,0.07369982833135534
10.010000000000165,0.0,0.0,0.0,0.010510501675723786,-0.003153095696575041,0.07331304827709592
10.015000000000166,0.0,0.0,0.0,0.010472045938971667,-0.003142284406889924,0.07291325609929783
10.020000000000167,0.0,0.0,0.0,0.010440548332726025,-0.0031264838587651525,0.0725042672248136
10.025000000000167,0.0,0.0,0.0,0.010414454684173435,-0.003106954583206781,0.07209455581073838
10.030000000000168,0.0,0.0,0.0,0.01039415538403665,-0.0030844867662698423,0.07168961371643733
10.035000000000169,0.0,0.0,0.0,0.010378650113931132,-0.0030598560473476238,0.07129135607639742
10.04000000000017,0.0,0.0,0.0,0.010368428748719915,-0.003033602197523575,0.07089436062597447
10.04500000000017,0.0,0.0,0.0,0.010361946720954422,-0.0030059980708152345,0.07050353421519623
10.050000000000171,0.0,0.0,0.0,0.010359189328225465,-0.0029765376979274164,0.07012105998065095
10.055000000000172,0.0,0.0,0.0,0.01036016657025382,-0.0029464660810629133,0.06974251049986699
10.060000000000173,0.0,0.0,0.0,0.01036433523954076,-0.0029159992166557023,0.06937525202772862
10.065000000000174,0.0,0.0,0.0,0.008737044967493064,-0.003930771801944264,0.0675024798116373
10.070000000000174,0.0,0.0,0.0,0.009364583748608116,-0.0030518464777326503,0.06577824553040819
10.075000000000175,0.0,0.0,0.0,0.00995292282990906,-0.0025681115900989394,0.06939575276298832
10.080000000000176,0.0,0.0,0.0,0.010465209392443553,-0.0022635507717666536,0.07233691180157421
10.085000000000177,0.0,0.0,0.0,0.01048798216632572,-0.002310564159661553,0.07115582414523401
10.090000000000177,0.0,0.0,0.0,0.010467744539881616,-0.0022851270765235237,0.07012336094217383
10.095000000000178,0.0,0.0,0.0,0.010409439588927257,-0.0023498206083146633,0.0690986765070258
10.100000000000179,0.0,0.0,0.0,0.010368894588173127,-0.002388625338911647,0.06794559295400236
10.10500000000018,0.0,0.0,0.0,0.010335624581293664,-0.002412074419020692,0.06699418112132857
10.11000000000018,0.0,0.0,0.0,0.010305626690477578,-0.0024428477094997833,0.06613750759854858
10.115000000000181,0.0,0.0,0.0,0.010298134505454101,-0.0024593322209033935,0.0654482270636861
10.120000000000182,0.0,0.0,0.0,0.010302315789752065,-0.002474628977501712,0.06492406275360921
10.125000000000183,0.0,0.0,0.0,0.010321103014803426,-0.0024789534317429794,0.0645619251125693
10.130000000000184,0.0,0.0,0.0,0.01034592371159536,-0.0024775245981346066,0.06428564358471717
10.135000000000185,0.0,0.0,0.0,0.008822259519556145,-0.0034792388633845587,0.06281131715422088
10.140000000000185,0.0,0.0,0.0,0.009418865842006446,-0.0025902982763758554,0.062267728277612566
10.145000000000186,0.0,0.0,0.0,0.009845208879759329,-0.002291745268653478,0.06524971031782187
10.150000000000187,0.0,0.0,0.0,0.010205636143954326,-0.002098796001548769,0.06775827706346439
10.155000000000188,0.0,0.0,0.0,0.010214407295023922,-0.002012809284845207,0.06830230464093574
10.160000000000188,0.0,0.0,0.0,0.010207218511923636,-0.0020210015763350293,0.06714260090814884
10.16500000000019,0.0,0.0,0.0,0.010160871899558303,-0.002075144497731231,0.06535430298292512
10.17000000000019,0.0,0.0,0.0,0.010142826476845793,-0.0021048276426410715,0.06395199406975521
10.17500000000019,0.0,0.0,0.0,0.010135714762578397,-0.002130355652576119,0.0629721689723286
10.180000000000192,0.0,0.0,0.0,0.010148203470580248,-0.0021459507140472226,0.0622721615123276
10.185000000000192,0.0,0.0,0.0,0.01016831191481443,-0.002160418997765184,0.06169983114824366
10.190000000000193,0.0,0.0,0.0,0.010195832572474335,-0.002165968953071098,0.06125682931490715
10.195000000000194,0.0,0.0,0.0,0.010229167006130668,-0.0021683301461084777,0.0608963701671013
10.200000000000195,0.0,0.0,0.0,0.01026834343761445,-0.002166594951387662,0.060618897806470354
10.205000000000195,0.0,0.0,0.0,0.008806373229634401,-0.003144863183116707,0.05930563241502936
10.210000000000196,0.0,0.0,0.0,0.009529211080296298,-0.0023325192143648123,0.058515766025486166
10.215000000000197,0.0,0.0,0.0,0.009920625862205355,-0.0020512644140755574,0.06142245068191961
10.220000000000198,0.0,0.0,0.0,0.01025423723353451,-0.001805762858606075,0.063414695468156
10.225000000000199,0.0,0.0,0.0,0.01029636803864297,-0.0017367699201762735,0.06458381533583013
10.2300000000002,0.0,0.0,0.0,0.010300985564542323,-0.0017600729079629428,0.06375568759552032
10.2350000000002,0.0,0.0,0.0,0.010233834041879252,-0.0018203702748606494,0.061995643357755516
10.240000000000201,0.0,0.0,0.0,0.01020647743511512,-0.001868307331368189,0.060539904135607295
10.245000000000202,0.0,0.0,0.0,0.010186918412284316,-0.001901398482313148,0.05956069798209059
10.250000000000203,0.0,0.0,0.0,0.010177882566416064,-0.0019423110993577505,0.058865610320211516
10.255000000000203,0.0,0.0,0.0,0.010183006019027782,-0.001973884565169588,0.0583148808841594
10.260000000000204,0.0,0.0,0.0,0.01019496443249235,-0.0019952055437963824,0.05788359033011858
10.265000000000205,0.0,0.0,0.0,0.010214539192667575,-0.0020154319767588134,0.05753478869236338
10.270000000000206,0.0,0.0,0.0,0.00878476868027724,-0.0029735410993573723,0.05623402476144046
10.275000000000206,0.0,0.0,0.0,0.009593678783366305,-0.0023088728558136955,0.05545745586476231
10.280000000000207,0.0,0.0,0.0,0.009923699295153299,-0.002114375938073578,0.05821002785407176
10.285000000000208,0.0,0.0,0.0,0.010319532899716977,-0.0019757468928976053,0.059905461704858026
10.290000000000209,0.0,0.0,0.0,0.01038255915741044,-0.0019770534787004277,0.06045285512097793
10.29500000000021,0.0,0.0,0.0,0.010335773243593919,-0.0020120885126370877,0.059788478826383426
10.30000000000021,0.0,0.0,0.0,0.010244010340710902,-0.0019996493215313953,0.05873262135710009
10.305000000000211,0.0,0.0,0.0,0.010197242083498781,-0.002017300669115893,0.057786536522797756
10.310000000000212,0.0,0.0,0.0,0.01015892442321666,-0.002024304663427225,0.056887988187763874
10.315000000000213,0.0,0.0,0.0,0.010130086205950458,-0.0020470341338136443,0.05604899224279124
10.320000000000213,0.0,0.0,0.0,0.010115007156657876,-0.0020727364449566153,0.05546028925129056
10.325000000000214,0.0,0.0,0.0,0.008668574047113107,-0.0030135898446672586,0.05418239947242223
10.330000000000215,0.0,0.0,0.0,0.009470394062911926,-0.0024270554574833203,0.05317904930367628
10.335000000000216,0.0,0.0,0.0,0.009771612525732446,-0.002266087854980352,0.055427954466108424
10.340000000000217,0.0,0.0,0.0,0.010064118673503982,-0.0021589333244218544,0.056801216571065356
10.345000000000217,0.0,0.0,0.0,0.010126928305710497,-0.00202624189276166,0.05756449865227754
10.350000000000218,0.0,0.0,0.0,0.010066036598233389,-0.002103760201383697,0.056963315053557825
10.355000000000219,0.0,0.0,0.0,0.01004082299771024,-0.0021393837130919227,0.05610290370550935
10.36000000000022,0.0,0.0,0.0,0.00998668766196392,-0.0021757553435080785,0.055274408850816685
10.36500000000022,0.0,0.0,0.0,0.009938032404918732,-0.002182398556078811,0.0544642507734978
10.370000000000221,0.0,0.0,0.0,0.009908281311787627,-0.002218307413985901,0.05383983688331644
10.375000000000222,0.0,0.0,0.0,0.009902872944097228,-0.002247245589421026,0.05333343450963181
10.380000000000223,0.0,0.0,0.0,0.00851359252878052,-0.0031849736609791254,0.05207372641371251
10.385000000000224,0.0,0.0,0.0,0.009312132639829603,-0.0026140658686365486,0.05073392930525016
10.390000000000224,0.0,0.0,0.0,0.009624713206997555,-0.0024159731935049023,0.053050102790886636
10.395000000000225,0.0,0.0,0.0,0.009903185397981578,-0.0023271812009207013,0.054768119084529124
10.400000000000226,0.0,0.0,0.0,0.009929850409311667,-0.002244396278410502,0.05552122511514902
10.405000000000227,0.0,0.0,0.0,0.009862824680894665,-0.002301862302671262,0.05490685257806727
10.410000000000228,0.0,0.0,0.0,0.009814181418690018,-0.0023421024666601875,0.05394149478191627
10.415000000000228,0.0,0.0,0.0,0.009775168930402625,-0.0023611422066914375,0.05307216572262679
10.420000000000229,0.0,0.0,0.0,0.009743389710103672,-0.002391669315259357,0.0522502097142011
10.42500000000023,0.0,0.0,0.0,0.009714066153882508,-0.002417811849051732,0.05155020744173178
10.43000000000023,0.0,0.0,0.0,0.009694972440387516,-0.002442114139548153,0.05097004033841765
10.435000000000231,0.0,0.0,0.0,0.008301639500838759,-0.0033194385749678247,0.04966795260823902
10.440000000000232,0.0,0.0,0.0,0.00912414523966421,-0.002778282616246643,0.048213515454940674
10.445000000000233,0.0,0.0,0.0,0.009463177182148045,-0.002570484395276956,0.05075999647580403
10.450000000000234,0.0,0.0,0.0,0.009720534503353013,-0.0024256027252514017,0.05269698409240123
10.455000000000235,0.0,0.0,0.0,0.009699147876136826,-0.0024161505495754318,0.053346719136527096
10.460000000000235,0.0,0.0,0.0,0.009668173036351233,-0.0024742936440341357,0.05274079403749808
10.465000000000236,0.0,0.0,0.0,0.009657750276768162,-0.0024826782747291005,0.051857513031940784
10.470000000000237,0.0,0.0,0.0,0.009605433002867656,-0.0025269703850334863,0.050827275262683706
10.475000000000238,0.0,0.0,0.0,0.00957043227566665,-0.002558620398164678,0.04998720953917907
10.480000000000238,0.0,0.0,0.0,0.009536741090629719,-0.0025837145360012898,0.04926796005107281
10.48500000000024,0.0,0.0,0.0,0.009514992207052292,-0.0026128351796375626,0.04870825596077219
10.49000000000024,0.0,0.0,0.0,0.009507016325323229,-0.002638785399931663,0.048260605163248725
10.49500000000024,0.0,0.0,0.0,0.008125229986158519,-0.0034868225450484626,0.04704476718082841
10.500000000000242,0.0,0.0,0.0,0.008982840030586194,-0.0030135116428670378,0.04561125128536731
10.505000000000242,0.0,0.0,0.0,0.009299006576254733,-0.00280499770188559,0.04824221822376343
10.510000000000243,0.0,0.0,0.0,0.009501481043717789,-0.002744154442142313,0.050215261207724265
10.515000000000244,0.0,0.0,0.0,0.009479573112552332,-0.002660549764249185,0.05018805818241682
10.520000000000245,0.0,0.0,0.0,0.009463963705946741,-0.0026203157878703937,0.04998550513235827
10.525000000000245,0.0,0.0,0.0,0.009435576186272434,-0.002620644477659326,0.049196214757468146
10.530000000000246,0.0,0.0,0.0,0.009391726941311206,-0.0026753224817481222,0.0484159529423569
10.535000000000247,0.0,0.0,0.0,0.009360268757793945,-0.002709895198380753,0.04759503756866149
10.540000000000248,0.0,0.0,0.0,0.009328603325232762,-0.0027507868869749937,0.046975395779239475
10.545000000000249,0.0,0.0,0.0,0.009309865610199293,-0.0027854779573660846,0.04652697517629248
10.55000000000025,0.0,0.0,0.0,0.007933095509809873,-0.003629885449241912,0.045377489586866895
10.55500000000025,0.0,0.0,0.0,0.008801137790256921,-0.00329322620587723,0.04392644208853415
10.560000000000251,0.0,0.0,0.0,0.009052161658572344,-0.0031181350243271256,0.04638851986579692
10.565000000000252,0.0,0.0,0.0,0.009201505322757627,-0.0030501911429324895,0.04800528883928259
10.570000000000253,0.0,0.0,0.0,0.009206378534824694,-0.002979349098472708,0.04806761709207003
10.575000000000253,0.0,0.0,0.0,0.009173873376592822,-0.002994200443439956,0.04764774739433964
10.580000000000254,0.0,0.0,0.0,0.009170504201608807,-0.0030062655420267778,0.04693190010653216
10.585000000000255,0.0,0.0,0.0,0.009127024348370733,-0.00301730014700095,0.04611937438915611
10.590000000000256,0.0,0.0,0.0,0.009089720522666414,-0.0030336134859308955,0.04542609993993529
10.595000000000256,0.0,0.0,0.0,0.009047961359445533,-0.0030502749883697137,0.04482594118026641
10.600000000000257,0.0,0.0,0.0,0.007654423160852495,-0.003846317446513238,0.04324869252586563
10.605000000000258,0.0,0.0,0.0,0.008516609668594606,-0.003631197009273956,0.04214883631813281
10.610000000000259,0.0,0.0,0.0,0.008685099879675477,-0.00347077433963334,0.04434106229205165
10.61500000000026,0.0,0.0,0.0,0.008780143495427597,-0.003267699254430679,0.04534501245052385
10.62000000000026,0.0,0.0,0.0,0.008886006835749938,-0.0030963037535831823,0.04578872235117865
10.625000000000261,0.0,0.0,0.0,0.008835600400920794,-0.0031641448996558787,0.0452965841063991
10.630000000000262,0.0,0.0,0.0,0.008824803373446554,-0.0031987991065470824,0.04460203799338342
10.635000000000263,0.0,0.0,0.0,0.008777696311514229,-0.0032345521550815235,0.04398504104840358
10.640000000000263,0.0,0.0,0.0,0.008740338919335197,-0.0032547918364954492,0.043385368417228655
10.645000000000264,0.0,0.0,0.0,0.008706338341673293,-0.0032803276132958026,0.04285672057311036
10.650000000000265,0.0,0.0,0.0,0.008669704680388765,-0.003307597999326549,0.04242532131156917
10.655000000000266,0.0,0.0,0.0,0.007307256636838895,-0.004090118843325559,0.041268310996774915
10.660000000000267,0.0,0.0,0.0,0.008155756123419676,-0.004010943634501755,0.04033690400273628
10.665000000000267,0.0,0.0,0.0,0.008326891438675436,-0.0038255087928306566,0.04228536158029313
10.670000000000268,0.0,0.0,0.0,0.008476997007204867,-0.003536731954634811,0.042940560278545835
10.675000000000269,0.0,0.0,0.0,0.008520204931372103,-0.0034955723769707807,0.04379304943245645
10.68000000000027,0.0,0.0,0.0,0.008535007736823313,-0.0034099100808840845,0.04328170714149468
10.68500000000027,-0.23138427734375,0.0,0.0,-0.0031017438001819143,-0.0007389659865251357,-0.01412919684867285
10.690000000000271,-0.301971435546875,0.0,0.0,-0.01430969157420232,-0.003368121308766191,-0.05997390425103328
10.695000000000272,-0.435302734375,0.0,0.0,-0.029664409325147356,-0.006051551793899332,-0.09652223695113991
10.700000000000273,-0.600006103515625,0.0,0.0,-0.05274019393765007,-0.005155992088405364,-0.16456636176536055
10.705000000000274,-0.5294189453125,-0.152923583984375,0.0,-0.07372548289256178,-0.015084666961315326,-0.20678648281516737
10.710000000000274,-0.756866455078125,-0.168609619140625,0.0,-0.07658121872654998,-0.026174312047921852,-0.27348412597637184
10.715000000000275,-0.850982666015625,-0.192138671875,0.0,-0.088390342530298,-0.032159517576112136,-0.36635653103803334
10.720000000000276,-0.913726806640625,-0.20782470703125,0.0,-0.09633835019347489,-0.032021687512345694,-0.43083065022554173
10.725000000000277,-0.9686279296875,-0.215667724609375,0.0,-0.10424708323296171,-0.0397847027499251,-0.48131016241392943
10.730000000000278,-0.945098876953125,-0.215667724609375,0.0,-0.09592123068827794,-0.05230481237508513,-0.4965438607530631
10.735000000000278,-1.0,-0.2235107421875,0.0,-0.10118172973549054,-0.05379234205138376,-0.5366822940589806
10.740000000000279,-1.0,-0.2235107421875,0.0,-0.10295177969266384,-0.05467065906538102,-0.5611943725346625
10.74500000000028,-1.0,-0.2235107421875,0.0,-0.09011792993796722,-0.06594037018772714,-0.5565009268990175
10.75000000000028,-1.0,-0.2235107421875,0.0,-0.10280157887899495,-0.05168641726116246,-0.47715027745436256
10.755000000000281,-1.0,-0.2235107421875,0.0,-0.10407011157891884,-0.053106423514545774,-0.44336792802265346
10.760000000000282,-1.0,-0.2235107421875,0.0,-0.10033735942015884,-0.056592770553931096,-0.46265520358010565
10.765000000000283,-1.0,-0.2235107421875,0.0,-0.08521751623840079,-0.06971608022874419,-0.45857650685386
10.770000000000284,-1.0,-0.2235107421875,0.0,-0.07075459589088061,-0.08214755521086997,-0.4409604464313745
10.775000000000285,-1.0,-0.2235107421875,0.0,-0.0568770448245324,-0.09375179891014615,-0.41553070564054867
10.780000000000285,-1.0,-0.2235107421875,0.0,-0.07028120359102033,-0.07385653874492895,-0.2486796141997517
10.785000000000286,-1.0,-0.2235107421875,0.0,-0.07996522853136101,-0.06115537451041505,-0.16074079402387362
10.790000000000287,-1.0,-0.2235107421875,0.0,-0.06550915243004422,-0.07546971668733246,-0.20942366240562046
10.795000000000288,-1.0,-0.2235107421875,0.0,-0.051943425649410874,-0.08765526149315052,-0.23626578542641916
10.800000000000288,-1.0,-0.2235107421875,0.0,-0.03920390921550404,-0.09793680332311204,-0.24393949237777227
10.80500000000029,-1.0,-0.2235107421875,0.0,-0.03444722067825519,-0.10174959546512832,-0.20817964101833142
10.81000000000029,-1.0,-0.2235107421875,0.0,-0.029370014129747497,-0.10502031853166295,-0.17619781640366558
10.81500000000029,-1.0,-0.2235107421875,0.0,-0.024135525810214484,-0.10791586159072289,-0.14870068947326295
10.820000000000292,-1.0,-0.2235107421875,0.0,-0.01896025048433462,-0.11053839616780596,-0.12591616566840538
10.825000000000292,-1.0,-0.2235107421875,0.0,0.002833379968737157,-0.11677399701379222,-0.21679263645721802
10.830000000000293,-1.0,-0.2235107421875,0.0,0.006719859971120639,-0.11859473536860644,-0.1671010308269752
10.835000000000294,-1.0,-0.2235107421875,0.0,0.02468051521960303,-0.12286960298165675,-0.2366423319077474
10.840000000000295,-1.0,-0.2235107421875,0.0,0.02647406118597488,-0.12417354609219988,-0.1869321584337597
10.845000000000296,-1.0,-0.2235107421875,0.0,0.01905700038136894,-0.09234011453073601,0.17444556508687536
10.850000000000296,-1.0,-0.2235107421875,0.0,0.025497705549142054,-0.06991026207638652,0.16095320479968847
10.855000000000297,-1.0,-0.2235107421875,0.0,0.027354626813892342,-0.06582839598049285,-0.001420065293626871
10.860000000000298,-1.0,-0.2235107421875,0.0,-0.009949168750607473,-0.06842467168546723,0.12417096643888811
10.865000000000299,-1.0,-0.2235107421875,0.0,-0.040808263409757545,-0.08346674670475046,0.03145331660678906
10.8700000000003,-1.0,-0.2235107421875,0.0,-0.06503726416031645,-0.09322133698082921,-0.04080355634405383
10.8750000000003,-1.0,-0.2235107421875,0.0,-0.07510583355132483,-0.09862031989465933,-0.16060271723486386
10.880000000000301,-1.0,-0.2235107421875,0.0,-0.10969157756256198,-0.12417234292383394,-0.18996289164880953
10.885000000000302,-1.0,-0.2235107421875,0.0,-0.14125011367065854,-0.1328586004112463,-0.2662174522431745
10.890000000000303,-1.0,-0.2235107421875,0.0,-0.14539009851348295,-0.1412912088406811,-0.2253572131758904
10.895000000000303,-1.0,-0.2235107421875,0.0,-0.2076469864384422,-0.1906470660561141,-0.3251217820255633
10.900000000000304,-1.0,-0.2235107421875,0.0,-0.21401447700696388,-0.20477338294264735,-0.3915594774692298
10.905000000000305,-1.0,-0.2235107421875,0.0,-0.2178129498750817,-0.21498299375960073,-0.5876290635769144
10.910000000000306,-1.0,-0.2235107421875,0.0,-0.21826436901863275,-0.21294803671610635,-0.5169910656750227
10.915000000000306,-1.0,-0.2235107421875,0.0,-0.22743424795870093,-0.2154281853000478,-0.4165336869091597
10.920000000000307,-1.0,-0.2235107421875,0.0,-0.22137136619971273,-0.22531230948801978,-0.4335558213647847
10.925000000000308,-1.0,-0.2235107421875,0.0,-0.20967260943046956,-0.22842521551152334,-0.39281576580477695
10.930000000000309,-1.0,-0.2235107421875,0.0,-0.19823502573644447,-0.22782555072943533,-0.35725735314811996
10.93500000000031,-1.0,-0.2235107421875,0.0,-0.1887844288075518,-0.22672556476667782,-0.3421725159819641
10.94000000000031,-1.0,-0.2235107421875,0.0,-0.18006643194678887,-0.22268743426984586,-0.3163145928649188
10.945000000000311,-1.0,-0.2235107421875,0.0,-0.17679561352705184,-0.2217426980335237,-0.30567851852423716
10.950000000000312,-1.0,-0.2235107421875,0.0,-0.1745506180945369,-0.2208281332209571,-0.2950362271562962
10.955000000000313,-1.0,-0.2235107421875,0.0,-0.17302417867138944,-0.2200879296541808,-0.28434762257185636
10.960000000000313,-1.0,-0.2235107421875,0.0,-0.17190596189761567,-0.2194851933925847,-0.27280831783659343
10.965000000000314,-1.0,-0.2235107421875,0.0,-0.17076384274756834,-0.21892834008514514,-0.2594277488596288
10.970000000000315,-1.0,-0.2235107421875,0.0,-0.16920935361324027,-0.21834278928026668,-0.24350346287249316
10.975000000000316,-1.0,-0.2235107421875,0.0,-0.16705252186381514,-0.21767442011768948,-0.22586796327648387
10.980000000000317,-1.0,-0.2235107421875,0.0,-0.16450880824563954,-0.21693687825774965,-0.20960665067949774
10.985000000000317,-1.0,-0.2235107421875,0.0,-0.16192463791105166,-0.21627808458688608,-0.19643569023793733
10.990000000000318,-1.0,-0.2235107421875,0.0,-0.15974327922873724,-0.21597370647942324,-0.1872321899824162
10.995000000000319,-1.0,-0.2235107421875,0.0,-0.15845882931974922,-0.21636348277272413,-0.18323591989514343
11.00000000000032,-1.0,-0.2235107421875,0.0,-0.15856278217525238,-0.21772133300126187,-0.18534702605782755
11.00500000000032,-1.0,-0.2235107421875,0.0,-0.1604640612657672,-0.22019138173418365,-0.19389435274996158
11.010000000000321,-1.0,-0.2235107421875,0.0,-0.16442720271707928,-0.22376370275270527,-0.207785433746612
11.015000000000322,-1.0,-0.2235107421875,0.0,-0.19006088170801017,-0.2356707604501679,-0.20360214902085083
11.020000000000323,-1.0,-0.2235107421875,0.0,-0.17743727682497518,-0.21475983472514598,0.16802959161770675
11.025000000000324,-1.0,-0.2235107421875,0.0,-0.16949928862386776,-0.2009674528967114,0.24134355309112376
11.030000000000324,-1.0,-0.2235107421875,0.0,-0.2073185796392617,-0.21991924367978366,-0.42626348938432435
11.035000000000325,-1.0,-0.2235107421875,0.0,-0.2168519620793619,-0.21684849916880575,-0.5023633031551477
11.040000000000326,-1.0,-0.2235107421875,0.0,-0.23170723700867057,-0.21115084923923355,-0.3557443811515794
11.045000000000327,-1.0,-0.2235107421875,0.0,-0.28338714198176934,-0.230513714219723,-0.4759920098103904
11.050000000000328,-1.0,-0.2235107421875,0.0,-0.3030181161149678,-0.25251294791794315,-0.47951476625314504
11.055000000000328,-1.0,-0.2235107421875,0.0,-0.32782565062155283,-0.2731843692135554,-0.3906426145872429
11.06000000000033,-1.0,-0.2235107421875,0.0,-0.3348248662330056,-0.28213826465409186,-0.3301488732200629
11.06500000000033,-1.0,-0.2235107421875,0.0,-0.3571647808610475,-0.2963678795051709,-0.5143310013148495
11.07000000000033,-1.0,-0.2235107421875,0.0,-0.36440921221312217,-0.30426615584988304,-0.40787967953876786
11.075000000000331,-1.0,-0.2235107421875,0.0,-0.37884389832444926,-0.32334074558179615,-0.6056594828468456
11.080000000000332,-1.0,-0.2235107421875,0.0,-0.3798906297174423,-0.3219869090599165,-0.6068840006963914
11.085000000000333,-1.0,-0.2235107421875,0.0,-0.37546483160238114,-0.3258621739894379,-0.5639858261876375
11.090000000000334,-1.0,-0.2235107421875,0.0,-0.36879565660606645,-0.32561636779578973,-0.4929240940633466
11.095000000000335,-1.0,-0.2235107421875,0.0,-0.36179866668167154,-0.3260184849392586,-0.44561548450405863
11.100000000000335,-1.0,-0.2235107421875,0.0,-0.3538845197654915,-0.3232018374030884,-0.4226974513457775
11.105000000000336,-1.0,-0.2235107421875,0.0,-0.34552139884772326,-0.3228655137738189,-0.4609130565538939
11.110000000000337,-1.0,-0.2235107421875,0.0,-0.3385504330574586,-0.3219660239817831,-0.48143538201454805
11.115000000000338,-1.0,-0.2235107421875,0.0,-0.3346174787600508,-0.32061569796961303,-0.47355211114531287
11.120000000000339,-1.0,-0.2235107421875,0.0,-0.33150560252759986,-0.31940602759346287,-0.46288296060363643
11.12500000000034,-1.0,-0.2235107421875,0.0,-0.32888768274049346,-0.3185636372979948,-0.4476822232826938
11.13000000000034,-1.0,-0.2235107421875,0.0,-0.3263113329122533,-0.31818869174694997,-0.4270953694980399
11.13500000000034,-1.0,-0.231353759765625,0.0,-0.32359856482704163,-0.3183163198177425,-0.40386242933589817
11.140000000000342,-1.0,-0.231353759765625,0.0,-0.32020466277212367,-0.3186051679739732,-0.3751841207689862
11.145000000000342,-1.0,-0.23919677734375,0.0,-0.3161973902983304,-0.31898466094728856,-0.3448709790816615
11.150000000000343,-1.0,-0.231353759765625,0.0,-0.3118274412928263,-0.31899733943034525,-0.31253523109686415
11.155000000000344,-1.0,-0.231353759765625,0.0,-0.3077733755713149,-0.31890480985736946,-0.28359031526533
11.160000000000345,-1.0,-0.231353759765625,0.0,-0.3046446965629005,-0.31913248965674773,-0.26072166242689476
11.165000000000346,-1.0,-0.231353759765625,0.0,-0.3030965729404132,-0.3201852436246683,-0.24582535210443124
11.170000000000346,-1.0,-0.231353759765625,0.0,-0.3035970562210051,-0.32239433308717497,-0.24146278758899015
11.175000000000347,-1.0,-0.23919677734375,0.0,-0.30645467446178937,-0.32597930565584043,-0.25133744567766125
11.180000000000348,-1.0,-0.23919677734375,0.0,-0.3116154162040309,-0.33074154438677483,-0.2717259785393851
11.185000000000349,-1.0,-0.23919677734375,0.0,-0.3189966138226156,-0.3365299290504404,-0.2989321001593317
11.19000000000035,-1.0,-0.231353759765625,0.0,-0.3282670207121871,-0.3428945112499798,-0.3285066409032045
11.19500000000035,-1.0,-0.231353759765625,0.0,-0.3392391266726962,-0.34930618486883186,-0.3612143145615942
11.200000000000351,-1.0,-0.231353759765625,0.0,-0.3536380696043937,-0.35025399847212035,-0.2938842117524093
11.205000000000352,-1.0,-0.231353759765625,0.0,-0.3696296505362865,-0.3512926224305149,-0.27001552402291457
11.210000000000353,-1.0,-0.231353759765625,0.0,-0.3844704336352046,-0.35047254507257913,-0.24777164981398364
11.215000000000353,-1.0,-0.231353759765625,0.0,-0.3957747971358825,-0.3466429321479327,-0.3838479671245412
11.220000000000354,-1.0,-0.231353759765625,0.0,-0.39240220266179826,-0.3349741748508645,-0.4363533168246441
11.225000000000355,-1.0,-0.23919677734375,0.0,-0.39774719220565236,-0.333236633493833,-0.5662240584595638
11.230000000000356,-1.0,-0.231353759765625,0.0,-0.4153625944607025,-0.32526205678697917,-0.5871875818300145
11.235000000000356,-1.0,-0.231353759765625,0.0,-0.4270503683979821,-0.32864542234054556,-0.6317189938915776
11.240000000000357,-1.0,-0.23919677734375,0.0,-0.42386821903310806,-0.32125499223508275,-0.3604306886783884
11.245000000000358,-1.0,-0.23919677734375,0.0,-0.4413807765666372,-0.29489082747812284,-0.49968781251827993
11.250000000000359,-1.0,-0.231353759765625,0.0,-0.4407129105200037,-0.3041580387439871,-0.4037200013222715
11.25500000000036,-1.0,-0.23919677734375,0.0,-0.44548702425550496,-0.31519512202905003,-0.3678564671022857
11.26000000000036,-1.0,-0.231353759765625,0.0,-0.4368403029662186,-0.3178397254258756,-0.3784899033155495
11.265000000000361,-1.0,-0.231353759765625,0.0,-0.42794187925161514,-0.31502819406126836,-0.43581028003416294
11.270000000000362,-1.0,-0.231353759765625,0.0,-0.4199212717214006,-0.3119141411090687,-0.4755312479403466
11.275000000000363,-1.0,-0.231353759765625,0.0,-0.41276086199510903,-0.30864022814659287,-0.5018210787855878
11.280000000000364,-1.0,-0.231353759765625,0.0,-0.4063960736135168,-0.3055422397147758,-0.515214591709233
11.285000000000364,-1.0,-0.231353759765625,0.0,-0.4005763744170315,-0.3029235473989942,-0.5166260760608417
11.290000000000365,-1.0,-0.231353759765625,0.0,-0.3950800097449161,-0.3010682424423242,-0.5069465224312513
11.295000000000366,-1.0,-0.231353759765625,0.0,-0.390387407354036,-0.30008755197686826,-0.4803493532262742
11.300000000000367,-1.0,-0.23919677734375,0.0,-0.3856441519716577,-0.3002804446724027,-0.45054098468843184
11.305000000000367,-1.0,-0.231353759765625,0.0,-0.3804388408737496,-0.30129559810970935,-0.4136025836495608
11.310000000000368,-1.0,-0.231353759765625,0.0,-0.3751025236329442,-0.30290890903673934,-0.3739356514034521
11.315000000000369,-1.0,-0.231353759765625,0.0,-0.37005633834853885,-0.3046494070512723,-0.3363190724196586
11.32000000000037,-1.0,-0.231353759765625,0.0,-0.37722846897702006,-0.3057448483728865,-0.26144997259074504
11.32500000000037,-1.0,-0.231353759765625,0.0,-0.38145953906590707,-0.30983964236772327,-0.27031738402264843
11.330000000000371,-1.0,-0.231353759765625,0.0,-0.38264600708265073,-0.3120315145935123,-0.2518942979711968
11.335000000000372,-1.0,-0.231353759765625,0.0,-0.38374855552210374,-0.3149817831460365,-0.24696584035970795
11.340000000000373,-1.0,-0.231353759765625,0.0,-0.386029979359126,-0.31886872418837975,-0.2544638184834052
11.345000000000374,-1.0,-0.231353759765625,0.0,-0.39016427554400274,-0.32367618226221545,-0.27219398759839925
11.350000000000374,-1.0,-0.231353759765625,0.0,-0.3960420637545588,-0.3292244439550716,-0.29758478580647485
11.355000000000375,-1.0,-0.231353759765625,0.0,-0.40360062180788897,-0.3352376957419552,-0.3263745605870639
11.360000000000376,-1.0,-0.231353759765625,0.0,-0.4126130155108442,-0.3412583960219403,-0.35550298774841427
11.365000000000377,-1.0,-0.231353759765625,0.0,-0.42287503929623216,-0.3470000776323261,-0.38299016511686124
11.370000000000378,-1.0,-0.231353759765625,0.0,-0.4341717586193302,-0.3523307927178472,-0.40746322998033285
11.375000000000378,-1.0,-0.231353759765625,0.0,-0.44614226980476274,-0.35709405462345817,-0.4296049187593124
11.38000000000038,-1.0,-0.231353759765625,0.0,-0.4375948571210208,-0.3503199244014448,-0.43396789709934086
11.38500000000038,-1.0,-0.231353759765625,0.0,-0.42395778160498404,-0.33545980833737465,-0.2784938927543857
11.39000000000038,-1.0,-0.231353759765625,0.0,-0.42377810935214566,-0.3482359578038181,-0.44978479702957874
11.395000000000381,-1.0,-0.231353759765625,0.0,-0.43796362022357227,-0.35474070679314196,-0.5222860262183852
11.400000000000382,-1.0,-0.231353759765625,0.0,-0.4338429610614329,-0.35909693571732776,-0.47157617498037857
11.405000000000383,-1.0,-0.231353759765625,0.0,-0.4469504012831809,-0.3632659571057747,-0.2981124529133974
11.410000000000384,-1.0,-0.231353759765625,0.0,-0.4645399933363301,-0.36047129233680275,-0.2390885172071827
11.415000000000385,-1.0,-0.231353759765625,0.0,-0.46717178126155645,-0.3479575709389644,-0.23345510798550584
11.420000000000385,-1.0,-0.231353759765625,0.0,-0.4703422583179734,-0.3458285980495011,-0.29422069329037004
11.425000000000386,-1.0,-0.231353759765625,0.0,-0.46693322515209396,-0.3384487938547296,-0.2351855129463339
11.430000000000387,-1.0,-0.231353759765625,0.0,-0.456894208532436,-0.32482189103100545,-0.2551787894950778
11.435000000000388,-1.0,-0.231353759765625,0.0,-0.4494003112600743,-0.3164303490804171,-0.2859904337841299
11.440000000000389,-1.0,-0.231353759765625,0.0,-0.4430256664054345,-0.31202454585618317,-0.3366992144203383
11.44500000000039,-1.0,-0.231353759765625,0.0,-0.4368277682110583,-0.30770116572224787,-0.37571208287212576
11.45000000000039,-1.0,-0.231353759765625,0.0,-0.4305647532009536,-0.30381765395333576,-0.40306764447276183
11.45500000000039,-1.0,-0.231353759765625,0.0,-0.4242468860358642,-0.3007103468015526,-0.4179451387401478
11.460000000000392,-1.0,-0.231353759765625,0.0,-0.41921636820417824,-0.2984509756155947,-0.4062881224800389
11.465000000000392,-1.0,-0.231353759765625,0.0,-0.4141528513561916,-0.29720910703083175,-0.38637662245500676
11.470000000000393,-1.0,-0.231353759765625,0.0,-0.40892756116382917,-0.296937028149905,-0.3588107516955395
11.475000000000394,-1.0,-0.231353759765625,0.0,-0.4036220872729705,-0.29736342071687866,-0.3247150507018087
11.480000000000395,-1.0,-0.231353759765625,0.0,-0.3985750786893816,-0.2980542418088287,-0.2874481482906499
11.485000000000396,-1.0,-0.231353759765625,0.0,-0.394293231708152,-0.2989146226915014,-0.251010254643395
11.490000000000396,-1.0,-0.231353759765625,0.0,-0.39122301485933997,-0.30028189690638957,-0.21790797515059193
11.495000000000397,-1.0,-0.231353759765625,0.0,-0.389707031919581,-0.30251951406381095,-0.19058762261627873
11.500000000000398,-1.0,-0.231353759765625,0.0,-0.39002518246371437,-0.3058048197826662,-0.17138432389238403
11.505000000000399,-1.0,-0.231353759765625,0.0,-0.39234191880963165,-0.3101489129795815,-0.1621197079062916
11.5100000000004,-1.0,-0.231353759765625,0.0,-0.3965792621367564,-0.31541801959982624,-0.16369298006919308
11.5150000000004,-1.0,-0.231353759765625,0.0,-0.4025999014365128,-0.3213735634809893,-0.17389753391816826
11.520000000000401,-1.0,-0.231353759765625,0.0,-0.4103633161877114,-0.3276697655622774,-0.18865566176242513
11.525000000000402,-1.0,-0.231353759765625,0.0,-0.41967770872517174,-0.3338186103565653,-0.20507792504360017
11.530000000000403,-1.0,-0.231353759765625,0.0,-0.43039642252067084,-0.339581421553894,-0.2207755891312239
11.535000000000403,-1.0,-0.231353759765625,0.0,-0.4421815125844839,-0.3447893806597744,-0.23470132965187834
11.540000000000404,-1.0,-0.231353759765625,0.0,-0.4547669389279922,-0.3493262153578882,-0.24426308072673003
11.545000000000405,-1.0,-0.231353759765625,0.0,-0.46733166636437196,-0.3528495386107439,-0.2424759389868881
11.550000000000406,-1.0,-0.231353759765625,0.0,-0.4670326392872415,-0.34544719774828797,-0.3042132760846392
11.555000000000407,-1.0,-0.231353759765625,0.0,-0.462537105349792,-0.3640100510304365,-0.035849547966336215
11.560000000000407,-1.0,-0.231353759765625,0.0,-0.4605262374912885,-0.3431005071454729,0.11731632712570772
11.565000000000408,-1.0,-0.231353759765625,0.0,-0.5089217268998222,-0.3619886982035676,0.216557778034243
11.570000000000409,-1.0,-0.231353759765625,0.0,-0.5072400471411135,-0.36058976661792047,-0.18364224241355478
11.57500000000041,-1.0,-0.231353759765625,0.0,-0.5026255451133509,-0.36356897156866613,-0.2624572008159939
11.58000000000041,-1.0,-0.231353759765625,0.0,-0.49473474669175904,-0.3510793624322447,-0.36411304398080735
11.585000000000411,-1.0,-0.231353759765625,0.0,-0.4977595651716921,-0.3398838768104477,-0.3125574802660535
11.590000000000412,-1.0,-0.231353759765625,0.0,-0.4856635826922842,-0.3204493337766854,-0.24758451147033725
11.595000000000413,-1.0,-0.231353759765625,0.0,-0.47122630035278174,-0.30750107732338045,-0.2774649946922787
11.600000000000414,-1.0,-0.231353759765625,0.0,-0.4660377463978439,-0.2965192622418458,-0.2487266997570077
11.605000000000414,-1.0,-0.231353759765625,0.0,-0.46080222565145307,-0.28676578377357714,-0.2481390432199093
11.610000000000415,-1.0,-0.231353759765625,0.0,-0.4560926022013968,-0.2776780976842676,-0.25108650237200253
11.615000000000416,-1.0,-0.231353759765625,0.0,-0.45184754404964156,-0.2733996183267646,-0.28200415443831595
11.620000000000417,-1.0,-0.231353759765625,0.0,-0.44750932032370366,-0.2700415461555182,-0.30129534439312927
11.625000000000417,-1.0,-0.231353759765625,0.0,-0.4430238401415895,-0.26768484846236856,-0.30667965986097945
11.630000000000418,-1.0,-0.231353759765625,0.0,-0.43847810173748525,-0.26627014738416205,-0.29854214819493774
11.635000000000419,-1.0,-0.231353759765625,0.0,-0.43373104125407463,-0.265707766544338,-0.27771120286041606
11.64000000000042,-1.0,-0.231353759765625,0.0,-0.42877581012520577,-0.2657263856119805,-0.24672057617764803
11.64500000000042,-1.0,-0.231353759765625,0.0,-0.423983684609034,-0.2659267260309214,-0.21047024808154471
11.650000000000421,-1.0,-0.231353759765625,0.0,-0.4198952820277098,-0.26640293550675453,-0.17310682901850702
11.655000000000422,-1.0,-0.231353759765625,0.0,-0.4169755537672541,-0.2675221800792077,-0.1377495587348312
11.660000000000423,-1.0,-0.231353759765625,0.0,-0.41560702084277534,-0.2696080745116982,-0.10788208303733199
11.665000000000424,-1.0,-0.231353759765625,0.0,-0.4160861738184854,-0.27282558970903575,-0.08735644491472622
11.670000000000424,-1.0,-0.231353759765625,0.0,-0.41857037142813425,-0.2771522523190671,-0.07802476948163424
11.675000000000425,-1.0,-0.231353759765625,0.0,-0.42297579767463006,-0.28240782868224956,-0.07962539931885004
11.680000000000426,-1.0,-0.231353759765625,0.0,-0.42914483162477296,-0.2883597046905073,-0.09020569430524103
11.685000000000427,-1.0,-0.231353759765625,0.0,-0.4370414516924161,-0.2946991256466182,-0.1058111264573594
11.690000000000428,-1.0,-0.231353759765625,0.0,-0.44641468581699917,-0.3009112154616068,-0.12414578880403818
11.695000000000428,-1.0,-0.231353759765625,0.0,-0.45718070085660295,-0.30675128443083494,-0.14209574613952014
11.70000000000043,-1.0,-0.231353759765625,0.0,-0.46909267372283603,-0.3120868395199441,-0.1581330453048721
11.70500000000043,-1.0,-0.231353759765625,0.0,-0.4818433732940297,-0.31681318091284344,-0.16863385269520906
11.71000000000043,-1.0,-0.231353759765625,0.0,-0.4945252138205472,-0.320587842047226,-0.16749734063110558
11.715000000000432,-1.0,-0.231353759765625,0.0,-0.5053398331870391,-0.32312045726183813,-0.1520527897622036
11.720000000000432,-1.0,-0.231353759765625,0.0,-0.4952656602313814,-0.31621236260765534,-0.20450562762435992
11.725000000000433,-1.0,-0.231353759765625,0.0,-0.48309851346198496,-0.3262544408592735,-0.2249410812498545
11.730000000000434,-1.0,-0.231353759765625,0.0,-0.47414902287754546,-0.34363711634399774,-0.25314765714585064
11.735000000000435,-1.0,-0.231353759765625,0.0,-0.4724502208548657,-0.33587506503666487,-0.2406414707070866
11.740000000000435,-1.0,-0.231353759765625,0.0,-0.4623595838987125,-0.333531812700137,-0.2200111925839834
11.745000000000436,-1.0,-0.231353759765625,0.0,-0.4792952465182003,-0.32219014066576884,-0.044234846747562645
11.750000000000437,-1.0,-0.231353759765625,0.0,-0.48394912614805663,-0.2991777308942851,-0.10011432764409854
11.755000000000438,-1.0,-0.231353759765625,0.0,-0.4736484623217744,-0.2801258442531104,-0.0334745147517255
11.760000000000439,-1.0,-0.231353759765625,0.0,-0.4683613723580196,-0.26869649925990946,-0.04393842203476101
11.76500000000044,-1.0,-0.231353759765625,0.0,-0.46290673604858656,-0.25703048704112796,-0.07819743027722437
11.77000000000044,-1.0,-0.231353759765625,0.0,-0.45758289582707473,-0.24700153357084614,-0.11792111187800905
11.775000000000441,-1.0,-0.231353759765625,0.0,-0.45250103497145655,-0.23861160398667514,-0.15634369726718536
11.780000000000442,-1.0,-0.231353759765625,0.0,-0.4475789783669453,-0.231778269722733,-0.19031281251063648
11.785000000000442,-1.0,-0.231353759765625,0.0,-0.4429372818520674,-0.22916239502985106,-0.23314881488718417
11.790000000000443,-1.0,-0.231353759765625,0.0,-0.4382958797823331,-0.22740535424868596,-0.25570522866328566
11.795000000000444,-1.0,-0.231353759765625,0.0,-0.43372617860465223,-0.22643219249332958,-0.2595047921260311
11.800000000000445,-1.0,-0.231353759765625,0.0,-0.42901706199567213,-0.22612542869033994,-0.24629294075133187
11.805000000000446,-1.0,-0.231353759765625,0.0,-0.4241867812809104,-0.22621073440982561,-0.21827932117026688
11.810000000000446,-0.819610595703125,-0.2235107421875,0.0,-0.4172563151652582,-0.233325514069565,-0.2713197368409675
11.815000000000447,-0.945098876953125,-0.199981689453125,0.0,-0.4145337251506612,-0.23785364764682027,-0.2566772377695677
11.820000000000448,-0.866668701171875,-0.192138671875,0.0,-0.40953636911082936,-0.24005000107747493,-0.192309288098216
11.825000000000449,-0.686279296875,-0.168609619140625,0.0,-0.40302239017425323,-0.24284609897910395,-0.14304655587549098
11.83000000000045,-0.756866455078125,-0.1607666015625,0.0,-0.40177656599799316,-0.24633517466470647,-0.09834546007064282
11.83500000000045,-0.552947998046875,0.0,0.0,-0.39548597249015915,-0.2512436088549315,-0.053295224089442234
11.840000000000451,-0.411773681640625,0.0,0.0,-0.39086988492028024,-0.25778453909262844,-0.041733886900703315
11.845000000000452,0.0,0.0,0.0,-0.37691772016081493,-0.26277236577506297,-0.08531975898785592
11.850000000000453,0.0,0.0,0.0,-0.3684532824052454,-0.26497007287562474,-0.11849016053795638
11.855000000000453,0.0,0.0,0.0,-0.36381073609921105,-0.2648808667905371,-0.1399732080939667
11.860000000000454,0.0,0.0,0.0,-0.3617274488270798,-0.2630609325356882,-0.14860297842402725
11.865000000000455,0.0,0.0,0.0,-0.3625560248049107,-0.26058578068378474,-0.14732591635602355
11.870000000000456,0.0,0.0,0.0,-0.3657398261496299,-0.2581966122363924,-0.13848622458221127
11.875000000000457,0.0,0.0,0.0,-0.37033521931122465,-0.2562642617765783,-0.12313717239570678
11.880000000000457,0.0,0.0,0.0,-0.37554553715785804,-0.2550028611852319,-0.10290668848443629
11.885000000000458,0.0,0.0,0.0,-0.3807412376259121,-0.25444536017838365,-0.07935678811502936
11.890000000000459,0.0,0.0,0.0,-0.3009278013626166,-0.2275163949648539,0.3880778973714951
11.89500000000046,0.0,0.0,0.0,-0.14078987434524526,-0.1460551595730129,0.11072433327977077
11.90000000000046,0.0,0.0,0.0,-0.1081139454174142,-0.11179572927909899,-0.15373793485830267
11.905000000000461,0.0,0.0,0.0,-0.12170930984515316,-0.13842931486431054,0.17187084663445118
11.910000000000462,0.0,0.0,0.0,-0.13827112307430053,-0.15207989920691928,0.033397035371988015
11.915000000000463,0.0,0.0,0.0,-0.14817247290543992,-0.15324850686148428,0.11581726024940095
11.920000000000464,0.0,0.0,0.0,-0.15511216657729207,-0.16340964451047849,0.0985535115343561
11.925000000000464,0.0,0.0,0.0,-0.15968491425873982,-0.16188623645833347,0.14958890637171113
11.930000000000465,0.0,0.0,0.0,-0.1681423130150822,-0.1570534043061858,0.24054482659796522
11.935000000000466,0.0,0.0,0.0,-0.1784980186471436,-0.1517359410250022,0.2312507301037582
11.940000000000467,0.0,0.0,0.0,-0.18649939976840288,-0.14629282918990957,0.24963113184872818
11.945000000000467,0.0,0.0,0.0,-0.197565431466326,-0.14344920197147412,0.23618928202800465
11.950000000000468,0.0,0.0,0.0,-0.19744385989708163,-0.14422177726544336,0.15665636531362007
11.955000000000469,0.0,0.0,0.0,-0.19646057202557485,-0.13768666902940982,0.19155019871268483
11.96000000000047,0.0,0.0,0.0,-0.19309629170396908,-0.14022342414408281,0.19727484056244987
11.96500000000047,0.0,0.0,0.0,-0.1943333260474291,-0.13974152549887567,0.13339326962158615
11.970000000000471,0.0,0.0,0.0,-0.19609467153114465,-0.13885191498996136,0.09361772356761386
11.975000000000472,0.0,0.0,0.0,-0.1957067136882656,-0.1416163651596785,0.11925685695627004
11.980000000000473,0.0,0.0,0.0,-0.18765499468229702,-0.1382578010118231,0.12561775773293685
11.985000000000474,0.0,0.0,0.0,-0.1860328890382765,-0.1361741142461536,0.16980744465184278
11.990000000000475,0.0,0.0,0.0,-0.1828531353257694,-0.13494951838806124,0.15410561832877542
11.995000000000475,0.0,0.0,0.0,-0.18122640209108448,-0.13541522417101548,0.1347441989063412
12.000000000000476,0.0,0.0,0.0,-0.17816245507036524,-0.13538099059225442,0.1318349227150875
12.005000000000477,0.0,0.0,0.0,-0.17709630560128337,-0.13663474506890608,0.14478505760504917
12.010000000000478,0.0,0.0,0.0,-0.17407884847871166,-0.13710593772468418,0.14544505046489117
12.015000000000478,0.0,0.0,0.0,-0.1714324716695409,-0.13749600145239813,0.1503823655829167
12.02000000000048,0.0,0.0,0.0,-0.16858447065262488,-0.13668913754304046,0.14266517816682223
12.02500000000048,0.0,0.0,0.0,-0.16551500172313555,-0.13586250116515916,0.1351184852445527
12.03000000000048,0.0,0.0,0.0,-0.16237070939750783,-0.13484306236111848,0.13047062810241591
12.035000000000482,0.0,0.0,0.0,-0.15928022928394522,-0.13365797487730413,0.1270742101448165
12.040000000000482,0.0,0.0,0.0,-0.15620384828803233,-0.1322497296600684,0.12525599912833396
12.045000000000483,0.0,0.0,0.0,-0.15331040056751363,-0.13062702569723203,0.12401745265981033
12.050000000000484,0.0,0.0,0.0,-0.15059384379543184,-0.12889390387077726,0.12396196454999388
12.055000000000485,0.0,0.0,0.0,-0.1479760314426178,-0.12687580396180947,0.12465501979292813
12.060000000000485,0.0,0.0,0.0,-0.14582956507041603,-0.12480407461481008,0.1237726511240641
12.065000000000486,0.0,0.0,0.0,-0.14383814922088706,-0.12272451494642792,0.12465482745694662
12.070000000000487,0.0,0.0,0.0,-0.12505073983315484,-0.11068752601465903,0.09204162415767239
12.075000000000488,0.0,0.0,0.0,-0.11178895265315826,-0.10801320794386667,0.14748685420353327
12.080000000000489,0.0,0.0,0.0,-0.09983624157119655,-0.10335719222019726,0.1628020932447249
12.08500000000049,0.0,0.0,0.0,-0.09112276375061423,-0.09563804217549379,0.16761834492466737
12.09000000000049,0.0,0.0,0.0,-0.0798153422586132,-0.08946002194162647,0.13856355186715374
12.095000000000491,0.0,0.0,0.0,-0.07147930199296437,-0.08553875722496156,0.1405319834202346
12.100000000000492,0.0,0.0,0.0,-0.07381087009907705,-0.084781433826708,0.1259618786065631
12.105000000000492,0.0,0.0,0.0,-0.07485224005779707,-0.08122636195054839,0.12740176670018474
12.110000000000493,0.0,0.0,0.0,-0.07258147346120307,-0.07862657029735404,0.11314004174928163
12.115000000000494,0.0,0.0,0.0,-0.07281011857420702,-0.07565054275215279,0.13323623816394026
12.120000000000495,0.0,0.0,0.0,-0.07134492696489692,-0.07321630822199332,0.15651695774181887
12.125000000000496,0.0,0.0,0.0,-0.07126893000550667,-0.06931718073858079,0.12652060859052183
12.130000000000496,0.0,0.0,0.0,-0.06948690133617777,-0.06664042260897811,0.1132511959392356
12.135000000000497,0.0,0.0,0.0,-0.06768429609128473,-0.06361242798766908,0.12979453341286085
12.140000000000498,0.0,0.0,0.0,-0.06538651179001115,-0.060686505822471815,0.13043207396487086
12.145000000000499,0.0,0.0,0.0,-0.06327076486606618,-0.05789065270843699,0.13032858201839534
12.1500000000005,0.0,0.0,0.0,-0.060611372258098914,-0.0549773718732565,0.12902688172012808
12.1550000000005,0.0,0.0,0.0,-0.05784504370657533,-0.052102039315890164,0.12816691457694376
12.160000000000501,0.0,0.0,0.0,-0.05512169749488251,-0.049210037837637506,0.12860275238810243
12.165000000000502,0.0,0.0,0.0,-0.0525230384032723,-0.04646617201061883,0.13074296953641792
12.170000000000503,0.0,0.0,0.0,-0.049906191269482675,-0.043784481979104374,0.13214088665572954
12.175000000000503,0.0,0.0,0.0,-0.04740264801475305,-0.04115816938617795,0.13293362166818837
12.180000000000504,0.0,0.0,0.0,-0.045059340261754975,-0.03865195833416835,0.13358930813034528
12.185000000000505,0.0,0.0,0.0,-0.04286825608618925,-0.03626614310385812,0.13420393465071292
12.190000000000506,0.0,0.0,0.0,-0.04081553682935214,-0.03400274394447376,0.13467881023560363
12.195000000000507,0.0,0.0,0.0,-0.038901610957105835,-0.03185959583565959,0.1350303234922041
12.200000000000507,0.0,0.0,0.0,-0.037117052026548296,-0.02983378536849462,0.13530270704688857
12.205000000000508,0.0,0.0,0.0,-0.035449114087265456,-0.02791941941801275,0.13551239569466822
12.210000000000509,0.0,0.0,0.0,-0.03388670479507435,-0.026109223057140363,0.13566536031552834
12.21500000000051,0.0,0.0,0.0,-0.03241805251681387,-0.02439577296780468,0.1357623360550369
12.22000000000051,0.0,0.0,0.0,-0.031032208610145665,-0.022771543796893605,0.1358027807442066
12.225000000000511,0.0,0.0,0.0,-0.029719171863528977,-0.02122972946029782,0.13579078326173355
12.230000000000512,0.0,0.0,0.0,-0.028469792858320537,-0.01976301817625703,0.13572129074959127
12.235000000000513,0.0,0.0,0.0,-0.027277955522549968,-0.018367147895765767,0.13560528628876065
12.240000000000514,0.0,0.0,0.0,-0.02611154221644924,-0.016987901953675586,0.13526827126907823
12.245000000000514,0.0,0.0,0.0,-0.02496665010288375,-0.015613286243844839,0.1346135233133207
12.250000000000515,0.0,0.0,0.0,-0.023845722303247194,-0.014246979939503225,0.13393630869981826
12.255000000000516,0.0,0.0,0.0,-0.022758138530121014,-0.012898702764107272,0.13320886440678065
12.260000000000517,0.0,0.0,0.0,-0.02170878878291567,-0.011575150971055975,0.1324845894511999
12.265000000000517,0.0,0.0,0.0,-0.020702292131865332,-0.01028210794080178,0.13177517787195897
12.270000000000518,0.0,0.0,0.0,-0.023270661130658517,-0.009519252403141783,0.12777013915014931
12.275000000000519,0.0,0.0,0.0,-0.02547341021863321,-0.008817688760006138,0.12561472740781873
12.28000000000052,0.0,0.0,0.0,-0.02100675252933402,-0.007633540439379334,0.1269650070553389
12.28500000000052,0.0,0.0,0.0,-0.018245884104971362,-0.005847790171033791,0.13229403223069733
12.290000000000521,0.0,0.0,0.0,-0.01658251942023778,-0.004927615997382352,0.1361486205576505
12.295000000000522,0.0,0.0,0.0,-0.015466203816667136,-0.0036083828872109534,0.13256497995944802
12.300000000000523,0.0,0.0,0.0,-0.018104278474811268,-0.0032987161416012617,0.12961180000715905
12.305000000000524,0.0,0.0,0.0,-0.020626125170252595,-0.0026981756970417834,0.1221069542253212
12.310000000000525,0.0,0.0,0.0,-0.016704789670130837,-0.001384015755236429,0.1193127598853734
12.315000000000525,0.0,0.0,0.0,-0.013947663393223744,-0.0005077380802259783,0.12991853115387192
12.320000000000526,0.0,0.0,0.0,-0.012683345362149321,0.0007509333479205159,0.1308235970079578
12.325000000000527,0.0,0.0,0.0,-0.015712158231108234,0.0011110005397067621,0.12226592987208797
12.330000000000528,0.0,0.0,0.0,-0.01839171059797513,0.0014035679302714,0.11819452064077951
12.335000000000528,0.0,0.0,0.0,-0.014144830481322718,0.002027203334665161,0.11766133707461567
12.34000000000053,0.0,0.0,0.0,-0.011833206377768378,0.002747149683248509,0.12835924051168357
12.34500000000053,0.0,0.0,0.0,-0.01104461763687048,0.0036097886144412636,0.1289618912102174
12.35000000000053,0.0,0.0,0.0,-0.010263160781946721,0.004028426394489921,0.127287670160723
12.355000000000532,0.0,0.0,0.0,-0.01336788751960579,0.0046491710076220615,0.11907639209968629
12.360000000000532,0.0,0.0,0.0,-0.015842847211721103,0.004694025616824782,0.11372094585691021
12.365000000000533,0.0,0.0,0.0,-0.012453241813669818,0.005279408404281687,0.11687810499508575
12.370000000000534,0.0,0.0,0.0,-0.01050698672552843,0.005252426644062231,0.12629188459254329
12.375000000000535,0.0,0.0,0.0,-0.01343108749117429,0.00559827898384989,0.11671953812257732
12.380000000000535,0.0,0.0,0.0,-0.010598298197346336,0.006284747583149876,0.11401550921339981
12.385000000000536,0.0,0.0,0.0,-0.009011555159604561,0.006021231226809847,0.12243913568024192
12.390000000000537,0.0,0.0,0.0,-0.011946963479367202,0.006068012592759789,0.11347388083274061
12.395000000000538,0.0,0.0,0.0,-0.009653360234898295,0.0066102072525735045,0.11517271541872309
12.400000000000539,0.0,0.0,0.0,-0.008334572844452699,0.0064313673080606155,0.11773701041667271
12.40500000000054,0.0,0.0,0.0,-0.0076382712839656855,0.006369344492741046,0.11640148540401399
12.41000000000054,0.0,0.0,0.0,-0.010574032932794122,0.006492370797423453,0.10797533089968159
12.415000000000541,0.0,0.0,0.0,-0.008816716555804065,0.006162118029918066,0.11373118811417264
12.420000000000542,0.0,0.0,0.0,-0.010795581701948019,0.005328914643356766,0.11943417066530253
12.425000000000542,0.0,0.0,0.0,-0.008924046921530693,0.005172486256732971,0.12246796391793417
12.430000000000543,0.0,0.0,0.0,-0.007563414648814107,0.005409705491491555,0.11366221511056665
12.435000000000544,0.0,0.0,0.0,-0.006527704277087532,0.005437017869831126,0.10939783427953749
12.440000000000545,0.0,0.0,0.0,-0.0059596806975451555,0.0054865640576573695,0.10619927595115596
12.445000000000546,0.0,0.0,0.0,-0.005493703191908165,0.005410860551067703,0.10544749902196927
12.450000000000546,0.0,0.0,0.0,-0.008314793527609086,0.005595713478591768,0.09723175620072094
12.455000000000547,0.0,0.0,0.0,-0.006753790193823488,0.005332512570768809,0.10751816080013757
12.460000000000548,0.0,0.0,0.0,-0.005543884514196545,0.005384872157979189,0.10434037374913455
12.465000000000549,0.0,0.0,0.0,-0.00473054408804957,0.005309498760442474,0.10297846427301766
12.47000000000055,0.0,0.0,0.0,-0.0041095675504595934,0.005319087591530069,0.10235927244621763
12.47500000000055,0.0,0.0,0.0,-0.006946031220672442,0.005399597306444988,0.09361335662711172
12.480000000000551,0.0,0.0,0.0,-0.005497119256012078,0.0050383818367821295,0.10510332501827693
12.485000000000552,0.0,0.0,0.0,-0.003992051672262722,0.005231502957305566,0.10283574530988931
12.490000000000553,0.0,0.0,0.0,-0.0033129419856439695,0.005064238424680431,0.10109536483754462
12.495000000000553,0.0,0.0,0.0,-0.002839867605796232,0.005060765239503168,0.09961880099012568
12.500000000000554,0.0,0.0,0.0,-0.005627915855514535,0.0051531181961589,0.09076326006588939
12.505000000000555,0.0,0.0,0.0,-0.0042822423242379806,0.004855716340833008,0.1029686516736567
12.510000000000556,0.0,0.0,0.0,-0.00683891932438869,0.0047672640843078465,0.09334617481996137
12.515000000000557,0.0,0.0,0.0,-0.004931423954436568,0.004576308451367245,0.10270543749100244
12.520000000000557,0.0,0.0,0.0,-0.0031461272381726945,0.0046410145025017075,0.09959256401749644
12.525000000000558,0.0,0.0,0.0,-0.001956934183731685,0.004614129601240783,0.098239591775159
12.530000000000559,0.0,0.0,0.0,-0.0015044303739939824,0.004566836023224947,0.09548166847140299
12.53500000000056,0.0,0.0,0.0,-0.0011516854552338007,0.004616326804270594,0.09420855932714332
12.54000000000056,0.0,0.0,0.0,-0.004107854010720627,0.0046867102860509,0.08589552538877351
12.545000000000561,0.0,0.0,0.0,-0.006726881030869745,0.004507839417834594,0.08264330924334991
12.550000000000562,0.0,0.0,0.0,-0.004260288677098446,0.003868991286854679,0.0936334790542812
12.555000000000563,0.0,0.0,0.0,-0.00220833308688469,0.0046307900326837785,0.09133481746881014
12.560000000000564,0.0,0.0,0.0,-0.0013896318522565415,0.004362724337997272,0.09329372592826277
12.565000000000564,0.0,0.0,0.0,-0.000768846513576749,0.004315080282514919,0.09568158017274522
12.570000000000565,0.0,0.0,0.0,-0.0006402121967911388,0.0043555121402430235,0.09184595494978326
12.575000000000566,0.0,0.0,0.0,-0.0034639273943515513,0.004470606022546684,0.08414020494453986
12.580000000000567,0.0,0.0,0.0,-0.005980317038850852,0.004392853271472901,0.07988063716313239
12.585000000000568,0.0,0.0,0.0,-0.0037474182720422097,0.0038039838364615224,0.09605642296147965
12.590000000000568,0.0,0.0,0.0,-0.0022070807972969977,0.00415778476162158,0.08987463849623893
12.595000000000569,0.0,0.0,0.0,-0.0012728147091489589,0.003757249630106541,0.09300591982052805
12.60000000000057,0.0,0.0,0.0,-0.004263446980030125,0.003995583158075565,0.08491713634913688
12.60500000000057,0.0,0.0,0.0,-0.0066510037067812,0.003888536317559614,0.0794595896000689
12.610000000000571,0.0,0.0,0.0,-0.003621240118226836,0.002867929920142979,0.08460148876838886
12.615000000000572,0.0,0.0,0.0,-0.0018480791016052042,0.0028194321218367275,0.08847986928991872
12.620000000000573,0.0,0.0,0.0,-0.000627597917708968,0.002958224778103832,0.08660592812474416
12.625000000000574,0.0,0.0,0.0,-0.0001725526891234687,0.0029490423084898828,0.08807489774524789
12.630000000000575,0.0,0.0,0.0,-4.1797176979374914e-05,0.003012952070718488,0.08576285644616786
12.635000000000575,0.0,0.0,0.0,-9.948280707113607e-05,0.0029891714931455805,0.08446162682810698
12.640000000000576,0.0,0.0,0.0,-0.003014737033754522,0.003086547205452049,0.07646718216206827
12.645000000000577,0.0,0.0,0.0,-0.0055464835507851844,0.002907244740295603,0.07263476449794427
12.650000000000578,0.0,0.0,0.0,-0.002943756779921451,0.002548800065859076,0.08449789827683275
12.655000000000578,0.0,0.0,0.0,-0.001468499519256178,0.002422900007967978,0.08245208941146154
12.66000000000058,0.0,0.0,0.0,-0.0008550898060175005,0.002130639519352137,0.08123623964580334
12.66500000000058,0.0,0.0,0.0,-0.00040760026890889243,0.0021927639922556517,0.08132649188551094
12.67000000000058,0.0,0.0,0.0,-0.000130066716667655,0.0021367238067336266,0.08026742831970249
12.675000000000582,0.0,0.0,0.0,-0.00010511864953543633,0.002097698113300962,0.07866012320335822
12.680000000000582,0.0,0.0,0.0,-0.0029468069454745005,0.002134139962625323,0.07112773132722762
12.685000000000583,0.0,0.0,0.0,-0.0017656939303832418,0.0018603649333123902,0.07590360534181233
12.690000000000584,0.0,0.0,0.0,-0.0009482186059762586,0.001673264793954254,0.07827457628719028
12.695000000000585,0.0,0.0,0.0,-0.0004402057741307151,0.0015575499665895702,0.07753724858956883
12.700000000000585,0.0,0.0,0.0,-0.003262316223417035,0.0015752686379215228,0.06952757161108836
12.705000000000586,0.0,0.0,0.0,-0.0017101495315194701,0.0014322474401574539,0.07354237403584189
12.710000000000587,0.0,0.0,0.0,-0.000858861756890606,0.001172922637455163,0.07656511823576304
12.715000000000588,0.0,0.0,0.0,-0.00041262258650785126,0.0009693343415492708,0.07578002186521235
12.720000000000589,0.0,0.0,0.0,-0.00018006112801941386,0.0008692956292324652,0.07466012066703052
12.72500000000059,0.0,0.0,0.0,-0.00011753086899619551,0.0007981084578950118,0.07253550725574699
12.73000000000059,0.0,0.0,0.0,-0.002898612489042475,0.0008815249061374623,0.06512043821772906
12.735000000000591,0.0,0.0,0.0,-0.001672857863157709,0.0006962833998822445,0.07025271035357676
12.740000000000592,0.0,0.0,0.0,-0.0009238019766017841,0.00043600247363189337,0.0721458955481391
12.745000000000593,0.0,0.0,0.0,-0.00039355692724613966,0.0003782811263268183,0.07173542127224056
12.750000000000593,0.0,0.0,0.0,-0.0033214030287971414,0.00048770882818660724,0.06421938093367564
12.755000000000594,0.0,0.0,0.0,-0.0022257091332981904,0.0003167930645066426,0.0705206471780081
12.760000000000595,0.0,0.0,0.0,-0.0014339191837667358,7.989957062749494e-06,0.0717079343299814
12.765000000000596,0.0,0.0,0.0,-0.001058410799492925,-0.00021579385076787665,0.0698851504763208
12.770000000000596,0.0,0.0,0.0,-0.0008665274790836076,-0.00015291154469672437,0.06784484057215862
12.775000000000597,0.0,0.0,0.0,-0.0035294244490278715,-7.067934983254565e-05,0.06003388868064032
12.780000000000598,0.0,0.0,0.0,-0.002046705854705256,-0.0004661344411840869,0.06782237350990454
12.785000000000599,0.0,0.0,0.0,-0.0012813924013927555,-0.0006260567770306198,0.06635647356493912
12.7900000000006,0.0,0.0,0.0,-0.0008260269916153399,-0.0006441780575086006,0.06622932183723501
12.7950000000006,0.0,0.0,0.0,-0.0006034400849045168,-0.0007669668601526966,0.06476179096266182
12.800000000000601,0.0,0.0,0.0,-0.00057135518767554,-0.0008900446190094496,0.06295319607702414
12.805000000000602,0.0,0.0,0.0,-0.0005512007994288475,-0.0009832757768591075,0.062377612186169794
12.810000000000603,0.0,0.0,0.0,-0.000580673138296208,-0.0010849997069697127,0.061365500639111295
12.815000000000603,0.0,0.0,0.0,-0.0033585201047575935,-0.0010370595078153572,0.05529306966752051
12.820000000000604,0.0,0.0,0.0,-0.0019572758672896603,-0.0014317975676381523,0.0625268091647135
12.825000000000605,0.0,0.0,0.0,-0.0012728234983263962,-0.0015739003417661308,0.06365169754828448
12.830000000000606,0.0,0.0,0.0,-0.0007934711477640786,-0.0015692181337620217,0.062448235760266126
12.835000000000607,0.0,0.0,0.0,-0.0005789372377429365,-0.0016262305811205096,0.06111955068424105
12.840000000000607,0.0,0.0,0.0,-0.0005519655909756686,-0.0017309343750425029,0.05897697111005704
12.845000000000608,0.0,0.0,0.0,-0.0005623638751208972,-0.0018225083807845203,0.057855593721368156
12.850000000000609,0.0,0.0,0.0,-0.0005733181561334811,-0.0019162292702184973,0.05695766525890311
12.85500000000061,0.0,0.0,0.0,-0.0005806139213928852,-0.002014276159417698,0.05638380142670753
12.86000000000061,0.0,0.0,0.0,-0.0005904902428590575,-0.0021151825108258553,0.05591288437427873
12.865000000000611,0.0,0.0,0.0,-0.0033169280830765767,-0.00205090343137608,0.04995894997068306
12.870000000000612,0.0,0.0,0.0,-0.0018994930116740351,-0.0023798173224156413,0.05768629779924607
12.875000000000613,0.0,0.0,0.0,-0.0012066087410550791,-0.00252159327005542,0.05789924138124345
12.880000000000614,0.0,0.0,0.0,-0.0007064260919833838,-0.002453661673519966,0.05720239284131534
12.885000000000614,0.0,0.0,0.0,-0.00048562157502937393,-0.0025033994773389066,0.05637334240808742
12.890000000000615,0.0,0.0,0.0,-0.00047515940671992234,-0.0025828461515283074,0.05393976304962757
12.895000000000616,0.0,0.0,0.0,-0.0004704189572903449,-0.0026626935951346697,0.05279196263256377
12.900000000000617,0.0,0.0,0.0,-0.0004940096995071087,-0.0027297062235993254,0.051834745208261306
12.905000000000618,0.0,0.0,0.0,-0.0005168688268715515,-0.002811179826162236,0.05145056740534458
12.910000000000618,0.0,0.0,0.0,-0.0005493582981643879,-0.0028879699184022854,0.051004444430405235
12.915000000000619,0.0,0.0,0.0,-0.0005760873041010123,-0.0029704206786796703,0.050642465878131475
12.92000000000062,0.0,0.0,0.0,-0.0006014873579076526,-0.003049485669559275,0.05027432303671167
12.92500000000062,0.0,0.0,0.0,-0.0006239820717227703,-0.003130902233062396,0.049934561008886914
12.930000000000621,0.0,0.0,0.0,-0.003343522709896565,-0.003049818618145389,0.044031448868912415
12.935000000000622,0.0,0.0,0.0,-0.0020710609814575207,-0.003292183364620919,0.05242105719565695
12.940000000000623,0.0,0.0,0.0,-0.0011239598238145772,-0.003399546636179384,0.05247695594007034
12.945000000000624,0.0,0.0,0.0,-0.0006190760059078892,-0.0033033969168485056,0.05156290084119038
12.950000000000625,0.0,0.0,0.0,-0.0005393241315660016,-0.003379086822954123,0.04945453519334732
12.955000000000625,0.0,0.0,0.0,-0.0004605760557539367,-0.003383222780854396,0.04799034074563514
12.960000000000626,0.0,0.0,0.0,-0.0005028271973709047,-0.0034338226949241954,0.04695458160849373
12.965000000000627,0.0,0.0,0.0,-0.000559890108778412,-0.0034804052525814044,0.04618053110702804
12.970000000000628,0.0,0.0,0.0,-0.0006181170130957249,-0.0035380658969984234,0.045678957197223265
12.975000000000628,0.0,0.0,0.0,-0.0006758168410488258,-0.0035992745221836695,0.0452601575297183
12.98000000000063,0.0,0.0,0.0,-0.0007310634441230186,-0.0036646992442544747,0.044877053841830404
12.98500000000063,0.0,0.0,0.0,-0.0007816676098775761,-0.0037307955361324916,0.04454382371459078
12.99000000000063,0.0,0.0,0.0,-0.0008172124880095482,-0.003799031787453567,0.04425123055524475
12.995000000000632,0.0,0.0,0.0,-0.0008461482311547216,-0.003865376631458267,0.04393561446258264
13.000000000000632,0.0,0.0,0.0,-0.0008682490242681383,-0.003929136186779382,0.04358681783313463
13.005000000000633,0.0,0.0,0.0,-0.0008824637017653071,-0.003989884395485663,0.04323760007443502
13.010000000000634,0.0,0.0,0.0,-0.000889180656627937,-0.00404653765466521,0.04288531800047435
13.015000000000635,0.0,0.0,0.0,-0.0008913155006301573,-0.004098756722905475,0.04252219982984936
13.020000000000636,0.0,0.0,0.0,-0.0008902364165249897,-0.004146348111645678,0.04214571465098993
13.025000000000636,0.0,0.0,0.0,-0.0008874637556361953,-0.004189616523992756,0.041760706353481114
13.030000000000637,0.0,0.0,0.0,-0.0008840194034336503,-0.0042287647826700185,0.04136905924906562
13.035000000000638,0.0,0.0,0.0,-0.0008809289103791766,-0.0042642824193816434,0.04097420802061908
13.040000000000639,0.0,0.0,0.0,-0.0008789824381237707,-0.004296644532568849,0.04057812550666628
13.04500000000064,0.0,0.0,0.0,-0.0008785848828485402,-0.004326420244678654,0.04018153102048371
13.05000000000064,0.0,0.0,0.0,-0.0008803958498447673,-0.004353184369942137,0.03978243182799793
13.055000000000641,0.0,0.0,0.0,-0.0008850948917340954,-0.004378480172607177,0.039391575170966926
13.060000000000642,0.0,0.0,0.0,-0.0008878284098310211,-0.004401402507365848,0.0389887504886903
13.065000000000643,0.0,0.0,0.0,-0.0008918452272111118,-0.004419456497855492,0.038589687640800736
13.070000000000643,0.0,0.0,0.0,-0.000897085736823084,-0.004437738498128164,0.038203526947206454
13.075000000000644,0.0,0.0,0.0,-0.0009052954171323664,-0.004454088411950308,0.037815375301190834
13.080000000000645,0.0,0.0,0.0,-0.0009161550774937636,-0.004469707907771889,0.03743085312657715
13.085000000000646,0.0,0.0,0.0,-0.0009294530474690972,-0.00448443296765466,0.03705326866332273
13.090000000000646,0.0,0.0,0.0,-0.0009439022755981375,-0.0044987080682267755,0.03668119651016352
13.095000000000647,0.0,0.0,0.0,-0.0009594324459982838,-0.0045128338027142995,0.036323255190179524
13.100000000000648,0.0,0.0,0.0,-0.0009767878040051945,-0.004526206010969472,0.0359710999480371
13.105000000000649,0.0,0.0,0.0,-0.000994233927747157,-0.004539339523468829,0.03562629455083535
13.11000000000065,0.0,0.0,0.0,-0.0010119746431309729,-0.004551578368363982,0.03528350182938853
13.11500000000065,0.0,0.0,0.0,-0.001029149397858582,-0.004563412260138746,0.03494964256201426
13.120000000000651,0.0,0.0,0.0,-0.001046115893394615,-0.0045737996875862795,0.034617198957849066
13.125000000000652,0.0,0.0,0.0,-0.0010620620137537268,-0.0045831341896994705,0.034291713458318995
13.130000000000653,0.0,0.0,0.0,-0.001077245851229009,-0.004591370102852962,0.033970622157375265
13.135000000000653,0.0,0.0,0.0,-0.00109177883016991,-0.004598171984480025,0.03365421217640716
13.140000000000654,0.0,0.0,0.0,-0.001104790328266657,-0.0046031636314675314,0.03334264799760231
13.145000000000655,0.0,0.0,0.0,-0.0011172324508081737,-0.004607214344506415,0.03303683236046298
13.150000000000656,0.0,0.0,0.0,-0.0011292710462897152,-0.004609510756733903,0.032729812454337336
13.155000000000657,0.0,0.0,0.0,-0.0011403128875422748,-0.004610579547905893,0.03242595620755906
13.160000000000657,0.0,0.0,0.0,-0.001150748016267634,-0.0046104102130970475,0.03212650528839024
13.165000000000658,0.0,0.0,0.0,-0.0011607574441775028,-0.0046087282303123,0.031828961059666636
13.170000000000659,0.0,0.0,0.0,-0.0011695202226121024,-0.004605637257753245,0.03153869998180118
13.17500000000066,0.0,0.0,0.0,-0.0011774719772000071,-0.004601084780097943,0.03125348665387906
13.18000000000066,0.0,0.0,0.0,-0.0011846440892754287,-0.004595255960463011,0.030972438815294105
13.185000000000661,0.0,0.0,0.0,-0.0011914351147160572,-0.004588057881371842,0.03069167497587663
13.190000000000662,0.0,0.0,0.0,-0.001198084451858293,-0.004579649342894092,0.03040900506813799
13.195000000000663,0.0,0.0,0.0,-0.001204560441508945,-0.004570144142139062,0.030126416024335235
13.200000000000664,0.0,0.0,0.0,-0.0012097030287998392,-0.004559482504650737,0.029853431008574124
13.205000000000664,0.0,0.0,0.0,-0.001214648300938387,-0.0045477733618248155,0.029584811951494157
13.210000000000665,0.0,0.0,0.0,-0.0012192594498063067,-0.004534930797068873,0.029317839271903047
13.215000000000666,0.0,0.0,0.0,-0.001223769598051347,-0.004521230886998715,0.029051084746186676
13.220000000000667,0.0,0.0,0.0,-0.0012279459982212882,-0.004506739736309742,0.028784894614401084
13.225000000000668,0.0,0.0,0.0,-0.0012317323177506272,-0.0044912271143564995,0.02852114485602605
13.230000000000668,0.0,0.0,0.0,-0.00123520703467421,-0.004474894385085513,0.02826117706441662
13.23500000000067,0.0,0.0,0.0,-0.0012384443404441143,-0.004457457819216856,0.028009240546284467
13.24000000000067,0.0,0.0,0.0,-0.0012408623043576776,-0.004439509374384955,0.027756918953283107
13.24500000000067,0.0,0.0,0.0,-0.0012431301842715755,-0.004421156753406186,0.02750317914044464
13.250000000000671,0.0,0.0,0.0,-0.0012453292903708381,-0.004401953575366383,0.02725136335888645
13.255000000000672,0.0,0.0,0.0,-0.001247074932355933,-0.004381872957048374,0.027006007751936477
13.260000000000673,0.0,0.0,0.0,-0.0012483453573210281,-0.004361383949826826,0.026760030561297686
13.265000000000674,0.0,0.0,0.0,-0.001249365062716065,-0.004340695671089913,0.026517859706833825
13.270000000000675,0.0,0.0,0.0,-0.001250124276072858,-0.004319197784666959,0.02627521642001901
13.275000000000675,0.0,0.0,0.0,-0.0012508008068998272,-0.0042968098520312775,0.026037971915566813
13.280000000000676,0.0,0.0,0.0,-0.001250669448652736,-0.004274324409660041,0.02580057138057506
13.285000000000677,0.0,0.0,0.0,-0.0012502973342273574,-0.0042516426032168835,0.025567803565792805
13.290000000000678,0.0,0.0,0.0,-0.0012497008957420273,-0.004228208608193558,0.025334163436138105
13.295000000000678,0.0,0.0,0.0,-0.0012488352325024361,-0.004204098821749046,0.02510538635609427
13.30000000000068,0.0,0.0,0.0,-0.0012475878499296595,-0.004179976974197672,0.024877093832000208
13.30500000000068,0.0,0.0,0.0,-0.001245916228273729,-0.004155531910796096,0.024653127461302923
13.31000000000068,0.0,0.0,0.0,-0.0012438958209348738,-0.004131032792312296,0.024429077509496525
13.315000000000682,0.0,0.0,0.0,-0.0012417719652832106,-0.0041058116547727725,0.024206873731391597
13.320000000000682,0.0,0.0,0.0,-0.001239588808345242,-0.0040802761376167425,0.023989799175096495
13.325000000000683,0.0,0.0,0.0,-0.001237085760848836,-0.004053939140498247,0.02377307820012072
13.330000000000684,0.0,0.0,0.0,-0.0012339852790584343,-0.004027929360560236,0.023555991570871897
13.335000000000685,0.0,0.0,0.0,-0.001230608472068698,-0.004001878387411222,0.02334615017655435
13.340000000000686,0.0,0.0,0.0,-0.00122701182946845,-0.003975566479389365,0.02313534583349236
13.345000000000686,0.0,0.0,0.0,-0.0012237291502578446,-0.003948930121815868,0.022926006246109954
13.350000000000687,0.0,0.0,0.0,-0.0012199272824515127,-0.003921698682059153,0.022720365168992264
13.355000000000688,0.0,0.0,0.0,-0.001216357272287145,-0.0038944647288241215,0.022517333660675962
13.360000000000689,0.0,0.0,0.0,-0.001212062202524747,-0.003867070059948433,0.022312544015103748
13.36500000000069,0.0,0.0,0.0,-0.0012075483725592963,-0.003839952612030671,0.02211294008344811
13.37000000000069,0.0,0.0,0.0,-0.0012024590246732876,-0.00381226332538188,0.021914129195203715
13.375000000000691,0.0,0.0,0.0,-0.0011979731485313586,-0.003784688493522547,0.021715313453112835
13.380000000000692,0.0,0.0,0.0,-0.0011929573117779753,-0.003756766064547445,0.02152259500028437
13.385000000000693,0.0,0.0,0.0,-0.0011879994998687004,-0.0037285471115011694,0.02132790373037069
13.390000000000693,0.0,0.0,0.0,-0.0011832150106616756,-0.003700220854532974,0.021139055164981338
13.395000000000694,0.0,0.0,0.0,-0.0011775045026376806,-0.003672283636565553,0.0209479580035888
13.400000000000695,0.0,0.0,0.0,-0.0011718385424057398,-0.003644175214207295,0.020760026940756585
13.405000000000696,0.0,0.0,0.0,-0.0011657399450875213,-0.003616429458925326,0.020573926318924744
13.410000000000696,0.0,0.0,0.0,-0.001160027078409861,-0.003588548598688474,0.020389160501578015
13.415000000000697,0.0,0.0,0.0,-0.0011540338456511538,-0.0035601667938932537,0.02020703794182311
13.420000000000698,0.231353759765625,0.0,0.0,0.017203269908143602,-0.0011455906868568034,0.008355063945913337
13.425000000000699,0.4744873046875,0.0,0.0,0.03678935647362618,0.002717854052814727,-0.005205087249145358
13.4300000000007,0.560760498046875,0.0,0.0,0.056657043086815975,0.012324072936807774,-0.01721279661317482
13.4350000000007,0.63134765625,0.0,0.0,0.07286531791934217,0.028314272801319026,0.0029714168327450476
13.440000000000701,0.733306884765625,0.0,0.0,0.08875450740749732,0.05063812036213189,-0.006795795845692034
13.445000000000702,0.780364990234375,0.0,0.0,0.10152266593884204,0.07661489746202077,-0.03274991998468549
13.450000000000703,0.9764404296875,0.0,0.0,0.11469529675854262,0.10909484417509308,-0.10544200488552807
13.455000000000704,0.999969482421875,-0.168609619140625,0.0,0.12387455104060247,0.12242637040360317,-0.19474722516321952
13.460000000000704,0.999969482421875,0.0,0.0,0.13272133051231685,0.13773664543100544,-0.30302290191909126
13.465000000000705,0.999969482421875,0.0,0.0,0.12863721911876183,0.1730692273449594,-0.30023765357585475
13.470000000000706,0.999969482421875,0.0,0.0,0.11127252309731323,0.1991894295803195,-0.26572654133951024
13.475000000000707,0.999969482421875,0.0,0.0,0.10291809036434468,0.20827224941464428,-0.2712032812374519
13.480000000000707,0.999969482421875,0.0,0.0,0.10955812203989732,0.21723764776770296,-0.34494299703464093
13.485000000000708,0.999969482421875,0.0,0.0,0.11297548567507192,0.22145549192899375,-0.372403445635484
13.490000000000709,0.999969482421875,0.270599365234375,0.0,0.09923944212981539,0.22204814287480432,-0.34391308659926445
13.49500000000071,0.999969482421875,0.239227294921875,0.0,0.08627200994230601,0.21976451476253084,-0.3250875693414483
13.50000000000071,0.999969482421875,0.29412841796875,0.0,0.07419087152238989,0.21569363577876488,-0.30954596965955206
13.505000000000711,0.999969482421875,0.29412841796875,0.0,0.06517414240831389,0.21049869840758323,-0.2979469024166153
13.510000000000712,0.999969482421875,0.29412841796875,0.0,0.06047125569777736,0.20500495509419284,-0.2884401880492465
13.515000000000713,0.999969482421875,0.29412841796875,0.0,0.06105293075553518,0.19987925884934493,-0.2797240703014458
13.520000000000714,0.999969482421875,0.29412841796875,0.0,0.10031931403423391,0.20208320722133255,-0.13720696075291822
13.525000000000714,0.999969482421875,0.29412841796875,0.0,0.1763001337864724,0.2024815221506346,-0.27818201703999884
13.530000000000715,0.999969482421875,0.29412841796875,0.0,0.19482355353460562,0.18927970407426253,-0.3201834631240952
13.535000000000716,0.999969482421875,0.29412841796875,0.0,0.21488444739640516,0.18572850485870082,-0.22025529308541608
13.540000000000717,0.999969482421875,0.29412841796875,0.0,0.20996120749041505,0.19408468541851984,-0.23472156183742826
13.545000000000718,0.999969482421875,0.29412841796875,0.0,0.21467416224861255,0.20551604888158878,-0.27246671373420434
13.550000000000718,0.999969482421875,0.29412841796875,0.0,0.2752863540256281,0.24442581987457507,-0.06883253465078468
13.55500000000072,0.999969482421875,0.29412841796875,0.0,0.250558805598558,0.3078740992452943,-0.11437881210317959
13.56000000000072,0.999969482421875,0.29412841796875,0.0,0.30197948867605506,0.3449418629613189,0.3602006053268583
13.56500000000072,0.999969482421875,0.29412841796875,0.0,0.3842525787262542,0.3700331141328764,-0.4282965917014447
13.570000000000721,0.999969482421875,0.29412841796875,0.0,0.3924062324499451,0.38129472509018364,0.13684567466751335
13.575000000000722,0.999969482421875,0.29412841796875,0.0,0.37070549024965227,0.37802499008908885,0.23250266799017227
13.580000000000723,0.999969482421875,0.29412841796875,0.0,0.382205430193858,0.3557026946045886,-0.41049484017636784
13.585000000000724,0.999969482421875,0.29412841796875,0.0,0.3931362994970236,0.3672901676980759,0.07679553164082814
13.590000000000725,0.999969482421875,0.29412841796875,0.0,0.38333735285184845,0.346779239848469,0.21609530277321076
13.595000000000725,0.999969482421875,0.29412841796875,0.0,0.3786321068095243,0.34013324361644026,0.20938121121661668
13.600000000000726,0.999969482421875,0.29412841796875,0.0,0.3714464956481302,0.33494669710510977,0.17265444912366743
13.605000000000727,0.999969482421875,0.29412841796875,0.0,0.36396388713439426,0.33274435896958043,0.1515492884645349
13.610000000000728,0.999969482421875,0.29412841796875,0.0,0.35623612001258803,0.3314115151777764,0.1478945584133648
13.615000000000729,0.999969482421875,0.29412841796875,0.0,0.3484427825197979,0.3309811959714507,0.16112168531700014
13.62000000000073,0.999969482421875,0.29412841796875,0.0,0.3406949039002636,0.3314466174403566,0.1870607131871507
13.62500000000073,0.999969482421875,0.29412841796875,0.0,0.33314256705551476,0.3326890845569393,0.2205752485537965
13.63000000000073,0.999969482421875,0.29412841796875,0.0,0.32580129837842503,0.33444826256295773,0.2567691627031365
13.635000000000732,0.999969482421875,0.29412841796875,0.0,0.3188679729323909,0.3364591631294738,0.2892957755258056
13.640000000000732,0.999969482421875,0.29412841796875,0.0,0.31267347094239767,0.3385629335346004,0.31254362153259374
13.645000000000733,0.999969482421875,0.29412841796875,0.0,0.3049452682749838,0.3331043981763529,0.40874114838772335
13.650000000000734,0.999969482421875,0.29412841796875,0.0,0.30112128211881767,0.3323237182725033,0.42059674802045616
13.655000000000735,0.999969482421875,0.29412841796875,0.0,0.3001618297736049,0.33870281733487967,0.3328464109149887
13.660000000000736,0.999969482421875,0.29412841796875,0.0,0.302899368942422,0.34347489248173374,0.27101020515641794
13.665000000000736,0.999969482421875,0.29412841796875,0.0,0.3066448527409298,0.3465247973921971,0.22955601540779597
13.670000000000737,0.999969482421875,0.29412841796875,0.0,0.3131300489100916,0.34927390748850234,0.18270892045499243
13.675000000000738,0.999969482421875,0.29412841796875,0.0,0.3207408435458662,0.35003681245457524,0.1563121389678197
13.680000000000739,0.999969482421875,0.29412841796875,0.0,0.3228671538082513,0.3495132796088066,0.12436409099062007
13.68500000000074,0.999969482421875,0.29412841796875,0.0,0.3276837408895964,0.34873428548166674,0.09303168569888716
13.69000000000074,0.999969482421875,0.29412841796875,0.0,0.36164239564413486,0.3521211064635715,0.11924112170843813
13.695000000000741,0.999969482421875,0.29412841796875,0.0,0.40833115083129645,0.3613119742076613,0.25061979316054595
13.700000000000742,0.999969482421875,0.29412841796875,0.0,0.429863124155142,0.36282674854777375,0.35755671838418096
13.705000000000743,0.999969482421875,0.29412841796875,0.0,0.4476231498753206,0.3633501936644178,0.4173778139870063
13.710000000000743,0.999969482421875,0.29412841796875,0.0,0.4572564247125961,0.3725102740104347,0.2928948057583295
13.715000000000744,0.999969482421875,0.29412841796875,0.0,0.4638493274635402,0.37842035218276177,0.25743832811372763
13.720000000000745,0.999969482421875,0.29412841796875,0.0,0.4700602158482386,0.38478299566003704,0.2431779908230189
13.725000000000746,0.999969482421875,0.29412841796875,0.0,0.4733031557861545,0.3909625735530389,0.23285609404335902
13.730000000000746,0.999969482421875,0.29412841796875,0.0,0.4910059248320093,0.4028891422444667,-0.06002166483231683
13.735000000000747,0.999969482421875,0.29412841796875,0.0,0.5271540917165196,0.3987232819728718,-0.11315343017082007
13.740000000000748,0.999969482421875,0.29412841796875,0.0,0.5149847598876384,0.395348528106857,0.2679213574112862
13.745000000000749,0.999969482421875,0.29412841796875,0.0,0.5461573991286597,0.4356682450477459,0.04596246241711471
13.75000000000075,0.999969482421875,0.29412841796875,0.0,0.5505209635918565,0.4206339267030934,0.582228759673652
13.75500000000075,0.999969482421875,0.29412841796875,0.0,0.538446335211553,0.4028800143295877,0.381726119024734
13.760000000000751,0.999969482421875,0.29412841796875,0.0,0.5290927470701441,0.3855504450399885,0.27101810106628693
13.765000000000752,0.999969482421875,0.29412841796875,0.0,0.5232640036977958,0.37317187085295334,0.2624021598417304
13.770000000000753,0.999969482421875,0.29412841796875,0.0,0.5163028840665993,0.3650665079459003,0.27505902175592417
13.775000000000754,0.999969482421875,0.29412841796875,0.0,0.5076529800214938,0.35972314814818696,0.2815700982746253
13.780000000000754,0.999969482421875,0.29412841796875,0.0,0.4971784596370444,0.35611381602851333,0.27607394409828034
13.785000000000755,0.999969482421875,0.29412841796875,0.0,0.4850731729652876,0.3541018021587843,0.2628526402919833
13.790000000000756,0.999969482421875,0.29412841796875,0.0,0.4719394225566304,0.3533836540185839,0.24707181410859383
13.795000000000757,0.999969482421875,0.29412841796875,0.0,0.45908319271972536,0.3497048015402051,0.31084941963523693
13.800000000000757,0.999969482421875,0.29412841796875,0.0,0.44593494604760936,0.3485138327769179,0.34227782129417794
13.805000000000758,0.999969482421875,0.29412841796875,0.0,0.43567175636636724,0.3491026906510648,0.3535859944289887
13.810000000000759,0.999969482421875,0.29412841796875,0.0,0.4266086007260654,0.3496288604525573,0.354219730681295
13.81500000000076,0.999969482421875,0.29412841796875,0.0,0.4189499004915621,0.34995959261587695,0.3429079867335521
13.82000000000076,0.999969482421875,0.29412841796875,0.0,0.4128482661010413,0.3499732417721761,0.3206991355670011
13.825000000000761,0.999969482421875,0.29412841796875,0.0,0.40838179506109346,0.349657223917593,0.29015322180526604
13.830000000000762,0.999969482421875,0.29412841796875,0.0,0.4090884684470667,0.34969899590174275,0.2594825176051164
13.835000000000763,0.999969482421875,0.29412841796875,0.0,0.42624001556976715,0.3427774230705279,0.47001962002135483
13.840000000000764,0.999969482421875,0.29412841796875,0.0,0.4559990556993844,0.3602562163100344,0.4463521941676465
13.845000000000764,0.999969482421875,0.29412841796875,0.0,0.502575007884513,0.35415839324713777,0.5301796350664979
13.850000000000765,0.999969482421875,0.29412841796875,0.0,0.5228056657822826,0.35859126235304983,0.46561747365679385
13.855000000000766,0.999969482421875,0.29412841796875,0.0,0.5378201186056826,0.35879895147179497,0.3990060154728293
13.860000000000767,0.999969482421875,0.29412841796875,0.0,0.5407937103450837,0.3712930190788933,0.378207487064778
13.865000000000768,0.999969482421875,0.29412841796875,0.0,0.5532297530758956,0.36679086536448313,0.6118682314167978
13.870000000000768,0.999969482421875,0.29412841796875,0.0,0.5460767348581632,0.375191131471208,0.6113178120797492
13.87500000000077,0.999969482421875,0.29412841796875,0.0,0.5291055487536922,0.3850891201032757,0.6254259398146924
13.88000000000077,0.999969482421875,0.29412841796875,0.0,0.5364933938386356,0.34773314425693275,0.5415548712122263
13.88500000000077,0.999969482421875,0.29412841796875,0.0,0.5568362968296945,0.3556233829338121,0.2754604301157368
13.890000000000772,0.999969482421875,0.29412841796875,0.0,0.5655312211225524,0.3788154355119699,0.12285553155154078
13.895000000000772,0.999969482421875,0.29412841796875,0.0,0.5716763159475886,0.3969022238880588,0.05319501331818975
13.900000000000773,0.999969482421875,0.29412841796875,0.0,0.5749106359688483,0.4088747531289388,0.03353452597839338
13.905000000000774,0.999969482421875,0.29412841796875,0.0,0.5752447235705292,0.414656666494926,0.04530380197543464
13.910000000000775,0.999969482421875,0.29412841796875,0.0,0.5727963418390102,0.4148693088484728,0.07302460099784036
13.915000000000775,0.999969482421875,0.29412841796875,0.0,0.5494945071445985,0.4635249629195708,0.6621783872522181
13.920000000000776,0.999969482421875,0.29412841796875,0.0,0.48805058313610483,0.4722569996554665,0.2691367482960368
13.925000000000777,0.999969482421875,0.29412841796875,0.0,0.4898404053424678,0.4645915031610353,0.15520401420498547
13.930000000000778,0.999969482421875,0.29412841796875,0.0,0.48131131259819504,0.43392277112987393,0.28517714632514757
13.935000000000779,0.999969482421875,0.29412841796875,0.0,0.4702213649294469,0.41678280294502146,0.4104607105895365
13.94000000000078,0.999969482421875,0.29412841796875,0.0,0.454726514067622,0.4027982851318127,0.47569773340660715
13.94500000000078,0.999969482421875,0.29412841796875,0.0,0.4398169135189717,0.3896672090878767,0.539567486975388
13.95000000000078,0.999969482421875,0.29412841796875,0.0,0.42331287487109304,0.38753388005007433,0.5106364523939303
13.955000000000782,0.999969482421875,0.29412841796875,0.0,0.4057877939636649,0.38530386657885285,0.48814221728437873
13.960000000000782,0.999969482421875,0.29412841796875,0.0,0.39474822288047257,0.3819446666766717,0.5337924771739896
13.965000000000783,0.999969482421875,0.29412841796875,0.0,0.3843018047063934,0.37889950375091147,0.5640529110683308
13.970000000000784,0.999969482421875,0.29412841796875,0.0,0.3748287716296006,0.37612816466827215,0.5786819277257967
13.975000000000785,0.999969482421875,0.29412841796875,0.0,0.3667229699730101,0.3736539731879181,0.5779367198598386
13.980000000000786,0.999969482421875,0.29412841796875,0.0,0.3602732638261315,0.3716014126975752,0.5623340898864191
13.985000000000786,0.999969482421875,0.29412841796875,0.0,0.35569846024319307,0.37010568225438045,0.534255904158934
13.990000000000787,0.999969482421875,0.29412841796875,0.0,0.3718230631031399,0.3785379579973172,0.5490196415872736
13.995000000000788,0.999969482421875,0.29412841796875,0.0,0.3913680863216489,0.3856818005098915,0.5136179629887778
14.000000000000789,0.999969482421875,0.29412841796875,0.0,0.4134366151396035,0.39007083487841093,0.4452120847742381
14.00500000000079,0.999969482421875,0.29412841796875,0.0,0.43665500970787235,0.39789818328648696,0.44767712993965736
14.01000000000079,0.999969482421875,0.29412841796875,0.0,0.4812404470166904,0.39548479660986685,0.6848906134088824
14.015000000000791,0.999969482421875,0.29412841796875,0.0,0.48632815863536966,0.3916293882218165,0.8915626620884038
14.020000000000792,0.999969482421875,0.29412841796875,0.0,0.49428061022668085,0.40742452759378345,0.7179364418428738
14.025000000000793,0.999969482421875,0.29412841796875,0.0,0.49271575876392953,0.423559785821946,0.6223321585134763
14.030000000000793,0.999969482421875,0.29412841796875,0.0,0.48762681102184907,0.43390711143653193,0.6724957606367358
14.035000000000794,0.999969482421875,0.286285400390625,0.0,0.4777924196096174,0.4374659618026946,0.615581621782826
14.040000000000795,0.999969482421875,0.286285400390625,0.0,0.4653434022480943,0.43986787380403625,0.5706542284566337
14.045000000000796,0.999969482421875,0.286285400390625,0.0,0.4719137469960182,0.4481647389495813,0.5583306787862772
14.050000000000797,0.999969482421875,0.286285400390625,0.0,0.499740846682741,0.44589349252492294,0.6166424615824144
14.055000000000797,0.999969482421875,0.286285400390625,0.0,0.5035315165241897,0.47913742993123115,0.3051888959704733
14.060000000000798,0.999969482421875,0.286285400390625,0.0,0.5131880339439413,0.49233589587273113,0.18396378928586105
14.065000000000799,0.999969482421875,0.286285400390625,0.0,0.5183676727640699,0.5011963374961232,0.14359951272115784
14.0700000000008,0.999969482421875,0.2784423828125,0.0,0.5192148037394045,0.5045856642298299,0.16096105060784133
14.0750000000008,0.999969482421875,0.2784423828125,0.0,0.4666390585601112,0.5653406815786034,0.8362582847745028
14.080000000000801,0.999969482421875,0.2784423828125,0.0,0.4814066604047579,0.5512412139333935,0.5908611072415098
14.085000000000802,0.999969482421875,0.2784423828125,0.0,0.48836760856528305,0.5407301817577702,0.23465450624254736
14.090000000000803,0.999969482421875,0.2784423828125,0.0,0.472029263585641,0.508698947313755,0.20975627946124045
14.095000000000804,0.999969482421875,0.2784423828125,0.0,0.46224853948734707,0.48956726691196295,0.2094775634689035
14.100000000000804,0.999969482421875,0.2784423828125,0.0,0.44819531697425147,0.47398954319864367,0.30308462156000027
14.105000000000805,0.999969482421875,0.2784423828125,0.0,0.4300588138217106,0.4655837933219912,0.3282113027728096
14.110000000000806,0.999969482421875,0.2784423828125,0.0,0.41002445800448895,0.45831140014185834,0.3373624866382574
14.115000000000807,0.999969482421875,0.2784423828125,0.0,0.38819341438642035,0.4517623753951216,0.33978471899245216
14.120000000000807,0.999969482421875,0.2784423828125,0.0,0.36514833665117585,0.44595956102134887,0.3383743175426447
14.125000000000808,0.999969482421875,0.2784423828125,0.0,0.35324061558434633,0.4403978895536562,0.42992814965476067
14.130000000000809,0.999969482421875,0.2784423828125,0.0,0.3416308407988474,0.435890216726915,0.48566441930196635
14.13500000000081,0.999969482421875,0.2784423828125,0.0,0.33386827786907497,0.4270201000766475,0.4896899487694391
14.14000000000081,0.999969482421875,0.2784423828125,0.0,0.34006984429868137,0.4273012079626922,0.4696680868234058
14.145000000000811,0.999969482421875,0.2784423828125,0.0,0.34860557792001123,0.42969100928850057,0.4426391479506933
14.150000000000812,0.999969482421875,0.2784423828125,0.0,0.361674545087555,0.4327356693363097,0.37903590020249334
14.155000000000813,0.999969482421875,0.2784423828125,0.0,0.3761494255755934,0.4378342742551063,0.3231901670571943
14.160000000000814,0.999969482421875,0.2784423828125,0.0,0.38933284414364,0.4462515607099569,0.3004275411779797
14.165000000000814,0.999969482421875,0.2784423828125,0.0,0.40369002973985296,0.4562743579770812,0.2788046275605648
14.170000000000815,0.999969482421875,0.2784423828125,0.0,0.4188264160383788,0.46720325960716075,0.26304113404490265
14.175000000000816,0.999969482421875,0.2784423828125,0.0,0.44217738965378844,0.4404086770431057,0.7435354379997029
14.180000000000817,0.999969482421875,0.2784423828125,0.0,0.48275373806715544,0.46105149079883606,0.6119667980918406
14.185000000000818,0.999969482421875,0.2784423828125,0.0,0.5024892396606673,0.4715036408067008,0.5573609613999313
14.190000000000818,0.999969482421875,0.2784423828125,0.0,0.5076105409074426,0.4787700824132604,0.5164070333468034
14.19500000000082,0.999969482421875,0.2784423828125,0.0,0.5066649112468715,0.48661792923628316,0.46285172812555625
14.20000000000082,0.999969482421875,0.2784423828125,0.0,0.510698125458193,0.5018670470365679,0.2828880854064706
14.20500000000082,0.999969482421875,0.2784423828125,0.0,0.5091941238009812,0.49872168809893985,0.3286938105464988
14.210000000000822,0.999969482421875,0.2784423828125,0.0,0.515796200049737,0.5074967984768677,0.21389976487152806
14.215000000000822,0.999969482421875,0.2784423828125,0.0,0.5160324704895748,0.5205051961763969,0.1436107772563606
14.220000000000823,0.999969482421875,0.2784423828125,0.0,0.5153971715408963,0.5296768815482509,0.10267004799159529
14.225000000000824,0.999969482421875,0.2784423828125,0.0,0.6225460573604553,0.5769682485099581,0.09825873580094606
14.230000000000825,0.999969482421875,0.2784423828125,0.0,0.5946796336853836,0.5328403164392777,0.12669661402023918
14.235000000000825,0.999969482421875,0.2784423828125,0.0,0.5772591876336916,0.5126769845131338,0.06585001841477023
14.240000000000826,0.999969482421875,0.2784423828125,0.0,0.5610642709143625,0.475548655950087,-0.16616848233363996
14.245000000000827,0.999969482421875,0.2784423828125,0.0,0.54867295711526,0.4678728821844999,-0.027048758119932265
14.250000000000828,0.999969482421875,0.2784423828125,0.0,0.5327741697615058,0.4559527840622815,-0.023016313161799987
14.255000000000829,0.999969482421875,0.2784423828125,0.0,0.5154830868230337,0.44668341167892245,-0.022201490642743023
14.26000000000083,0.999969482421875,0.2784423828125,0.0,0.497549185534153,0.4396768105264838,-0.03009736610800166
14.26500000000083,0.999969482421875,0.2784423828125,0.0,0.47901617229091265,0.4345966118822271,-0.04019462398019377
14.270000000000831,0.999969482421875,0.2784423828125,0.0,0.45994928378442945,0.4308462877048728,-0.04769399794054271
14.275000000000832,0.999969482421875,0.2784423828125,0.0,0.4433296243295021,0.3875097893479284,0.26086556442183984
14.280000000000832,0.999969482421875,0.2784423828125,0.0,0.4373311511247291,0.358973821572313,0.46919713287777665
14.285000000000833,0.999969482421875,0.2784423828125,0.0,0.4297938336153367,0.3604262786190668,0.3917381201636587
14.290000000000834,0.999969482421875,0.2784423828125,0.0,0.423287005815453,0.3614006372863692,0.31666131756108795
14.295000000000835,0.999969482421875,0.2784423828125,0.0,0.4180716352522129,0.36184714913489385,0.24095320798404274
14.300000000000836,0.999969482421875,0.2784423828125,0.0,0.4143011369682742,0.36183305203519683,0.1657186393183399
14.305000000000836,0.999969482421875,0.2784423828125,0.0,0.41201915627381763,0.36152943999094467,0.09268668423394813
14.310000000000837,0.999969482421875,0.2784423828125,0.0,0.41123271846544096,0.3611466942206795,0.024010194600963333
14.315000000000838,0.999969482421875,0.2784423828125,0.0,0.4120140541390848,0.3609159629031674,-0.03860002083029185
14.320000000000839,0.999969482421875,0.2784423828125,0.0,0.42319305570347704,0.3765034601791603,0.04429964000148194
14.32500000000084,0.999969482421875,0.2784423828125,0.0,0.43931068072846546,0.3842129435284211,0.013112156882080287
14.33000000000084,0.999969482421875,0.2784423828125,0.0,0.4538375577696702,0.3943308535349083,0.025505420060662674
14.335000000000841,0.999969482421875,0.2784423828125,0.0,0.47239319336008434,0.41947757598978663,0.007109049861225798
14.340000000000842,0.999969482421875,0.2784423828125,0.0,0.48812281261592616,0.424375289915479,0.12937984817730683
14.345000000000843,0.999969482421875,0.2784423828125,0.0,0.4853386140954796,0.4306947748067636,0.23801612285859863
14.350000000000843,0.999969482421875,0.2784423828125,0.0,0.4804936866054842,0.4311227352573293,0.3705789479805687
14.355000000000844,0.999969482421875,0.2784423828125,0.0,0.47917184814597763,0.4277822771941815,0.3363330614800164
14.360000000000845,0.999969482421875,0.2784423828125,0.0,0.4892347958919982,0.43521049073191503,0.27379878999021223
14.365000000000846,0.999969482421875,0.2784423828125,0.0,0.5264858527476686,0.4545601014170708,-0.07093680437703492
14.370000000000847,0.999969482421875,0.2784423828125,0.0,0.5442883186128418,0.4527631091638798,-0.1984439598601882
14.375000000000847,0.999969482421875,0.2784423828125,0.0,0.5526759263922085,0.4651639665918903,-0.236322466842307
14.380000000000848,0.999969482421875,0.2784423828125,0.0,0.5601717579579839,0.47207127195911885,-0.2774915453399909
14.385000000000849,0.999969482421875,0.2784423828125,0.0,0.5436016871126165,0.4995606091129239,-0.03871922303509254
14.39000000000085,0.999969482421875,0.2784423828125,0.0,0.5276586353402796,0.4785034832049593,-0.27901773204781055
14.39500000000085,0.999969482421875,0.2784423828125,0.0,0.5135930603838224,0.4535359585713367,-0.26963455830554867
14.400000000000851,0.999969482421875,0.2784423828125,0.0,0.5122303216995958,0.42980143013343297,0.13065450523829647
14.405000000000852,0.999969482421875,0.2784423828125,0.0,0.5058361154827924,0.4062450443851832,0.13626860487939446
14.410000000000853,0.999969482421875,0.2784423828125,0.0,0.4957315289077906,0.3916085447670636,0.13029518195440196
14.415000000000854,0.999969482421875,0.2784423828125,0.0,0.4865862279762979,0.37804861968437203,0.20804747462955464
14.420000000000854,0.999969482421875,0.2784423828125,0.0,0.4750095212746201,0.367418185509337,0.24944259019583018
14.425000000000855,0.999969482421875,0.2784423828125,0.0,0.461714944726083,0.3586815143135068,0.2781474870354212
14.430000000000856,0.999969482421875,0.2784423828125,0.0,0.4468375152019746,0.350881677385764,0.2997035221899321
14.435000000000857,0.999969482421875,0.2784423828125,0.0,0.43877260181292393,0.34284257740948604,0.3721917679798438
14.440000000000857,0.999969482421875,0.2784423828125,0.0,0.4303495583330516,0.3433191675416219,0.36342743860201004
14.445000000000858,0.999969482421875,0.2784423828125,0.0,0.422864325946822,0.34352254291713014,0.35653733691146444
14.450000000000859,0.999969482421875,0.2784423828125,0.0,0.41046525368816916,0.34443041509645045,0.29945279553666854
14.45500000000086,0.999969482421875,0.2784423828125,0.0,0.4006430279509245,0.3442803213645172,0.26693879864785186
14.46000000000086,0.999969482421875,0.2784423828125,0.0,0.3935351292978163,0.3431257479086697,0.25139901686449306
14.465000000000861,0.999969482421875,0.2784423828125,0.0,0.3889494465867644,0.3438296739272765,0.21173504295882167
14.470000000000862,0.999969482421875,0.2784423828125,0.0,0.3854318800047586,0.34238695813931946,0.19531804668393524
14.475000000000863,0.999969482421875,0.2784423828125,0.0,0.3836172297649978,0.3412311434802244,0.17047237260785514
14.480000000000864,0.999969482421875,0.2784423828125,0.0,0.4036304368774513,0.349381553515444,0.20544309095013918
14.485000000000865,0.999969482421875,0.2784423828125,0.0,0.4114854180930089,0.36828297515663044,-0.04986772849229759
14.490000000000865,0.999969482421875,0.2784423828125,0.0,0.4516331161508426,0.36639526224917934,0.15729854351399922
14.495000000000866,0.999969482421875,0.2784423828125,0.0,0.47619710690768313,0.380872807458026,0.3138564961650426
14.500000000000867,0.999969482421875,0.2784423828125,0.0,0.48640449351384163,0.38850737261201995,0.3252813211370114
14.505000000000868,0.999969482421875,0.2784423828125,0.0,0.4912409467026624,0.3920209290767724,0.41563573329053133
14.510000000000868,0.999969482421875,0.2784423828125,0.0,0.49481593336811946,0.3938719930023362,0.42497636519919324
14.51500000000087,0.999969482421875,0.2784423828125,0.0,0.4800724737253184,0.39463550920733753,0.4625360560779642
14.52000000000087,0.999969482421875,0.2784423828125,0.0,0.4524043282889278,0.3922539959335551,0.34789297268404445
14.52500000000087,0.999969482421875,0.2784423828125,0.0,0.4596547603536205,0.39801214943775204,0.2990417352179382
14.530000000000872,0.999969482421875,0.2784423828125,0.0,0.4657826445787535,0.40270861221731513,0.26343019707517984
14.535000000000872,0.999969482421875,0.2784423828125,0.0,0.4836165804167128,0.4200463533347804,-0.07277908594684646
14.540000000000873,0.999969482421875,0.2784423828125,0.0,0.5045732634327181,0.4309856430771961,-0.3215833325488699
14.545000000000874,0.999969482421875,0.2784423828125,0.0,0.4518341265825766,0.5230104355877776,-0.047447293463859674
14.550000000000875,0.999969482421875,0.2784423828125,0.0,0.4410104144498744,0.48670205602650746,-0.11714122743099367
14.555000000000875,0.999969482421875,0.2784423828125,0.0,0.5056688308145105,0.4464278045769548,-0.440246641433657
14.560000000000876,0.999969482421875,0.2784423828125,0.0,0.491659837152793,0.3971985529221625,0.23816964201826085
14.565000000000877,0.999969482421875,0.2784423828125,0.0,0.4850196341596121,0.3786292079394265,0.2950349296835741
14.570000000000878,0.999969482421875,0.2784423828125,0.0,0.47975883363726196,0.36343449706433295,0.35968526020449965
14.575000000000879,0.999969482421875,0.2784423828125,0.0,0.4714409293279209,0.3495791190562207,0.4015606558155812
14.58000000000088,0.999969482421875,0.2784423828125,0.0,0.4595320542050239,0.3370222215569771,0.4228772099568056
14.58500000000088,0.999969482421875,0.2784423828125,0.0,0.4455997586660048,0.3267172775163299,0.4323946523961812
14.590000000000881,0.999969482421875,0.2784423828125,0.0,0.43760923983026506,0.32476343994984497,0.4315806609224177
14.595000000000882,0.999969482421875,0.2784423828125,0.0,0.4294796130896743,0.32335071720354874,0.44151014300846103
14.600000000000882,0.999969482421875,0.2784423828125,0.0,0.4152358111786882,0.32214161760216514,0.421328465596656
14.605000000000883,0.999969482421875,0.2784423828125,0.0,0.4055895609658912,0.3213657721463691,0.4415549993310742
14.610000000000884,0.999969482421875,0.2784423828125,0.0,0.39240897095605315,0.32174594895070374,0.4191802723688428
14.615000000000885,0.999969482421875,0.2784423828125,0.0,0.383820678089814,0.3211904904164172,0.44026527468223936
14.620000000000886,0.999969482421875,0.2784423828125,0.0,0.3766348339831397,0.3211695667737832,0.44667010277688884
14.625000000000886,0.999969482421875,0.2784423828125,0.0,0.3710673606331418,0.32185715543192184,0.4376708091779145
14.630000000000887,0.999969482421875,0.2784423828125,0.0,0.36730403189690813,0.3233546137488293,0.4149658396752242
14.635000000000888,0.999969482421875,0.2784423828125,0.0,0.3655536438162191,0.32564165594002936,0.3811971860364931
14.640000000000889,0.999969482421875,0.2784423828125,0.0,0.36609929343518494,0.32856460892424005,0.339464625191973
14.64500000000089,0.999969482421875,0.2784423828125,0.0,0.3693502179256455,0.33186935344373947,0.29314947007643416
14.65000000000089,0.999969482421875,0.2784423828125,0.0,0.37559573867064433,0.3353549876589613,0.2455449092501807
14.655000000000891,0.999969482421875,0.2784423828125,0.0,0.38491018935960397,0.33896207559529856,0.20033847102642427
14.660000000000892,0.999969482421875,0.2784423828125,0.0,0.3969664478998973,0.34283356987971597,0.1627158279804913
14.665000000000893,0.999969482421875,0.2784423828125,0.0,0.4197424372138489,0.3527011849523237,0.11575005185417188
14.670000000000893,0.999969482421875,0.2784423828125,0.0,0.43613956050883496,0.3624592513119619,0.058225994147865154
14.675000000000894,0.999969482421875,0.2784423828125,0.0,0.4483034799020774,0.36713983070229483,0.08494640072977885
14.680000000000895,0.999969482421875,0.2784423828125,0.0,0.45670580758556323,0.3743431827297787,0.08497422522834988
14.685000000000896,0.999969482421875,0.2784423828125,0.0,0.4606846562532912,0.38301708574000265,0.06077312996864723
14.690000000000897,0.999969482421875,0.2784423828125,0.0,0.4232473273017297,0.37788910167419526,0.17911843665661648
14.695000000000897,0.999969482421875,0.2784423828125,0.0,0.42909283747781923,0.3841395795756562,0.14029038471816746
14.700000000000898,0.999969482421875,0.2784423828125,0.0,0.49863697377286825,0.34402203532046355,-0.695109634845582
14.705000000000899,0.999969482421875,0.2784423828125,0.0,0.4879333359107018,0.31199764545874875,-0.0876549162791056
14.7100000000009,0.999969482421875,0.2784423828125,0.0,0.5341957105842157,0.5420162848388235,0.9680306972272184
14.7150000000009,0.999969482421875,0.2784423828125,0.0,0.5099918409721118,0.5807617900778744,1.143697462672755
14.720000000000901,0.999969482421875,0.2784423828125,0.0,0.47334305862232307,0.5610406293505324,0.8906548871187479
14.725000000000902,0.999969482421875,0.2784423828125,0.0,0.4565247641013334,0.5420329682918812,0.4485090678298321
14.730000000000903,0.999969482421875,0.2784423828125,0.0,0.4434845274795854,0.5343500326565195,0.3718996054875286
14.735000000000904,0.999969482421875,0.2784423828125,0.0,0.4377603079000766,0.5254305105316094,0.390312613129909
14.740000000000904,0.999969482421875,0.2784423828125,0.0,0.43102292703570294,0.5186098748611223,0.40743665656816386
14.745000000000905,0.999969482421875,0.2784423828125,0.0,0.4234276458652936,0.5134685321292377,0.41988110868595907
14.750000000000906,0.999969482421875,0.2784423828125,0.0,0.41528361976670325,0.5098346038435729,0.4314017044634167
14.755000000000907,0.999969482421875,0.2784423828125,0.0,0.4068099652369444,0.5074839142186193,0.44524429898584
14.760000000000908,0.999969482421875,0.2784423828125,0.0,0.3983418599742735,0.5061643813850875,0.46365305539228063
14.765000000000908,0.999969482421875,0.2784423828125,0.0,0.39017411227489823,0.5055284138045381,0.48797236347539136
14.770000000000909,0.999969482421875,0.2784423828125,0.0,0.3825456965366848,0.5054316753340155,0.5154742537800076
14.77500000000091,0.999969482421875,0.2784423828125,0.0,0.3687021838672189,0.5025363812420512,0.5347184997187193
14.78000000000091,0.999969482421875,0.2784423828125,0.0,0.3555588944686309,0.5017125083242326,0.5404895159450916
14.785000000000911,0.999969482421875,0.2784423828125,0.0,0.347566770593116,0.5017472204576808,0.5715380307678757
14.790000000000912,0.999969482421875,0.2784423828125,0.0,0.3408117132961891,0.5021625481542272,0.5916918975698282
14.795000000000913,0.999969482421875,0.2784423828125,0.0,0.33536721165557837,0.5029944009611064,0.5992485417492565
14.800000000000914,0.999969482421875,0.2784423828125,0.0,0.3313267414702941,0.5042525322876218,0.5937018782693506
14.805000000000915,0.999969482421875,0.2784423828125,0.0,0.3288038197812289,0.505893985279748,0.5756289180195915
14.810000000000915,0.999969482421875,0.2784423828125,0.0,0.3279777028019065,0.5078168605907942,0.5471523138665588
14.815000000000916,0.999969482421875,0.2784423828125,0.0,0.3276026820430149,0.514642370849525,0.44840257828255514
14.820000000000917,0.999969482421875,0.2784423828125,0.0,0.33093550998733423,0.5202001918530212,0.39164478209699227
14.825000000000918,0.999969482421875,0.2784423828125,0.0,0.3361339398099397,0.5243871783366203,0.35480043754982415
14.830000000000918,0.999969482421875,0.2784423828125,0.0,0.3430992178425144,0.5270130482852575,0.33761322412707034
14.83500000000092,0.999969482421875,0.2784423828125,0.0,0.4283686328206828,0.5528494881272201,0.416402384612196
14.84000000000092,0.999969482421875,0.2784423828125,0.0,0.45592204435910527,0.5048716356729167,0.568436693849507
14.84500000000092,0.999969482421875,0.2784423828125,0.0,0.4684249994693742,0.5116218704659703,0.5437246125569614
14.850000000000922,0.999969482421875,0.2784423828125,0.0,0.4663535549360342,0.51753929802446,0.43239324861356476
14.855000000000922,0.999969482421875,0.2784423828125,0.0,0.460874661050624,0.5237123071603249,0.33687220196846246
14.860000000000923,0.999969482421875,0.2784423828125,0.0,0.46147910652645807,0.5514921663990316,0.041098493913249434
14.865000000000924,0.999969482421875,0.2784423828125,0.0,0.4777212711750103,0.5435656500646058,0.14594301418981132
14.870000000000925,0.999969482421875,0.2784423828125,0.0,0.4682065202413588,0.5407088600243101,0.2318580687217025
14.875000000000925,0.999969482421875,0.2784423828125,0.0,0.48012464431683016,0.5360321450856186,0.12045074935548035
14.880000000000926,0.999969482421875,0.2784423828125,0.0,0.4854550115906445,0.5365636374755678,0.1476663963748601
14.885000000000927,0.999969482421875,0.2784423828125,0.0,0.5243563402484094,0.6195625461066352,0.38589797437224477
14.890000000000928,0.999969482421875,0.2784423828125,0.0,0.4641374751660263,0.6114905419164625,0.11246890414220989
14.895000000000929,0.999969482421875,0.2784423828125,0.0,0.4582956730829326,0.5688931875991499,0.1314935983466022
14.90000000000093,0.999969482421875,0.2784423828125,0.0,0.4562935066975578,0.5578841506641907,0.07744272503290017
14.90500000000093,0.999969482421875,0.2784423828125,0.0,0.4406780317498354,0.5222654840722905,0.22054488340815712
14.910000000000931,0.999969482421875,0.2784423828125,0.0,0.423732707644899,0.5054266673347316,0.1640139523172514
14.915000000000932,0.999969482421875,0.270599365234375,0.0,0.40888998619759553,0.4897941624270716,0.27413331576139394
14.920000000000933,0.999969482421875,0.26275634765625,0.0,0.38742587937062434,0.4717329186677816,0.37690777460293073
14.925000000000933,0.999969482421875,0.254913330078125,0.0,0.3640383932584294,0.4582919165463684,0.4357404390702567
14.930000000000934,0.999969482421875,0.2470703125,0.0,0.33877061483149185,0.447358418268638,0.4749290351714437
14.935000000000935,0.999969482421875,0.239227294921875,0.0,0.31167290263577613,0.4454378920589788,0.42430961383123406
14.940000000000936,0.999969482421875,0.23138427734375,0.0,0.28633930922577533,0.44314279884341107,0.3973366428816165
14.945000000000936,0.999969482421875,0.2156982421875,0.0,0.27548836472993155,0.4418464870841406,0.45033554154526384
14.950000000000937,0.999969482421875,0.192169189453125,0.0,0.2654889877662795,0.4417530475460961,0.4744840658048443
14.955000000000938,0.999969482421875,0.192169189453125,0.0,0.255611414844971,0.4421330403571319,0.47501632236112423
14.960000000000939,0.999969482421875,0.192169189453125,0.0,0.24679932715248415,0.4424260507098655,0.4547023079027263
14.96500000000094,0.999969482421875,0.16864013671875,0.0,0.24005365947190405,0.4428444288743417,0.411346492900159
14.97000000000094,0.999969482421875,0.16864013671875,0.0,0.2609819511809121,0.44417789793868345,0.1906722431135122
14.975000000000941,0.945068359375,0.0,0.0,0.28649860459197274,0.45340178816852356,0.01536338438147114
14.980000000000942,0.945068359375,0.0,0.0,0.3045838065051309,0.468776756531038,-0.001324574092219078
14.985000000000943,0.764678955078125,0.0,0.0,0.32555425995221576,0.48260139198604207,-0.059879999644431955
14.990000000000943,0.764678955078125,0.0,0.0,0.345856102729086,0.4948485737765647,-0.08033319763860436
14.995000000000944,0.403900146484375,0.0,0.0,0.3585918427066821,0.49913020568040667,-0.10099998235611234
15.000000000000945,0.0,0.0,0.0,0.3476323346733697,0.48508692296811434,-0.14897564864126575
15.005000000000946,0.0,0.0,0.0,0.3364150590116652,0.4723982992173418,-0.16336455713811793
15.010000000000947,0.0,0.0,0.0,0.31901265892391495,0.45013396532567107,-0.10589553802157058
15.015000000000947,0.0,0.0,0.0,0.2994102564113206,0.43237022545655923,-0.09073244813560354
15.020000000000948,0.0,0.0,0.0,0.2885523116213799,0.4244018275661074,-0.05577162007627081
15.025000000000949,0.0,0.0,0.0,0.24163030999428597,0.3749196149404068,0.4803275790763729
15.03000000000095,0.0,0.0,0.0,0.20384894252886762,0.35845377348904534,0.6556288813309653
15.03500000000095,0.0,0.0,0.0,0.17767509868817274,0.36394507366482926,0.641908096696715
15.040000000000951,0.0,0.0,0.0,0.15985443554769718,0.37235501734735044,0.6085519871245778
15.045000000000952,0.0,0.0,0.0,0.14845561235211333,0.3816485759045519,0.5684793840784387
15.050000000000953,0.0,0.0,0.0,0.09248143504171857,0.2294784352747562,0.14211815562975294
15.055000000000954,0.0,0.0,0.0,0.0873765827530773,0.2062077391467313,0.0004056194238088451
15.060000000000954,0.0,0.0,0.0,0.08490434542595562,0.20373523422899914,-0.14723175421787982
15.065000000000955,0.0,0.0,0.0,0.0940495599166594,0.20237559499493493,0.009984457663849006
15.070000000000956,0.0,0.0,0.0,0.09329099491079217,0.19509624027119665,-0.07572560419591223
15.075000000000957,0.0,0.0,0.0,0.09556774057186476,0.1907397280656828,0.01713616776085973
15.080000000000958,0.0,0.0,0.0,0.10454740053948272,0.19987177446549842,0.12092802516554943
15.085000000000958,0.0,0.0,0.0,0.11882164882994953,0.20771323326998684,0.18647861742604516
15.090000000000959,0.0,0.0,0.0,0.12793479301630573,0.2123603463478334,0.20478042726611337
15.09500000000096,0.0,0.0,0.0,0.1348868770206057,0.21437682227841653,0.2146598285838337
15.10000000000096,0.0,0.0,0.0,0.13998397844943405,0.21433110081190657,0.21796663309295497
15.105000000000961,0.0,0.0,0.0,0.1435002194777938,0.21269888669659634,0.21658334607608795
15.110000000000962,0.0,0.0,0.0,0.14564656000109721,0.20987808489075202,0.21186119651471913
15.115000000000963,0.0,0.0,0.0,0.1454577338733377,0.20620281034999724,0.19623198328766786
15.120000000000964,0.0,0.0,0.0,0.12400580007849892,0.19782813315445671,0.24371766841499423
15.125000000000965,0.0,0.0,0.0,0.1051963470367473,0.1938796349204611,0.24743849143440988
15.130000000000965,0.0,0.0,0.0,0.10029565018542176,0.1949212515338936,0.19746192522489667
15.135000000000966,0.0,0.0,0.0,0.09615629048071743,0.19469317578290543,0.16601122780941893
15.140000000000967,0.0,0.0,0.0,0.09262570503843713,0.19349836534889683,0.14654772430265356
15.145000000000968,0.0,0.0,0.0,0.08816462250892257,0.1715926184454165,0.0009323298479613218
15.150000000000968,0.0,0.0,0.0,0.07483372551208638,0.1509752149665849,-0.006587332551484478
15.15500000000097,0.0,0.0,0.0,0.04085161019027401,0.13293965846172207,-0.346760016140101
15.16000000000097,0.0,0.0,0.0,0.04808741532181365,0.1391925430928008,-0.027362310279295976
15.16500000000097,0.0,0.0,0.0,0.04453688499737194,0.1291602973801934,-0.023183912013817858
15.170000000000972,0.0,0.0,0.0,0.04299471410727832,0.12120289105906311,0.0384484428723098
15.175000000000972,0.0,0.0,0.0,0.04616704018713272,0.12031801698359669,0.09023570603247139
15.180000000000973,0.0,0.0,0.0,0.03803012067047714,0.10708646276978244,-0.009780035823438532
15.185000000000974,0.0,0.0,0.0,0.03417285408982126,0.1007772979911077,-0.020097877580954056
15.190000000000975,0.0,0.0,0.0,0.028253494926419903,0.08944765728298322,0.0014241427261875612
15.195000000000976,0.0,0.0,0.0,0.024852292233851266,0.08296045146211636,0.020529579702671708
15.200000000000976,0.0,0.0,0.0,0.021706931883962548,0.07777135534626262,0.020301982030745968
15.205000000000977,0.0,0.0,0.0,0.018169219565708328,0.07224458369095942,0.02197987300674039
15.210000000000978,0.0,0.0,0.0,0.015598921632157071,0.06853398672128407,0.026084339768988322
15.215000000000979,0.0,0.0,0.0,0.01269298691844112,0.06476346912663525,0.03308482159739463
15.22000000000098,0.0,0.0,0.0,0.01022672499501319,0.061414940472624246,0.03799657792648656
15.22500000000098,0.0,0.0,0.0,0.007947810548053434,0.058243005471358536,0.036141557394950494
15.230000000000981,0.0,0.0,0.0,0.00588039030144002,0.055297967793301095,0.03505148050010103
15.235000000000982,0.0,0.0,0.0,0.003997495968546586,0.05246975990407228,0.03404727298452558
15.240000000000983,0.0,0.0,0.0,0.002188047028989213,0.049729503643234245,0.03350324245850299
15.245000000000983,0.0,0.0,0.0,0.0004298724648955888,0.04701146072049488,0.03293085289408538
15.250000000000984,0.0,0.0,0.0,-0.0012656675228891977,0.04431904945725623,0.03197616606113229
15.255000000000985,0.0,0.0,0.0,-0.0029462867802554503,0.04159309213757379,0.030655002914802963
15.260000000000986,0.0,0.0,0.0,-0.004630355145399014,0.038816245411618794,0.029029693454037508
15.265000000000986,0.0,0.0,0.0,-0.006335428598573732,0.03596971793939793,0.027131237138859534
15.270000000000987,0.0,0.0,0.0,-0.008080233999856192,0.03304047153942935,0.025059928706743506
15.275000000000988,0.0,0.0,0.0,-0.009880377421881083,0.030017075357795273,0.022757853166772743
15.280000000000989,0.0,0.0,0.0,-0.011749281860280163,0.02689364377955837,0.02027254816988491
15.28500000000099,0.0,0.0,0.0,-0.013700429248881806,0.023665279544199922,0.017612231523286292
15.29000000000099,0.0,0.0,0.0,-0.015745711196472216,0.020322063696791792,0.014729903336530126
15.295000000000991,0.0,0.0,0.0,-0.010067380096249072,0.028323438278461684,0.03145260409584822
15.300000000000992,0.0,0.0,0.0,-0.005401577198317957,0.03218082969178302,0.007957948136189722
15.305000000000993,0.0,0.0,0.0,-0.004452976879168902,0.029833421493792804,-0.011654016803251958
15.310000000000993,0.0,0.0,0.0,-0.0028815341882554454,0.031054593706764687,-0.04387520459638007
15.315000000000994,0.0,0.0,0.0,-0.0030984709028447485,0.028513334381991606,-0.05057309350309752
15.320000000000995,0.0,0.0,0.0,-0.002935050685348177,0.024081693003184138,-0.03556383976176364
15.325000000000996,0.0,0.0,0.0,-0.003484792943611552,0.0202662818759523,-0.03131497379608079
15.330000000000997,0.0,0.0,0.0,-0.004508753447393879,0.016698922448808787,-0.029287956171226592
15.335000000000997,0.0,0.0,0.0,-0.00537776240431369,0.013507982840486408,-0.027901374243605972
15.340000000000998,0.0,0.0,0.0,-0.00605170925798537,0.01092319256263248,-0.026710381283061694
15.345000000000999,0.0,0.0,0.0,-0.006619372739437191,0.009021142223882103,-0.028024282452788093
15.350000000001,0.0,0.0,0.0,-0.007132583337054142,0.007446756899837737,-0.02789396739229887
15.355000000001,0.0,0.0,0.0,-0.007616545407459194,0.00621917248094254,-0.028854108751122036
15.360000000001001,0.0,0.0,0.0,-0.007962253602158093,0.005369448231447238,-0.02974524513757597
15.365000000001002,0.0,0.0,0.0,-0.008209930827388115,0.004825429522573307,-0.029853510449610005
15.370000000001003,0.0,0.0,0.0,-0.008323254300328932,0.004463157975922287,-0.02965422799057711
15.375000000001004,0.0,0.0,0.0,-0.008404551048092315,0.004277037106719404,-0.03006918134815414
15.380000000001004,0.0,0.0,0.0,-0.008425472670800396,0.004206846629177873,-0.030112550741896664
15.385000000001005,0.0,0.0,0.0,-0.008414391625060923,0.004217771635727384,-0.03008353040406709
15.390000000001006,0.0,0.0,0.0,-0.008378578559858933,0.004290122798064677,-0.03016435626415395
15.395000000001007,0.0,0.0,0.0,-0.00829795391890991,0.004396154365192978,-0.030152121677333398
15.400000000001008,0.0,0.0,0.0,-0.008161414455708935,0.004514042615098103,-0.029739424687742752
15.405000000001008,0.0,0.0,0.0,-0.008019117444781955,0.004647466638414942,-0.029581588085914042
15.41000000000101,0.0,0.0,0.0,-0.007847025894407904,0.004794605141185741,-0.02918409966236225
15.41500000000101,0.0,0.0,0.0,-0.007664682553759672,0.004935163287123286,-0.02880997503175049
15.42000000000101,0.0,0.0,0.0,-0.007472515951068223,0.005065712270335294,-0.02848189690108216
15.425000000001011,0.0,0.0,0.0,-0.007276024282306627,0.005195479642866943,-0.028057920572444002
15.430000000001012,0.0,0.0,0.0,-0.007077670912520834,0.005317855170327933,-0.02761553888079404
15.435000000001013,0.0,0.0,0.0,-0.006873640404331883,0.005439498086928307,-0.027051179460397447
15.440000000001014,0.0,0.0,0.0,-0.0066712910398393525,0.005560582682214445,-0.026456325123524877
15.445000000001015,0.0,0.0,0.0,-0.006477386658282971,0.005672762205878141,-0.025870593941555005
15.450000000001015,0.0,0.0,0.0,-0.006282992409452992,0.005788873116006427,-0.025172925351161602
15.455000000001016,0.0,0.0,0.0,-0.006099148052618767,0.00589818596460833,-0.024546613415876953
15.460000000001017,0.0,0.0,0.0,-0.0059300266154237325,0.0060056698880211834,-0.023889060736325764
15.465000000001018,0.0,0.0,0.0,-0.005772106546469748,0.006113244312632077,-0.023276314615262552
15.470000000001018,0.0,0.0,0.0,-0.005627825577077039,0.006220235160951564,-0.02270689252183624
15.47500000000102,0.0,0.0,0.0,-0.005496489273921808,0.0063267656395169115,-0.022171073543530304
15.48000000000102,0.0,0.0,0.0,-0.005378443187357504,0.0064323213306968635,-0.021669255526049473
15.48500000000102,0.0,0.0,0.0,-0.005273286455226758,0.00653680935819433,-0.021203302917545686
15.490000000001022,0.0,0.0,0.0,-0.005180874647112059,0.00663920478700571,-0.020776747793024512
15.495000000001022,0.0,0.0,0.0,-0.005100361800889606,0.006739869950735104,-0.020394697623855863
15.500000000001023,0.0,0.0,0.0,-0.0050308573517969715,0.006837786004868034,-0.020048608847510307
15.505000000001024,0.0,0.0,0.0,-0.004971288396602185,0.006932424956449958,-0.019740454983599623
15.510000000001025,0.0,0.0,0.0,-0.004920875423239528,0.007023673198899969,-0.01946756842722628
15.515000000001026,0.0,0.0,0.0,-0.004878198116351328,0.007110645296658222,-0.019223636491738593
15.520000000001026,0.0,0.0,0.0,-0.0048423161646161846,0.007192947254062415,-0.01900934132740753
15.525000000001027,0.0,0.0,0.0,-0.004812444271596264,0.007270543528320892,-0.018823478800797835
15.530000000001028,0.0,0.0,0.0,-0.004787300590431514,0.007342822667031739,-0.01865592046425756
15.535000000001029,0.0,0.0,0.0,-0.004765995509524703,0.007409380953572214,-0.018503731770165798
15.54000000000103,0.0,0.0,0.0,-0.0047476434244028585,0.007469911824045189,-0.018363393042256062
15.54500000000103,0.0,0.0,0.0,-0.004731606913616677,0.007524349498488507,-0.018232629337560386
15.550000000001031,0.0,0.0,0.0,-0.0047174533741120295,0.007573198243796273,-0.018112124825713526
15.555000000001032,0.0,0.0,0.0,-0.00470476372108556,0.007616421424351666,-0.017997257041189037
15.560000000001033,0.0,0.0,0.0,-0.00469291233614241,0.0076536027649080525,-0.017882649010253472
15.565000000001033,0.0,0.0,0.0,-0.004681550153021623,0.007685425196447713,-0.017771249471185628
15.570000000001034,0.0,0.0,0.0,-0.004670274773336969,0.007712135329259957,-0.017656451300972726
15.575000000001035,0.0,0.0,0.0,-0.0046588736856836245,0.007733904842118743,-0.017535741627591757
15.580000000001036,0.0,0.0,0.0,-0.004647173227821951,0.007751304026942552,-0.017410946286544254
15.585000000001036,0.0,0.0,0.0,-0.004635206117627227,0.007764987142352382,-0.01728345295270692
15.590000000001037,0.0,0.0,0.0,-0.004622538597651848,0.007774942734506377,-0.017146178555793118
15.595000000001038,0.0,0.0,0.0,-0.004609474260234095,0.007781481705436975,-0.01700687330218493
15.600000000001039,0.0,0.0,0.0,-0.004595697319747672,0.007784855148020859,-0.016859712396884146
15.60500000000104,0.0,0.0,0.0,-0.004581573127654625,0.007785851716436472,-0.016708271144761446
15.61000000000104,0.0,0.0,0.0,-0.004566986710060345,0.0077846134899416325,-0.01654933109285153
15.615000000001041,0.0,0.0,0.0,-0.004551933639964699,0.007781669095545854,-0.01638623149246128
15.620000000001042,0.0,0.0,0.0,-0.004536510461756181,0.0077772346524803875,-0.016222141050562026
15.625000000001043,0.0,0.0,0.0,-0.004520888172661028,0.0077718453137902415,-0.016060691514172935
15.630000000001044,0.0,0.0,0.0,-0.004504881736098905,0.0077654405280915585,-0.015897126350221304
15.635000000001044,0.0,0.0,0.0,-0.004488426514904768,0.007758618258878161,-0.015731070672411803
15.640000000001045,0.0,0.0,0.0,-0.004471298743701844,0.007751540085849374,-0.015561351906054613
15.645000000001046,0.0,0.0,0.0,-0.00445418105293839,0.007743858448209841,-0.01538727142549318
15.650000000001047,0.0,0.0,0.0,-0.004436693076570631,0.007735861399375721,-0.015212424448225516
15.655000000001047,0.0,0.0,0.0,-0.004419079883441393,0.007727701866805169,-0.015041851249482839
15.660000000001048,0.0,0.0,0.0,-0.004400878492622422,0.007719380802825057,-0.014869908641832782
15.665000000001049,0.0,0.0,0.0,-0.004382472313515142,0.007711345472109082,-0.014698772543940029
15.67000000000105,0.0,0.0,0.0,-0.004363798606646484,0.007703445302570132,-0.01452935383333011
15.67500000000105,0.0,0.0,0.0,-0.004344855485896672,0.007695786117145593,-0.014364638398385084
15.680000000001051,0.0,0.0,0.0,-0.004325649167690043,0.007688097197747065,-0.014201830435067966
15.685000000001052,0.0,0.0,0.0,-0.0043061294284051175,0.00768028980003657,-0.014040476402620674
15.690000000001053,0.0,0.0,0.0,-0.004286404330264547,0.0076723046262214215,-0.013876715570792956
15.695000000001054,0.0,0.0,0.0,-0.004266468816048707,0.007664761581631579,-0.013715001467489026
15.700000000001054,0.0,0.0,0.0,-0.004246788694664123,0.007656230716013541,-0.013551670942155262
15.705000000001055,0.0,0.0,0.0,-0.004226768302845785,0.00764751311303249,-0.013393626565737324
15.710000000001056,0.0,0.0,0.0,-0.004206968802910528,0.007638963122756477,-0.013237701760825258
15.715000000001057,0.0,0.0,0.0,-0.0041867840381582784,0.007630167164421689,-0.013084415598885561
15.720000000001058,0.0,0.0,0.0,-0.004166456878266837,0.00762123270209986,-0.012936665566199242
15.725000000001058,0.0,0.0,0.0,-0.004146133121900003,0.007611589409837038,-0.01278879779568266
15.73000000000106,0.0,0.0,0.0,-0.004125770361480788,0.00760167898376568,-0.012640673915071135
15.73500000000106,0.0,0.0,0.0,-0.00410556182014009,0.0075914470190080715,-0.012489250072413407
15.74000000000106,0.0,0.0,0.0,-0.004085450244238324,0.007580923707307258,-0.012337458048782038
15.745000000001061,0.0,0.0,0.0,-0.004065585239958203,0.007570099405721835,-0.012188957803518178
15.750000000001062,0.0,0.0,0.0,-0.004045606413075221,0.007558922150449836,-0.01204385125009011
15.755000000001063,0.0,0.0,0.0,-0.0040258834490910335,0.007547589672403092,-0.01190228700224728
15.760000000001064,0.0,0.0,0.0,-0.004006149938454668,0.007535951360299958,-0.011762551145791455
15.765000000001065,0.0,0.0,0.0,-0.00398643004299922,0.007523998543284978,-0.011620298124772735
15.770000000001065,0.0,0.0,0.0,-0.003967012513786433,0.007511733292485578,-0.011477129882217503
15.775000000001066,0.0,0.0,0.0,-0.003947669165649453,0.00749915405005367,-0.011331807283734039
15.780000000001067,0.0,0.0,0.0,-0.003928836193102115,0.007486280366163002,-0.011192683091466973
15.785000000001068,0.0,0.0,0.0,-0.003910262812470125,0.007473497404449724,-0.011055744701626888
15.790000000001069,0.0,0.0,0.0,-0.003891597557035954,0.007460209341969098,-0.01091695627469698
15.79500000000107,0.0,0.0,0.0,-0.00387273208735817,0.007446786224292767,-0.010777461716177404
15.80000000000107,0.0,0.0,0.0,-0.003854349311079985,0.007432989816695647,-0.01064182872372893
15.80500000000107,0.0,0.0,0.0,-0.0038360467379323,0.007419166963934528,-0.010503040479553423
15.810000000001072,0.0,0.0,0.0,-0.0038178406347848214,0.00740554165731657,-0.010370017506129897
15.815000000001072,0.0,0.0,0.0,-0.0037996513033916064,0.007391770114040778,-0.010232443543591901
15.820000000001073,0.0,0.0,0.0,-0.003781585681820286,0.007378601898276804,-0.010098195746948825
15.825000000001074,0.0,0.0,0.0,-0.003763684001256084,0.007364928070236953,-0.00996162632535783
15.830000000001075,0.0,0.0,0.0,-0.003745544248669451,0.00735134210857267,-0.009828178271497713
15.835000000001076,0.0,0.0,0.0,-0.0037271621263425944,0.0073372213729157405,-0.009693450398935053
15.840000000001076,0.0,0.0,0.0,-0.003709070974952598,0.007324050552732424,-0.00956504346859208
15.845000000001077,0.0,0.0,0.0,-0.003691635068363685,0.007309965978170168,-0.009434579287265188
15.850000000001078,0.0,0.0,0.0,-0.003673872638977049,0.0072965870446197725,-0.009306171178158509
15.855000000001079,0.0,0.0,0.0,-0.0036559172431559176,0.007282797869648026,-0.00917499398593979
15.86000000000108,0.0,0.0,0.0,-0.0036376134685148095,0.007268982367070485,-0.0090430190981431
15.86500000000108,0.0,0.0,0.0,-0.0036194892372506883,0.007254808050474406,-0.0089119468171771
15.870000000001081,0.0,0.0,0.0,-0.003601483116032979,0.007241278266200693,-0.008785462135372395
15.875000000001082,0.0,0.0,0.0,-0.0035837381203845777,0.007227459660650744,-0.00866201602764402
15.880000000001083,0.0,0.0,0.0,-0.003565820869188143,0.007213961361730252,-0.008535259849785898
15.885000000001083,0.0,0.0,0.0,-0.003548076155383503,0.007200165914150357,-0.008411497360273476
15.890000000001084,0.0,0.0,0.0,-0.0035301496586122934,0.0071869000971422035,-0.00828630729766727
15.895000000001085,0.0,0.0,0.0,-0.0035124858036138145,0.007173432701532439,-0.00816283676478492
15.900000000001086,0.0,0.0,0.0,-0.0034943677618234628,0.007159176645079744,-0.008034135180328748
15.905000000001086,0.0,0.0,0.0,-0.003475756914001237,0.007145792342940599,-0.00791368549731407
15.910000000001087,0.0,0.0,0.0,-0.0034575706807287586,0.007131965722759227,-0.007789324867166604
15.915000000001088,0.0,0.0,0.0,-0.0034394460055270377,0.0071181695220358925,-0.007670679041898752
15.920000000001089,0.0,0.0,0.0,-0.00342131034962275,0.007104267380536949,-0.0075485531915025555
15.92500000000109,0.0,0.0,0.0,-0.003402958462906184,0.007089965441716106,-0.007428120660843878
15.93000000000109,0.0,0.0,0.0,-0.0033847886125522317,0.007076287281550111,-0.007309853742483208
15.935000000001091,0.0,0.0,0.0,-0.0033668669520994857,0.007062440767047621,-0.007193333456559433
15.940000000001092,0.0,0.0,0.0,-0.0033489544941782017,0.007048640898136027,-0.007076746798407097
15.945000000001093,0.0,0.0,0.0,-0.0033314090128646807,0.007034889675401046,-0.006962268727482026
15.950000000001094,0.0,0.0,0.0,-0.003313684309920655,0.007021037499718138,-0.006846413828145432
15.955000000001094,0.0,0.0,0.0,-0.003296087304320298,0.007007025912635599,-0.006731558442325969
15.960000000001095,0.0,0.0,0.0,-0.003278350132527974,0.006992964824566204,-0.006616527370014555
15.965000000001096,0.0,0.0,0.0,-0.0032604277238081104,0.00697856240440977,-0.006501118264535678
15.970000000001097,0.0,0.0,0.0,-0.0032425957373880504,0.00696445341329877,-0.006388020465135159
15.975000000001097,0.0,0.0,0.0,-0.0032247581453284306,0.00695008050732291,-0.006275454737032876
15.980000000001098,0.0,0.0,0.0,-0.0032071411182198043,0.006936060823185473,-0.006165071927571559
15.985000000001099,0.0,0.0,0.0,-0.003190100855395055,0.00692212275418533,-0.006056881982397021
15.9900000000011,0.0,0.0,0.0,-0.0031729936959173596,0.006907825654542316,-0.00594503907462481
15.9950000000011,0.0,0.0,0.0,-0.0031555894092657093,0.006893839229866274,-0.005837041004724901
16.0000000000011,0.0,0.0,0.0,-0.003138475131427126,0.00687954280067825,-0.0057281892173599745
16.0050000000011,0.0,0.0,0.0,-0.0031213233281783986,0.006865339501335488,-0.005621574851414829
16.0100000000011,0.0,0.0,0.0,-0.003104281715780588,0.006850999309456505,-0.005513950098140406
16.0150000000011,0.0,0.0,0.0,-0.0030872477180690066,0.006836755786794137,-0.005408367559703551
16.020000000001097,0.0,0.0,0.0,-0.0030702805393957593,0.006822389446782984,-0.005302298932812212
16.025000000001096,0.0,0.0,0.0,-0.0030533092001385712,0.006808130687619809,-0.005197051436779933
16.030000000001095,0.0,0.0,0.0,-0.003036164683195846,0.006793684388220702,-0.005091529415798452
16.035000000001094,0.0,0.0,0.0,-0.0030192151275896468,0.0067794580023122115,-0.004987237447376954
16.040000000001093,0.0,0.0,0.0,-0.0030023606398813163,0.006765129356421227,-0.004885097766929431
16.045000000001092,0.0,0.0,0.0,-0.002985466750593019,0.006751048388162351,-0.004782293651934968
16.05000000000109,0.0,0.0,0.0,-0.0029687508902935342,0.006736925906662397,-0.004681234504821191
16.05500000000109,0.0,0.0,0.0,-0.0029519706304289035,0.006722842300081371,-0.004579967952199795
16.06000000000109,0.0,0.0,0.0,-0.0029358191068537044,0.006708670721713325,-0.004481449725824036
16.06500000000109,0.0,0.0,0.0,-0.0029190618102819988,0.006694717300711226,-0.004379603292059224
16.070000000001087,0.0,0.0,0.0,-0.0029021794494967085,0.006680193361806941,-0.004279193028561857
16.075000000001086,0.0,0.0,0.0,-0.0028854417866729853,0.0066659987769770645,-0.004180177667623354
16.080000000001085,0.0,0.0,0.0,-0.0028685441140765882,0.006651466746282396,-0.004081253906280486
16.085000000001084,0.0,0.0,0.0,-0.002851863957703523,0.0066371730338339666,-0.003984424706695261
16.090000000001083,0.0,0.0,0.0,-0.0028352784690880628,0.00662263991412224,-0.003888227043872963
16.095000000001082,0.0,0.0,0.0,-0.002818851719710512,0.006608787030328553,-0.0037922248402764854
16.10000000000108,0.0,0.0,0.0,-0.0028029527370289488,0.0065946339139959865,-0.003700645742430801
16.10500000000108,0.0,0.0,0.0,-0.0027866639707829865,0.006580652307533184,-0.0036046727780980315
16.11000000000108,0.0,0.0,0.0,-0.0027704825090211944,0.006566363096534502,-0.003510501872698142
16.11500000000108,0.0,0.0,0.0,-0.0027543373941292322,0.0065521352026544554,-0.003416419809359323
16.120000000001077,0.0,0.0,0.0,-0.002738120545003139,0.006537553759946243,-0.0033219550575729704
16.125000000001076,0.0,0.0,0.0,-0.002722012284439115,0.006523363865080187,-0.00322921270611235
16.130000000001075,0.0,0.0,0.0,-0.0027062935019323627,0.006508776003593119,-0.003135925106894033
16.135000000001074,0.0,0.0,0.0,-0.0026905487755332627,0.006494537743130089,-0.0030464996377044056
16.140000000001073,0.0,0.0,0.0,-0.0026744946129919206,0.0064803209482564425,-0.0029575675870489363
16.145000000001072,0.0,0.0,0.0,-0.0026584439697343682,0.0064662983252746125,-0.002867053961443622
16.15000000000107,0.0,0.0,0.0,-0.0026422685888678006,0.006452180783714505,-0.0027775207453000425
16.15500000000107,0.0,0.0,0.0,-0.0026263705836548933,0.006437956241387864,-0.0026893116717261684
16.16000000000107,0.0,0.0,0.0,-0.0026106418900534753,0.006423869725589746,-0.0026021344328071012
16.16500000000107,0.0,0.0,0.0,-0.0025950446073920714,0.0064096735501378305,-0.002515647985334928
16.170000000001068,0.0,0.0,0.0,-0.002579640399396366,0.006395655732966619,-0.002429739827933879
16.175000000001067,0.0,0.0,0.0,-0.0025640560065617038,0.006381509610909731,-0.002343267379839523
16.180000000001066,0.0,0.0,0.0,-0.0025483671844943913,0.006367380450680706,-0.002257950304132358
16.185000000001065,0.0,0.0,0.0,-0.0025325055281981653,0.0063531068178241355,-0.002170390046206881
16.190000000001064,0.0,0.0,0.0,-0.0025168653000793473,0.006338846288634372,-0.0020867062737427713
16.195000000001063,0.0,0.0,0.0,-0.0025011734454400557,0.0063246783851707514,-0.002001553494533856
16.20000000000106,0.0,0.0,0.0,-0.0024857850247489584,0.006310433330276217,-0.001920002965604062
16.20500000000106,0.0,0.0,0.0,-0.002471107734736644,0.006296630318482465,-0.0018411674990766328
16.21000000000106,0.0,0.0,0.0,-0.0024559011139885394,0.00628245599277185,-0.0017586205171313788
16.21500000000106,0.0,0.0,0.0,-0.0024406332613142083,0.006268282024126695,-0.0016771720637432945
16.220000000001058,0.0,0.0,0.0,-0.002425509824919624,0.006254041342189624,-0.0015958288199404824
16.225000000001057,0.0,0.0,0.0,-0.002410249054703653,0.006239781106879537,-0.00151478565734109
16.230000000001056,0.0,0.0,0.0,-0.0023952603176711665,0.006225493069500493,-0.0014358268577642755
16.235000000001055,0.0,0.0,0.0,-0.0023803340181852346,0.006211471995154172,-0.0013560809789790952
16.240000000001054,0.0,0.0,0.0,-0.0023660017208937323,0.006197675949148084,-0.001280794201435191
16.245000000001053,0.0,0.0,0.0,-0.0023510562536966343,0.00618361811736303,-0.0012023325630403114
16.25000000000105,0.0,0.0,0.0,-0.0023361422010787117,0.006169510445336577,-0.0011250868207348264
16.25500000000105,0.0,0.0,0.0,-0.002321352290666206,0.006155336723075693,-0.0010480617858736622
16.26000000000105,0.0,0.0,0.0,-0.0023063497524078817,0.006141094900605745,-0.0009707975654561866
16.26500000000105,0.0,0.0,0.0,-0.002291761505777075,0.006126927482252976,-0.000896587871983885
16.270000000001048,0.0,0.0,0.0,-0.0022774341611458628,0.006113005503456857,-0.0008225778088723857
16.275000000001047,0.0,0.0,0.0,-0.002262748096634692,0.006098871356167769,-0.0007480444208106242
16.280000000001046,0.0,0.0,0.0,-0.0022482645987222643,0.006084926780019564,-0.0006752816494908728
16.285000000001045,0.0,0.0,0.0,-0.0022340838497407704,0.006070957310265117,-0.000603438042771459
16.290000000001044,0.0,0.0,0.0,-0.00221970853018976,0.00605698415297599,-0.0005307351931057978
16.295000000001043,0.0,0.0,0.0,-0.0022051213608464543,0.006042654494555379,-0.0004566231924725863
16.30000000000104,0.0,0.0,0.0,-0.002190787713652788,0.0060287243158940115,-0.00038603069812457246
16.30500000000104,0.0,0.0,0.0,-0.002176693850212473,0.006014881528184819,-0.0003159532017376277
16.31000000000104,0.0,0.0,0.0,-0.002162794936695611,0.00600095747229699,-0.0002457467503095961
16.31500000000104,0.0,0.0,0.0,-0.0021488402061159103,0.005987157028879921,-0.0001763063461958232
16.320000000001038,0.0,0.0,0.0,-0.0021347232647603532,0.005973200129130588,-0.00010565083420725212
16.325000000001037,0.0,0.0,0.0,-0.002120478173058288,0.005959416168055512,-3.625347838901237e-05
16.330000000001036,0.0,0.0,0.0,-0.002106301149977929,0.005945423271613604,3.280719437677523e-05
16.335000000001035,0.0,0.0,0.0,-0.0020919885618900036,0.005931415563690794,0.00010111784061004352
16.340000000001034,0.0,0.0,0.0,-0.0020780053647120435,0.005917338660571549,0.00016755849405032043
16.345000000001033,0.0,0.0,0.0,-0.002064528855011607,0.005903579131878792,0.0002308338701620081
16.35000000000103,0.0,0.0,0.0,-0.002051040577489383,0.005889630382054431,0.00029637868261938666
16.35500000000103,0.0,0.0,0.0,-0.0020376539474824575,0.005875786671744098,0.0003604094557214036
16.36000000000103,0.0,0.0,0.0,-0.0020241153632852785,0.005861942347329513,0.00042693918859949094
16.36500000000103,0.0,0.0,0.0,-0.00201032584695226,0.005847923701640746,0.0004905738808109664
16.370000000001028,0.0,0.0,0.0,-0.0019965301947238007,0.005834063208850504,0.0005580375890103523
16.375000000001027,0.0,0.0,0.0,-0.001982809634147334,0.005820023441787423,0.0006206949935047437
16.380000000001026,0.0,0.0,0.0,-0.001969100356626075,0.005806146767926654,0.0006848829359225014
16.385000000001025,0.0,0.0,0.0,-0.0019555108998473153,0.0057921389248793914,0.0007465453936690507
16.390000000001024,0.0,0.0,0.0,-0.0019418664566830163,0.005778262531196429,0.0008091350727558626
16.395000000001023,0.0,0.0,0.0,-0.0019285796787652007,0.00576437440391555,0.0008684472307922594
16.40000000000102,0.0,0.0,0.0,-0.0019159162259043837,0.005750885576512278,0.0009257375842804487
16.40500000000102,0.0,0.0,0.0,-0.0019030441610185184,0.005737189712755833,0.0009859820000950837
16.41000000000102,0.0,0.0,0.0,-0.001890242546146171,0.005723552714030387,0.0010448935009040533
16.41500000000102,0.0,0.0,0.0,-0.001877504786111252,0.005709956174964004,0.0011050792112876975
16.420000000001018,0.0,0.0,0.0,-0.0018647650554155539,0.005696372009894289,0.0011635643794304467
16.425000000001017,0.0,0.0,0.0,-0.0018521317685518794,0.005682726302536313,0.0012226234891563922
16.430000000001016,0.0,0.0,0.0,-0.0018392701304624527,0.005669180646987006,0.0012816579515759429
16.435000000001015,0.0,0.0,0.0,-0.0018262000924305303,0.005655402180596511,0.001340999925559302
16.440000000001014,0.0,0.0,0.0,-0.0018131545772902458,0.005641758097947465,0.0013984599452979043
16.445000000001013,0.0,0.0,0.0,-0.0018001850028269793,0.005627950074950854,0.0014559778525144308
16.450000000001012,0.0,0.0,0.0,-0.0017872934103832457,0.005614237896365016,0.0015112341524031192
16.45500000000101,0.0,0.0,0.0,-0.001774870430916026,0.005600535980166032,0.0015654830867637703
16.46000000000101,0.0,0.0,0.0,-0.0017626915914765152,0.005587049811115178,0.001617480247412592
16.46500000000101,0.0,0.0,0.0,-0.0017504881625141926,0.0055735066678358905,0.0016728903393713546
16.470000000001008,0.0,0.0,0.0,-0.0017383374886095915,0.005560086442832675,0.001724908615699548
16.475000000001007,0.0,0.0,0.0,-0.0017260049111500074,0.005546583422504699,0.0017811729415574623
16.480000000001006,0.0,0.0,0.0,-0.0017134659938565337,0.005533119850939362,0.0018349242561287837
16.485000000001005,0.0,0.0,0.0,-0.0017010726854110824,0.0055195031340496215,0.0018892256249136545
16.490000000001004,0.0,0.0,0.0,-0.0016883228947451752,0.005505802996547745,0.001942926706997937
16.495000000001003,0.0,0.0,0.0,-0.0016763003749674004,0.005492239908946578,0.0019918761557257245
16.500000000001002,0.0,0.0,0.0,-0.001664540487806461,0.0054790153771692605,0.0020401504272535894
16.505000000001,0.0,0.0,0.0,-0.0016527317761168296,0.005465537709483373,0.0020915998758488418
16.510000000001,0.0,0.0,0.0,-0.0016411475243337857,0.005452244864357584,0.0021403214358293697
16.515000000001,0.0,0.0,0.0,-0.0016293194197850016,0.0054388335812968315,0.002191897959363572
16.520000000000998,0.0,0.0,0.0,-0.001617434565384805,0.005425278284029066,0.002239925333984874
16.525000000000997,0.0,0.0,0.0,-0.001605263601444154,0.0054116978338561265,0.0022927704765864777
16.530000000000996,0.0,0.0,0.0,-0.001593312768970209,0.005398233216663215,0.0023403860623484865
16.535000000000995,0.0,0.0,0.0,-0.0015813672610827975,0.0053848656951616695,0.002389774492357554
16.540000000000994,0.0,0.0,0.0,-0.0015696871427248683,0.005371456789794372,0.002436314586624159
16.545000000000993,0.0,0.0,0.0,-0.001558678634894335,0.00535854122464818,0.002480212972776223
16.550000000000992,0.0,0.0,0.0,-0.0015471301775278833,0.0053451670861295745,0.0025279452630017716
16.55500000000099,0.0,0.0,0.0,-0.0015356343556313199,0.005332038488649482,0.0025739129053215736
16.56000000000099,0.0,0.0,0.0,-0.001524204418833505,0.005318550882325214,0.002621179155984302
16.56500000000099,0.0,0.0,0.0,-0.0015127737815437735,0.00530525875271729,0.002666342992891215
16.570000000000988,0.0,0.0,0.0,-0.0015014545476589821,0.005291839598487927,0.002712526095055387
16.575000000000987,0.0,0.0,0.0,-0.0014894874726126375,0.005278337009476537,0.002762081122587253
16.580000000000986,0.0,0.0,0.0,-0.0014784495133142422,0.005264965569611698,0.002801061176948336
16.585000000000985,0.0,0.0,0.0,-0.0014674660337026463,0.005252009249410626,0.0028450119177883754
16.590000000000984,0.0,0.0,0.0,-0.0014565895386668066,0.005238946784964521,0.0028857528356419477
16.595000000000983,0.0,0.0,0.0,-0.0014456095520629343,0.0052259746147352085,0.0029303146091602767
16.600000000000982,0.0,0.0,0.0,-0.0014348310396073,0.005213011582706926,0.0029713285939857656
16.60500000000098,0.0,0.0,0.0,-0.0014238585713951513,0.005199987512698969,0.0030149742686332234
16.61000000000098,0.0,0.0,0.0,-0.0014125426663191831,0.005186593616502787,0.0030586296368995676
16.61500000000098,0.0,0.0,0.0,-0.001401652521963117,0.005173500633897802,0.0030998620338882244
16.620000000000978,0.0,0.0,0.0,-0.0013911342921931807,0.0051608095708995825,0.003138326594681746
16.625000000000977,0.0,0.0,0.0,-0.0013804106502237658,0.005147847918125494,0.0031794123660555387
16.630000000000976,0.0,0.0,0.0,-0.0013697245159761183,0.005135060298603675,0.003219319575823755
16.635000000000975,0.0,0.0,0.160797119140625,0.010495966450522835,0.015957035141146873,0.06655323248206327
16.640000000000974,0.0,0.0,0.176483154296875,0.019990313090421437,0.025004754016545228,0.09859136733601898
16.645000000000973,0.0,0.0,0.184326171875,0.027781514789188395,0.03125656872162974,0.12408335042115304
16.650000000000972,0.0,0.0,0.223541259765625,0.03739043599808979,0.040680364661746314,0.15518524365465627
16.65500000000097,0.0,0.0,0.239227294921875,0.04414474301448068,0.048252589050170186,0.1557008880385151
16.66000000000097,0.0,0.0,0.26275634765625,0.0499937784178518,0.05502985269331544,0.14872428549513914
16.66500000000097,0.0,0.0,0.309814453125,0.05786899625869106,0.06411155553219429,0.14603801990083903
16.670000000000968,0.0,0.0,0.35687255859375,0.06611549604350195,0.07343297168822302,0.1439271444989973
16.675000000000967,0.0,0.0,0.41961669921875,0.07522127785497988,0.08307827557034059,0.12410731076776893
16.680000000000966,0.0,0.0,0.41961669921875,0.08283331658031583,0.08993954281344821,0.09839312434379499
16.685000000000965,0.0,0.0,0.537261962890625,0.08406152750199579,0.09228906883403352,0.047301651512100966
16.690000000000964,0.0,0.0,0.537261962890625,0.10651805171125342,0.09812006079255996,0.06770046624753848
16.695000000000963,0.0,0.0,0.662750244140625,0.11351209071871766,0.10750024394930356,-0.04438101665340166
16.700000000000962,0.0,0.0,0.662750244140625,0.13599333643651695,0.10724065462106848,-0.016867353025153124
16.70500000000096,0.0,0.0,0.725494384765625,0.16001377021193114,0.10661434643836916,-0.0185185542697583
16.71000000000096,0.0,0.0,0.85882568359375,0.187324048638294,0.10604012409174018,-0.05621762687424975
16.71500000000096,0.0,0.0,0.89019775390625,0.17147639778052032,0.10789686269826305,-0.18061879274017012
16.720000000000958,0.0,0.0,0.945098876953125,0.24807807203653032,0.07385207025358662,-0.6895425372887918
16.725000000000957,0.0,0.0,0.945098876953125,0.25760866836954366,0.09663769484814677,0.11664036108151443
16.730000000000956,0.0,0.0,1.0,0.2421995659134635,0.0709367927149862,1.2861533264180252
16.735000000000955,0.0,0.0,1.0,0.24341941708845505,0.08768347594106973,0.6648823754211772
16.740000000000954,0.0,0.0,1.0,0.24371491587536148,0.08959133781938795,0.4263408992007199
16.745000000000953,0.0,0.0,1.0,0.2526481892437636,0.09127546260022401,0.34995759549436284
16.750000000000952,0.0,0.0,1.0,0.2518222686269372,0.08072595411271391,0.3435813280704164
16.75500000000095,0.0,0.0,1.0,0.2509816399939559,0.07239958497642054,0.3501524977037404
16.76000000000095,0.0,0.0,1.0,0.24609063992178556,0.06990403705597965,0.20841948465294788
16.76500000000095,0.0,0.0,1.0,0.24670406107961496,0.06846158926433772,0.23874141384063066
16.770000000000948,0.0,0.0,1.0,0.2399363381742731,0.06941954551651533,0.2688746813101163
16.775000000000947,0.0,0.0,1.0,0.23177499761701753,0.07399233641547828,0.294076438834495
16.780000000000946,0.0,0.0,1.0,0.22444480703330835,0.0751704938920975,0.2758950511600371
16.785000000000945,0.0,0.0,1.0,0.21683241946599371,0.07730501700398552,0.25910555987997863
16.790000000000944,0.0,0.0,1.0,0.2098160274087376,0.07976046960471368,0.21876427499698314
16.795000000000943,0.0,0.0,1.0,0.20363864992075256,0.08095563835318807,0.16944779853689707
16.800000000000942,0.0,0.0,1.0,0.19745041251906073,0.08100317758053832,0.103458425243109
16.80500000000094,0.0,0.0,1.0,0.19412838212598366,0.08785591888383128,0.05717559225242904
16.81000000000094,0.0,0.0,1.0,0.18997516095853864,0.09450995604137516,0.016263390803918983
16.81500000000094,0.0,0.0,1.0,0.18486831301612022,0.10029000025489768,-0.021204248629886242
16.820000000000938,0.0,0.0,1.0,0.18391631188397542,0.10405726402268915,0.004482227514844669
16.825000000000937,0.0,0.0,1.0,0.1827803467334861,0.10641831373410152,0.02174443068892488
16.830000000000936,0.0,0.0,1.0,0.17224517320805924,0.10896767081921313,-0.07407374420133041
16.835000000000935,0.0,0.0,1.0,0.19290458294143667,0.1453374476744076,0.5330105563435873
16.840000000000934,0.0,0.0,1.0,0.22177565210071723,0.16344787311669307,0.5706038386182553
16.845000000000933,0.0,0.0,1.0,0.20288106435782277,0.19717303915735376,0.22006673840699026
16.850000000000932,0.0,0.0,1.0,0.18627343827966863,0.21311442162850236,0.3123479474463595
16.85500000000093,0.0,0.0,1.0,0.15938249464182516,0.2604554154983531,-0.004279143761359516
16.86000000000093,0.0,0.0,1.0,0.1941561430359519,0.2523451217843844,0.004908947694403998
16.86500000000093,0.0,0.0,1.0,0.20949670568285034,0.24814218593170406,0.038522672657600274
16.87000000000093,0.0,0.0,1.0,0.22268097328239353,0.23889531175903048,0.13118466662207062
16.875000000000927,0.0,0.0,1.0,0.23161492599387953,0.23004047079898254,0.22340752330395164
16.880000000000926,0.0,0.0,1.0,0.23590992337179958,0.2235500465778582,0.26482440411716374
16.885000000000925,0.0,0.0,1.0,0.23452316212915866,0.21212161851131703,0.3634857463116016
16.890000000000924,0.0,0.0,1.0,0.21654305669011953,0.19397007536337157,1.2407045753096346
16.895000000000923,0.0,0.0,1.0,0.23066127482543666,0.18533687410206476,0.8577534053898099
16.900000000000922,0.0,0.0,1.0,0.2530348934872456,0.18337189874614024,0.534910292779349
16.90500000000092,0.0,0.0,1.0,0.30805076540251797,0.19615473729024496,0.02385819188384508
16.91000000000092,0.0,0.0,1.0,0.3162932081149259,0.19297339860461854,0.27265672657696705
16.91500000000092,0.0,0.0,1.0,0.32363612240373135,0.2138768993532267,0.24640970642699667
16.92000000000092,0.0,0.0,1.0,0.3288583024740961,0.21178485530407495,0.4119769642246015
16.925000000000917,0.0,0.0,1.0,0.33229318706989214,0.22314479835135387,0.3904574718026463
16.930000000000916,0.0,0.0,1.0,0.33468986042791626,0.2297338700794995,0.3961795156117114
16.935000000000915,0.0,0.0,1.0,0.3365471435826897,0.23671873492951973,0.37781049719637216
16.940000000000914,0.0,0.0,1.0,0.3373016962680088,0.24407075273283163,0.3339324811354068
16.945000000000913,0.0,0.0,1.0,0.33854760077939605,0.25207815393869876,0.2776634717350511
16.950000000000912,0.0,0.0,1.0,0.32059824933322123,0.24952153899666812,0.33542098237940166
16.95500000000091,0.0,0.0,1.0,0.32350490477277505,0.25671606189451346,0.34590606411135905
16.96000000000091,0.0,0.0,1.0,0.3171816685108068,0.26546485288350957,0.2957930282075448
16.96500000000091,0.0,0.0,1.0,0.30432383637886484,0.2620427197909497,0.301059759273949
16.97000000000091,0.0,0.0,1.0,0.2990185946752984,0.2581301601435391,0.2549786626358337
16.975000000000907,0.0,0.0,1.0,0.29412653759944457,0.2506337693220202,0.20905106284944042
16.980000000000906,0.0,0.0,1.0,0.28989047897401077,0.24330778150545013,0.16165303630680247
16.985000000000905,0.0,0.0,1.0,0.26967883473516274,0.2391064740384802,0.11756025974221268
16.990000000000904,0.0,0.0,1.0,0.2494319958476311,0.2562371150660106,0.20228630564816813
16.995000000000903,0.0,0.0,1.0,0.2578995333382171,0.2667312488723732,0.39269733471150137
17.000000000000902,0.0,0.0,1.0,0.24775433799122046,0.2790144280082222,0.2383253184885648
17.0050000000009,0.0,0.0,1.0,0.24861917426958938,0.28275376521837114,0.3368861366624645
17.0100000000009,0.0,0.0,1.0,0.24875876974988476,0.28317543734458894,0.35491100580223844
17.0150000000009,0.0,0.0,1.0,0.28558927587722854,0.30635745771074857,-0.08236595520124923
17.0200000000009,0.0,0.0,1.0,0.29482128208486724,0.27077699683958073,0.20214333498364478
17.025000000000897,0.0,0.0,1.0,0.30306141901993705,0.27859579936779333,-0.023373861154821096
17.030000000000896,0.0,0.0,1.0,0.3101102586730933,0.27197775646038014,0.01304818045626005
17.035000000000895,0.0,0.0,1.0,0.3169276208226852,0.26276042331066274,0.0850529986649904
17.040000000000894,0.0,0.0,1.0,0.31969264678475384,0.2545900982265205,0.15165797430043096
17.045000000000893,0.0,0.0,1.0,0.3213456133992117,0.24571795009703193,0.22114644290519087
17.050000000000892,0.0,0.0,1.0,0.3103768019754468,0.21438294819942366,0.5545444207942459
17.05500000000089,0.0,0.0,1.0,0.3119133535470788,0.2074372608446496,0.5864824859941029
17.06000000000089,0.0,0.0,1.0,0.31708178768652756,0.1981068730341033,0.3898149111263979
17.06500000000089,0.0,0.0,1.0,0.3164093681794109,0.20612761027567578,0.442696960947658
17.07000000000089,0.0,0.0,1.0,0.3226259298195561,0.20005998089693994,0.32002172138898477
17.075000000000887,0.0,0.0,1.0,0.32636598220561186,0.19724794719919764,0.27211355397093673
17.080000000000886,0.0,0.0,1.0,0.3390529275750143,0.23535714064774216,0.22269578498418402
17.085000000000885,0.0,0.0,1.0,0.34170008105572197,0.23750732794701054,0.18017421587801444
17.090000000000884,0.0,0.0,1.0,0.34038135532970887,0.23856648388724186,0.18860148663782716
17.095000000000883,0.0,0.0,1.0,0.3436226633866095,0.236112125504898,0.3567885644616573
17.100000000000882,0.0,0.0,1.0,0.3388889914840322,0.23950543489192277,0.2705740384312625
17.10500000000088,0.0,0.0,1.0,0.3359079088109404,0.24324662474946504,0.2387065365446402
17.11000000000088,0.0,0.0,1.0,0.32748278470777714,0.24042586287357723,0.2345744216655515
17.11500000000088,0.0,0.0,1.0,0.3189021055091228,0.23741735303853728,0.2108084712141915
17.12000000000088,0.0,0.0,1.0,0.3103600417385613,0.2321902939893725,0.17863445233027966
17.125000000000878,0.0,0.0,0.9686279296875,0.3009429381156572,0.2244622265593972,0.14047699364097319
17.130000000000877,0.0,0.0,0.882354736328125,0.2760475844512956,0.23160168030493208,0.3421957136436819
17.135000000000876,0.0,0.0,0.87451171875,0.2557672462203153,0.2413015354219836,0.24752888501725512
17.140000000000875,0.0,0.0,0.835296630859375,0.2634367146356417,0.24671035466280966,0.3446570037645189
17.145000000000874,0.0,0.0,0.772552490234375,0.2509182125805881,0.2527906760692866,0.22378276783965279
17.150000000000873,0.0,0.0,0.631378173828125,0.258797722131612,0.24632016389823477,0.2654602756515545
17.15500000000087,0.0,0.0,0.0,0.23242935308389032,0.20335845908464062,0.09890510730800264
17.16000000000087,0.0,0.0,0.0,0.22188492655391137,0.16957281088388892,0.15700051006619342
17.16500000000087,0.0,0.0,0.0,0.21940956360968886,0.1194454446521781,0.09598620178458903
17.17000000000087,0.0,0.0,0.0,0.20874273881302174,0.07509002370361352,0.1844231447792013
17.175000000000868,0.0,0.0,0.0,0.19511081312023984,0.043813937881084716,0.42288193254037454
17.180000000000867,0.0,0.0,0.0,0.17873023326235765,0.026267999587958026,0.5362793787226788
17.185000000000866,0.0,0.0,0.0,0.16234560009470955,0.01818646612996761,0.5872205600867458
17.190000000000865,0.0,0.0,0.0,0.15428556330761964,0.002982301615993714,0.39370855114362896
17.195000000000864,0.0,0.0,0.0,0.14457804627158782,-0.0032393444567661986,0.30727878712248347
17.200000000000863,0.0,0.0,0.0,0.13504084336150568,-0.008525429566560792,0.23302447634764123
17.20500000000086,0.0,0.0,0.0,0.12872226056348823,-0.008534458886806949,0.22681066737205144
17.21000000000086,0.0,0.0,0.0,0.12147476233920482,-0.005670806751654607,0.2421638685496652
17.21500000000086,0.0,0.0,0.0,0.11522153551377187,-0.00486410916642908,0.21959461340550923
17.22000000000086,0.0,0.0,0.0,0.10277072996493358,-0.03756550505478852,0.132605939523686
17.225000000000858,0.0,0.0,0.0,0.10728927014147803,-0.04586634982516634,-0.08486462170323344
17.230000000000857,0.0,0.0,0.0,0.10098781016358252,-0.03922153157096751,0.08960114545879508
17.235000000000856,0.0,0.0,0.0,0.10240611614237871,-0.02927137899800359,0.071607389663574
17.240000000000855,0.0,0.0,0.0,0.10488229689567162,-0.03677841962697336,-0.054094512764457425
17.245000000000854,0.0,0.0,0.0,0.10665021264111665,-0.033736723620084993,0.02900234714944923
17.250000000000853,0.0,0.0,0.0,0.10656958212204497,-0.029480378263829404,0.14211199600313212
17.25500000000085,0.0,0.0,0.0,0.10680403215101593,-0.02608433768142947,0.17208358789403325
17.26000000000085,0.0,0.0,0.0,0.11087990836051241,-0.019761444433682246,0.19098864569966004
17.26500000000085,0.0,0.0,0.0,0.10344736917656738,-0.018466224911755067,0.15640950902289935
17.27000000000085,0.0,0.0,0.0,0.09424953890030942,-0.01384896543565977,0.18015888289374848
17.275000000000848,0.0,0.0,0.0,0.08318486002930094,-0.01438053009073191,0.22815784342327583
17.280000000000847,0.0,0.0,0.0,0.08116065496664869,-0.012653968479150414,0.18516148188637083
17.285000000000846,0.0,0.0,0.0,0.07889101509154563,-0.009165985676226965,0.19271997943856364
17.290000000000845,0.0,0.0,0.0,0.0789141341421266,-0.0059449091924796416,0.21771727060736326
17.295000000000844,0.0,0.0,0.0,0.06890267669566744,-0.008764918654638926,0.15168726232202448
17.300000000000843,0.0,0.0,0.0,0.059884337183414224,-0.009972806396288081,0.14004895865793168
17.30500000000084,0.0,0.0,0.0,0.04986919875517926,-0.011885089087964722,0.15627744031247257
17.31000000000084,0.0,0.0,0.0,0.04191383135878064,-0.015675514650345192,0.16544206580509652
17.31500000000084,0.0,0.0,0.0,0.033116782484375495,-0.019156159143554615,0.16184399360793855
17.32000000000084,0.0,0.0,0.0,0.02504823309897952,-0.023251423237101915,0.1568848704017183
17.325000000000838,0.0,0.0,0.0,0.017701991883538177,-0.027914695604596817,0.1491542162025994
17.330000000000837,0.0,0.0,0.0,0.010998359330123136,-0.03317216562414839,0.13960602467315888
17.335000000000836,0.0,0.0,0.0,0.005063669060729942,-0.03821447581437461,0.11947933248769094
17.340000000000835,0.0,0.0,0.0,-0.0003402474223975537,-0.04287824392669564,0.10791994739995038
17.345000000000834,0.0,0.0,0.0,-0.005273344688630914,-0.04836306276860948,0.09797719510256396
17.350000000000833,0.0,0.0,0.0,-0.009887820460169767,-0.05421202845660983,0.08824951781729398
17.35500000000083,0.0,0.0,0.0,-0.014237614138824298,-0.060364078677640265,0.07856727697075927
17.36000000000083,0.0,0.0,0.0,-0.01984514280992354,-0.06438541286543092,0.07665214194815242
17.36500000000083,0.0,0.0,0.0,-0.024914007576415417,-0.06990388203618549,0.055184689280166885
17.37000000000083,0.0,0.0,0.0,-0.030031285617679242,-0.07493796327794501,0.04274267379480579
17.375000000000828,0.0,0.0,0.0,-0.034532858948226546,-0.0799417069855551,0.040714228371083024
17.380000000000827,0.0,0.0,0.0,-0.03890477131713317,-0.08516626813883492,0.03682673464943571
17.385000000000826,0.0,0.0,-0.152923583984375,-0.04987929458604696,-0.10203499208525986,0.022944129624063576
17.390000000000825,0.0,0.0,-0.168609619140625,-0.05981949827075641,-0.11809966809987357,0.02314751391733282
17.395000000000824,0.0,0.0,-0.199981689453125,-0.06950097645339726,-0.13389796185654218,0.020669476762376942
17.400000000000823,0.0,0.0,-0.20782470703125,-0.07810758012897379,-0.14722904116642951,0.012625888045069995
17.405000000000822,0.0,0.0,-0.20782470703125,-0.08541895005032288,-0.1577669820431381,0.0020783046371490813
17.41000000000082,0.0,0.0,-0.262725830078125,-0.09462513601616919,-0.16934797086677394,-0.00806180998235376
17.41500000000082,0.0,0.0,-0.262725830078125,-0.10213064863230766,-0.17772192888466454,-0.016676844250915528
17.42000000000082,0.0,0.0,-0.356842041015625,-0.11294713520218538,-0.18879084165971213,-0.022652616238636306
17.425000000000818,0.0,0.0,-0.356842041015625,-0.1216589488360339,-0.19576446100300587,-0.029619390942069786
17.430000000000817,0.0,0.0,-0.372528076171875,-0.12930792864252516,-0.20027996678095156,-0.03476000489861251
17.435000000000816,0.0,0.0,-0.419586181640625,-0.1373844993576546,-0.2037308896883223,-0.037002248884930845
17.440000000000815,0.0,0.0,-0.450958251953125,-0.14502392023485816,-0.20510452446557015,-0.03806344676334102
17.445000000000814,0.0,0.0,-0.49017333984375,-0.15241423905222226,-0.2048028655593769,-0.036906667821358416
17.450000000000813,0.0,0.0,-0.49017333984375,-0.15764252647751023,-0.20152304281053934,-0.03187235519372082
17.455000000000812,0.0,0.0,-0.576446533203125,-0.16497670072955317,-0.1987124725240199,-0.02492508231541156
17.46000000000081,0.0,0.0,-0.5999755859375,-0.1709828660846113,-0.19394728722529062,-0.017717768589645563
17.46500000000081,0.0,0.0,-0.694091796875,-0.1787271632343527,-0.18950717279258344,-0.0037439625057945174
17.47000000000081,0.0,0.0,-0.70977783203125,-0.1842458007710799,-0.18298462413281588,0.007248306510668144
17.475000000000808,0.0,0.0,-0.811737060546875,-0.19147968773316545,-0.17850569986344894,0.011563631226757186
17.480000000000807,0.0,0.0,-0.83526611328125,-0.19691750657192097,-0.17344351335067415,0.015177802697049214
17.485000000000806,0.0,0.0,-0.858795166015625,-0.20066613733752453,-0.16824876678938255,0.015663615755156547
17.490000000000805,0.0,0.0,-0.968597412109375,-0.2062447064609338,-0.16588029285861486,0.011988961584011392
17.495000000000804,0.0,0.0,-0.999969482421875,-0.19959582259157876,-0.1649933205875439,-0.005432410144269156
17.500000000000803,0.0,0.0,-0.999969482421875,-0.19075274527805963,-0.16306232528810863,-0.026318294744496505
17.505000000000802,0.0,0.0,-0.999969482421875,-0.18821047220836137,-0.16218259495272194,-0.009940387620046186
17.5100000000008,0.0,0.0,-0.999969482421875,-0.17484982443982333,-0.15864361965230867,-0.04789146692353992
17.5150000000008,0.0,0.0,-0.999969482421875,-0.16034526108914118,-0.1553200034859908,-0.07512305848587834
17.5200000000008,0.0,0.0,-0.999969482421875,-0.1300773690645829,-0.15520686394907407,-0.06158787340475947
17.525000000000798,0.0,0.0,-0.999969482421875,-0.10799142974675588,-0.15589161173261254,0.11469718843694116
17.530000000000797,0.0,0.0,-0.999969482421875,-0.10181793799757045,-0.15905872433623372,0.07841077949121689
17.535000000000796,0.0,0.0,-0.999969482421875,-0.09220083518535814,-0.16372190973518136,0.09837359560207365
17.540000000000795,0.0,0.0,-0.999969482421875,-0.06045355486142581,-0.14880339821172492,-0.07120238727638933
17.545000000000794,0.0,0.0,-0.999969482421875,-0.05707697053695169,-0.11991648855672773,0.1024947955350855
17.550000000000793,0.0,0.0,-0.999969482421875,-0.05118733540479055,-0.0932161782023139,0.16808231539391016
17.555000000000792,0.0,0.0,-0.999969482421875,-0.04548872785836927,-0.07707230452542935,0.1396687189885065
17.56000000000079,0.0,0.0,-0.999969482421875,-0.05138378644051219,-0.07811963255028075,0.055367669602800054
17.56500000000079,0.0,0.0,-0.999969482421875,-0.05965123016395263,-0.08182978146881835,-0.02112178629293507
17.57000000000079,0.0,0.0,-0.999969482421875,-0.0683951519740299,-0.08386577629203548,-0.07344708930549325
17.575000000000788,0.0,0.0,-0.999969482421875,-0.06301151004836177,-0.08426841867218769,-0.06551610954678876
17.580000000000787,0.0,0.0,-0.999969482421875,-0.08541739619765576,-0.09220117462283015,-0.1521379200714116
17.585000000000786,0.0,0.0,-0.999969482421875,-0.1031742829253619,-0.09803282341797141,-0.20558840290651537
17.590000000000785,0.0,0.0,-0.999969482421875,-0.11035373537429918,-0.1028399484623378,-0.1944144691749218
17.595000000000784,0.0,0.0,-0.999969482421875,-0.11405792359307582,-0.10750498896105998,-0.20238020295168513
17.600000000000783,0.0,0.0,-0.999969482421875,-0.10755309792018536,-0.11165283279991065,-0.2064932554182277
17.605000000000782,0.0,0.0,-0.999969482421875,-0.10419779308816376,-0.1067459530942666,-0.12029726727650696
17.61000000000078,0.0,0.0,-0.999969482421875,-0.09796816613418872,-0.10618996709206772,-0.05735000942656783
17.61500000000078,0.0,0.0,-0.999969482421875,-0.08985438828885167,-0.10361341098312897,-0.02393299855353248
17.62000000000078,0.0,0.0,-0.999969482421875,-0.08043672757084061,-0.10212568922471679,0.019548390257357807
17.625000000000778,0.0,0.0,-0.999969482421875,-0.07068997414616972,-0.10040873762538631,0.05844960744432084
17.630000000000777,0.0,0.0,-0.999969482421875,-0.06014236502854016,-0.0994274162389333,0.05467033809029923
17.635000000000776,0.0,0.0,-0.999969482421875,-0.049230601791780196,-0.10037242962187957,-0.006578877236350249
17.640000000000775,0.0,0.0,-0.999969482421875,-0.04019094060453962,-0.10127224595197111,-0.04828762338363346
17.645000000000774,0.0,0.0,-0.999969482421875,-0.03299544132174714,-0.10230973547568625,-0.07469611208117391
17.650000000000773,0.0,0.0,-0.999969482421875,-0.02721274421521769,-0.1034806583182008,-0.09143309009955573
17.655000000000772,0.0,0.0,-0.999969482421875,-0.027715230949020883,-0.10559348101218723,-0.07812740880428301
17.66000000000077,0.0,0.0,-0.999969482421875,-0.028026850035288653,-0.10752668674078901,-0.07465934590720072
17.66500000000077,0.0,0.0,-0.999969482421875,-0.0279180671268195,-0.10925198000236148,-0.0780845042686601
17.67000000000077,0.0,0.0,-0.999969482421875,-0.027288717172336305,-0.11082688820568136,-0.08682441171447275
17.675000000000768,0.0,0.0,-0.999969482421875,-0.026204733845411755,-0.11235447592504744,-0.10043217611292604
17.680000000000767,0.0,0.0,-0.999969482421875,-0.024842116068734973,-0.11394122708167105,-0.1183937534254555
17.685000000000766,0.0,0.0,-0.999969482421875,-0.016775418255334303,-0.09002632646197196,0.11455708257201283
17.690000000000765,0.0,0.0,-0.999969482421875,-0.013929667005832692,-0.0759588776171906,0.17972869104619413
17.695000000000764,0.0,0.0,-0.999969482421875,-0.008522242747760778,-0.07518770979514228,-0.18009313371203398
17.700000000000763,0.0,0.0,-0.999969482421875,-0.025005749743500033,-0.050976895214018714,-0.003439062113572866
17.705000000000762,0.0,0.0,-0.999969482421875,-0.035423963694514386,-0.05227880446047284,-0.14469982432268844
17.71000000000076,0.0,0.0,-0.999969482421875,-0.022989437476151557,-0.042826821429436626,-0.18627825472977383
17.71500000000076,0.0,0.0,-0.999969482421875,-0.034207696654342805,-0.04458986886140907,-0.21530057965721996
17.72000000000076,0.0,0.0,-0.999969482421875,-0.0439163742227328,-0.05269508733059863,-0.28202041278207474
17.725000000000758,0.0,0.0,-0.999969482421875,-0.0827501130044109,-0.06579081984675625,-0.2942293046324899
17.730000000000757,0.0,0.0,-0.999969482421875,-0.09952130128454177,-0.07925063930695961,-0.3907242880290764
17.735000000000756,0.0,0.0,-0.999969482421875,-0.10930229810805757,-0.08758216800578729,-0.33980151015616017
17.740000000000755,0.0,0.0,-0.999969482421875,-0.13140802316630437,-0.10115755575502114,-0.3734720222594519
17.745000000000754,0.0,0.0,-0.999969482421875,-0.1437586808287941,-0.10824260820664933,-0.5796492390894457
17.750000000000753,0.0,0.0,-0.999969482421875,-0.14137792682480826,-0.11256852545604959,-0.38133088994841857
17.755000000000752,0.0,0.0,-0.999969482421875,-0.14899889679942285,-0.12072102697388334,-0.334043449915673
17.76000000000075,0.0,0.0,-0.999969482421875,-0.1471380996621513,-0.12210992598676218,-0.43300617844399913
17.76500000000075,0.0,0.0,-0.999969482421875,-0.13510909592918768,-0.13262250622466426,-0.4268460401130379
17.77000000000075,0.0,0.0,-0.999969482421875,-0.12803662788493944,-0.1405226616378461,-0.37772277727261977
17.775000000000748,0.0,0.0,-0.999969482421875,-0.10932239041197209,-0.14063881401240758,-0.3491144740848253
17.780000000000747,0.0,0.0,-0.999969482421875,-0.09785707162620653,-0.1405201774180326,-0.32695514057073
17.785000000000746,0.0,0.0,-0.999969482421875,-0.08948366785225974,-0.13963375505962566,-0.2477072320091479
17.790000000000745,0.0,0.0,-0.999969482421875,-0.0813615663024494,-0.13809079281730202,-0.20312055674944116
17.795000000000744,0.0,0.0,-0.999969482421875,-0.07279245093684523,-0.13918841747599656,-0.23581526933732874
17.800000000000743,0.0,0.0,-0.999969482421875,-0.07211944026473475,-0.14105095752105068,-0.2232738949453991
17.805000000000742,0.0,0.0,-0.999969482421875,-0.07211183297086327,-0.14297000069705817,-0.2161456012089764
17.81000000000074,0.0,0.0,-0.999969482421875,-0.07248148195781305,-0.1449986918262164,-0.2141900452285979
17.81500000000074,0.0,0.0,-0.999969482421875,-0.072892396702654,-0.14706582327584575,-0.21598856555278242
17.82000000000074,0.0,0.0,-0.999969482421875,-0.07307435191025667,-0.14911572504152412,-0.22035456201489967
17.82500000000074,0.0,0.0,-0.999969482421875,-0.07285451519649004,-0.151106760902229,-0.2267233829911636
17.830000000000737,0.0,0.0,-0.999969482421875,-0.07222566539483324,-0.1530876233099631,-0.23553416961625415
17.835000000000736,0.0,0.0,-0.999969482421875,-0.07131613750034438,-0.15512734798036007,-0.2475284313693714
17.840000000000735,0.0,0.0,-0.999969482421875,-0.07034235389100106,-0.1573021870022599,-0.2630065268113876
17.845000000000734,0.0,0.0,-0.999969482421875,-0.0695842056304592,-0.15965189440725164,-0.28153581687534973
17.850000000000733,0.0,0.0,-0.999969482421875,-0.06933947731182957,-0.16217698689660717,-0.30211264175699304
17.855000000000732,0.0,0.0,-0.999969482421875,-0.0698573718622376,-0.16485261031826556,-0.32310418164525373
17.86000000000073,0.0,0.0,-0.999969482421875,-0.0712949941752596,-0.16761319595511953,-0.3425315272115407
17.86500000000073,0.0,0.0,-0.999969482421875,-0.07720921258153984,-0.1651662216912521,-0.4016129072842676
17.87000000000073,0.0,0.0,-0.999969482421875,-0.09513103804983308,-0.1511970841726991,-0.28557756549115343
17.87500000000073,0.0,0.0,-0.999969482421875,-0.1291507435535284,-0.1363875796730496,-0.31356443525614414
17.880000000000727,0.0,0.0,-0.999969482421875,-0.12880633562152113,-0.1256292542090838,-0.24917099379907653
17.885000000000726,0.0,0.0,-0.999969482421875,-0.12782175573015964,-0.1191812529980167,-0.21533502437939728
17.890000000000725,0.0,0.0,-0.999969482421875,-0.15885888040832735,-0.12700116890404267,-0.09758269092311508
17.895000000000724,0.0,0.0,-0.999969482421875,-0.16302896810809028,-0.13662020745863027,-0.2672258721869416
17.900000000000723,0.0,0.0,-0.999969482421875,-0.17986515336157857,-0.14888592005891527,-0.29997700384415893
17.905000000000722,0.0,0.0,-0.999969482421875,-0.19212745537974552,-0.16074947954196747,-0.382881721985207
17.91000000000072,0.0,0.0,-0.999969482421875,-0.20159192792991754,-0.17273487784337047,-0.5161928549958508
17.91500000000072,0.0,0.0,-0.999969482421875,-0.20367947793920174,-0.17762459688421434,-0.5609382373673886
17.92000000000072,0.0,0.0,-0.999969482421875,-0.20694184158737777,-0.1867271592786206,-0.4654187996170471
17.92500000000072,0.0,0.0,-0.999969482421875,-0.2166926523441774,-0.19626789040613335,-0.34100220580839113
17.930000000000717,0.0,0.0,-0.999969482421875,-0.21435145540019493,-0.205031501088967,-0.2870651665377237
17.935000000000716,0.0,0.0,-0.999969482421875,-0.20336013717162096,-0.20675181558399236,-0.3543818845592921
17.940000000000715,0.0,0.0,-0.999969482421875,-0.19869306059194472,-0.20908138494358267,-0.37363153633052837
17.945000000000714,0.0,0.0,-0.999969482421875,-0.18924816827289623,-0.20823464514315063,-0.36172511729740375
17.950000000000713,0.0,0.0,-0.999969482421875,-0.18049143620297753,-0.20714000452017597,-0.3351821919771577
17.955000000000712,0.0,0.0,-0.999969482421875,-0.17337063005741926,-0.20453101243710287,-0.3141739300990874
17.96000000000071,0.0,0.0,-0.999969482421875,-0.16800267570747576,-0.20100942944842584,-0.2792609279758762
17.96500000000071,0.0,0.0,-0.999969482421875,-0.16405110276953616,-0.1972103038415426,-0.2391018418303149
17.97000000000071,0.0,0.0,-0.999969482421875,-0.1600680564539593,-0.19768770079875853,-0.26460283704985116
17.97500000000071,0.0,0.0,-0.999969482421875,-0.16001462719112766,-0.19854076714663457,-0.2599777611356761
17.980000000000707,0.0,0.0,-0.999969482421875,-0.16006922641045665,-0.19954540078765845,-0.2587144224301148
17.985000000000706,0.0,0.0,-0.999969482421875,-0.1682836482803422,-0.20288117597996472,-0.33716204152749907
17.990000000000705,0.0,0.0,-0.999969482421875,-0.1735304251319593,-0.20870339101724672,-0.358961176352516
17.995000000000704,0.0,0.0,-0.999969482421875,-0.17606909651252003,-0.21469875733031987,-0.35652712089857874
18.000000000000703,0.0,0.0,-0.999969482421875,-0.17714945855780137,-0.22021211962764303,-0.34765010783790046
18.005000000000702,0.0,0.0,-0.999969482421875,-0.17723814068220609,-0.22586152949743027,-0.32961157855703915
18.0100000000007,0.0,0.0,-0.999969482421875,-0.17821401222929203,-0.23090287882708319,-0.32638192426092333
18.0150000000007,0.0,0.0,-0.999969482421875,-0.1790619821309675,-0.23532401121589885,-0.3242602525716539
18.0200000000007,0.0,0.0,-0.999969482421875,-0.1800761254314842,-0.1919669770019201,0.03444717403118869
18.0250000000007,0.0,0.0,-0.999969482421875,-0.13446575629873547,-0.1676277051079378,-0.05195812659003765
18.030000000000697,0.0,0.0,-0.999969482421875,-0.13537336209285067,-0.16083662592030254,-0.4918224948492794
18.035000000000696,0.0,0.0,-0.999969482421875,-0.13281965182861485,-0.16570094174657307,-0.53430977544375
18.040000000000695,0.0,0.0,-0.999969482421875,-0.11948178289155431,-0.16945187350051286,-0.4435899600669007
18.045000000000694,0.0,0.0,-0.999969482421875,-0.12657437764633264,-0.16925435281827525,-0.5010664230068829
18.050000000000693,0.0,0.0,-0.999969482421875,-0.1360197217185897,-0.16572868889958134,-0.46511377340266397
18.055000000000692,0.0,0.0,-0.999969482421875,-0.15379319153607313,-0.17606498101800547,-0.3337769535277524
18.06000000000069,0.0,0.0,-0.999969482421875,-0.17183310783468878,-0.19015746902718197,-0.19284170368783712
18.06500000000069,0.0,0.0,-0.999969482421875,-0.183586327659247,-0.19354387855121707,-0.3036401818699358
18.07000000000069,0.0,0.0,-0.999969482421875,-0.18341910540586695,-0.19208342554821115,-0.3256393174441848
18.07500000000069,0.0,0.0,-0.999969482421875,-0.17764283386795995,-0.18962779001515728,-0.3849755874373035
18.080000000000688,0.0,0.0,-0.999969482421875,-0.17855890102247318,-0.18736352315934682,-0.34636064593955157
18.085000000000687,0.0,0.0,-0.999969482421875,-0.17989360388099232,-0.18505920048467459,-0.29564944140049537
18.090000000000686,0.0,0.0,-0.999969482421875,-0.17433370065896747,-0.1814660245153423,-0.23585721104074162
18.095000000000685,0.0,0.0,-0.999969482421875,-0.16880376684035714,-0.17717392694762746,-0.2185825692904724
18.100000000000684,0.0,0.0,-0.999969482421875,-0.15723494507579153,-0.16987919403440396,-0.2338997511749666
18.105000000000683,0.0,0.0,-0.999969482421875,-0.14918780452030275,-0.16341583036916088,-0.2125028979591037
18.11000000000068,0.0,0.0,-0.999969482421875,-0.1439923408919011,-0.15763568112704845,-0.18045445152369946
18.11500000000068,0.0,0.0,-0.999969482421875,-0.14137421061636327,-0.15188201743163532,-0.13515656424332853
18.12000000000068,0.0,0.0,-0.999969482421875,-0.1393791673718264,-0.14658358381267464,-0.10079178174834116
18.12500000000068,0.0,0.0,-0.999969482421875,-0.13602054926026044,-0.14657422266802908,-0.15296414192253854
18.130000000000678,0.0,0.0,-0.999969482421875,-0.1480615633304371,-0.1481508424840154,-0.29252253229583125
18.135000000000677,0.0,0.0,-0.999969482421875,-0.15781759273124513,-0.1531386877192654,-0.3564744701912023
18.140000000000676,0.0,0.0,-0.999969482421875,-0.16227119810799545,-0.1594655616425206,-0.35072242850708396
18.145000000000675,0.0,0.0,-0.999969482421875,-0.16438190638072855,-0.1658286734344176,-0.3276451634088901
18.150000000000674,0.0,0.0,-0.999969482421875,-0.16551330687947116,-0.171740061702405,-0.3044691829888333
18.155000000000673,0.0,0.0,-0.999969482421875,-0.16680956544800213,-0.1771797479744505,-0.28899463650458124
18.16000000000067,0.0,0.0,-0.999969482421875,-0.17229538644849524,-0.15068255966220437,-0.10524473091517117
18.16500000000067,0.0,0.0,-0.999969482421875,-0.17032722661844002,-0.13207673941542558,0.04462018199739645
18.17000000000067,0.0,0.0,-0.999969482421875,-0.13973557951614396,-0.10944106986287486,-0.08741603061447961
18.17500000000067,0.0,0.0,-0.999969482421875,-0.13734358037038477,-0.11002560928719003,-0.47189468671420437
18.180000000000668,0.0,0.0,-0.999969482421875,-0.13191427119108395,-0.11352654006957633,-0.49320674147130494
18.185000000000667,0.0,0.0,-0.999969482421875,-0.1463845904083666,-0.11641734191794358,-0.4142432645396771
18.190000000000666,0.0,0.0,-0.999969482421875,-0.1512819174352659,-0.11447753754771745,-0.3577456775917876
18.195000000000665,0.0,0.0,-0.999969482421875,-0.17543231156672726,-0.12563625794819844,-0.2931236660411012
18.200000000000664,0.0,0.0,-0.999969482421875,-0.18590248410193821,-0.13554413827954917,-0.4069431315354228
18.205000000000663,0.0,0.0,-0.999969482421875,-0.185003775325167,-0.13587109696120142,-0.34147076821747024
18.21000000000066,0.0,0.0,-0.999969482421875,-0.1926809917342663,-0.14812045328181508,-0.29730316502105886
18.21500000000066,0.0,0.0,-0.999969482421875,-0.20432581178176265,-0.15950135379657687,-0.31160828436871363
18.22000000000066,0.0,0.0,-0.999969482421875,-0.19875523997751438,-0.15579956780678175,-0.21045580058733543
18.22500000000066,0.0,0.0,-0.999969482421875,-0.20271793094870436,-0.16130152817358,-0.12094049778993213
18.230000000000658,0.0,0.0,-0.999969482421875,-0.1937652373155867,-0.15901641076434408,-0.2941689221405325
18.235000000000657,0.0,0.0,-0.999969482421875,-0.1870696738620889,-0.15593383763014484,-0.27041248194514567
18.240000000000656,0.0,0.0,-0.96075439453125,-0.171475667776852,-0.15204093493618204,-0.24358142088621224
18.245000000000655,0.0,0.0,-0.83526611328125,-0.15390894916044962,-0.14308280371952026,-0.20480180995340827
18.250000000000654,0.0,0.0,-0.811737060546875,-0.1394007999621263,-0.13844042982342694,-0.20015277426886993
18.255000000000653,0.0,0.0,-0.80389404296875,-0.1292547769797712,-0.1315387123126738,-0.17601506221510926
18.26000000000065,0.0,0.0,-0.694091796875,-0.11937882956259706,-0.12794426518994892,-0.21864395475823142
18.26500000000065,0.0,0.0,-0.623504638671875,-0.11163173752185562,-0.12337132655619622,-0.25161799371718135
18.27000000000065,0.0,0.0,-0.1607666015625,-0.0836373464624177,-0.11400389726633046,-0.23434916429551694
18.27500000000065,0.0,0.0,0.0,-0.05629585283865339,-0.10527852679629042,-0.22679995073795337
18.280000000000648,0.0,0.0,0.0,-0.03958850665591494,-0.10025535305650893,-0.240991669781602
18.285000000000647,0.0,0.0,0.0,-0.033579127965040284,-0.08724952063104649,-0.005251850144711023
18.290000000000646,0.0,0.0,0.0,-0.025478414815379144,-0.06271320490479351,0.14366406647761013
18.295000000000645,0.0,0.0,0.0,-0.022528628856852362,-0.04378900231751836,0.14740838252667282
18.300000000000644,0.0,0.0,0.0,-0.0198443936156273,-0.026880236292805677,0.2090309638512422
18.305000000000643,0.0,0.0,0.0,-0.021033107164020577,-0.024279137931867506,0.20645508393777884
18.31000000000064,0.0,0.0,0.0,-0.003478358344290798,-0.0013026596398917102,-0.06909012086396576
18.31500000000064,0.0,0.0,0.0,0.003077750097268012,0.014391304394292072,-0.11652815127891349
18.32000000000064,0.0,0.0,0.0,-0.0035027504152042423,0.021806556944394047,-0.140425247322401
18.32500000000064,0.0,0.0,0.0,-0.013201726245919108,0.02251438952110987,-0.10565997565914387
18.330000000000638,0.0,0.0,0.0,-0.018042440348354134,0.021766197918257853,-0.11130780861297496
18.335000000000637,0.0,0.0,0.0,-0.02209338424918899,0.01663390382896066,-0.020715974795374084
18.340000000000636,0.0,0.0,0.0,-0.019102990472194124,0.016636426274197005,-0.04367349734222038
18.345000000000635,0.0,0.0,0.0,-0.019583623620638355,0.020627851259802002,-0.03760246457682057
18.350000000000634,0.0,0.0,0.0,-0.020417241653078153,0.022833815336019345,-0.016522828496085797
18.355000000000633,0.0,0.0,0.0,-0.027070122583426514,0.01967984916819129,-0.07542848794705115
18.360000000000632,0.0,0.0,0.0,-0.019658969351502235,0.022081665281377998,-0.0664574726279849
18.36500000000063,0.0,0.0,0.0,-0.021901690936830594,0.012875428552788493,-0.029619878042013284
18.37000000000063,0.0,0.0,0.0,-0.021866682101478706,0.014291450017075887,-0.010363738527850913
18.37500000000063,0.0,0.0,0.0,-0.02997512937111589,0.012570074123536085,0.013258080603732653
18.380000000000628,0.0,0.0,0.0,-0.033878585762813995,0.010111100614761536,-0.04415301556779755
18.385000000000627,0.0,0.0,0.0,-0.03722779445242832,0.0017824541490014164,-0.03001919926502887
18.390000000000626,0.0,0.0,0.0,-0.039911352249730116,-0.0029726021525963093,-0.05479402679200934
18.395000000000625,0.0,0.0,0.0,-0.0453532102431501,-0.0034244886967653935,-0.02850144704035186
18.400000000000624,0.0,0.0,0.0,-0.03821543166585227,0.004345346609976963,-0.08319892602455678
18.405000000000623,0.0,0.0,0.0,-0.034256579155175416,0.004913712914785513,-0.04614541359864219
18.410000000000622,0.0,0.0,0.0,-0.02900883224801292,0.006168891748212016,-0.03876577603014895
18.41500000000062,0.0,0.0,0.0,-0.022166766380481456,0.008308293790751958,-0.00892501698263453
18.42000000000062,0.0,0.0,0.0,-0.02077819780454285,0.011869397655782835,-0.012497962287580844
18.42500000000062,0.0,0.0,0.0,-0.022422376020746232,0.00913394847197135,-0.0879218691240742
18.430000000000618,0.0,0.0,0.0,-0.020864262512477805,0.005623972157173248,-0.13190150396288425
18.435000000000617,0.0,0.0,0.0,-0.016134417719597692,0.0025283336491582634,-0.11115362544081446
18.440000000000616,0.0,0.0,0.0,-0.012878518840367533,0.00033160585647592535,-0.08821523329837497
18.445000000000615,0.0,0.0,0.0,-0.011549117179052625,-0.004108543762519665,-0.058630214319717225
18.450000000000614,0.0,0.0,0.0,-0.010687411972442377,-0.007470485163581477,-0.051495888110010116
18.455000000000613,0.0,0.0,0.0,-0.005710839407746163,-0.005858982399137663,-0.05654510658078672
18.460000000000612,0.0,0.0,0.0,-0.0016659168340136593,-0.00463703143634693,-0.064792699665045
18.46500000000061,0.0,0.0,0.0,0.0019228994234795562,-0.004174168831040874,-0.06028336498869634
18.47000000000061,0.0,0.0,0.0,0.004516167177855638,-0.00399412719875441,-0.057332223271729585
18.47500000000061,0.0,0.0,0.0,0.006681356412615445,-0.0038464583206635145,-0.05345913247085443
18.480000000000608,0.0,0.0,0.0,0.00844057048089721,-0.0037889932290228203,-0.04912035154781163
18.485000000000607,0.0,0.0,0.0,0.00976944006401044,-0.0037042361087705846,-0.044847031961529456
18.490000000000606,0.0,0.0,0.0,0.010847123873008528,-0.0035992067942301922,-0.04047036518807025
18.495000000000605,0.0,0.0,0.0,0.01164367647115593,-0.003494664034648097,-0.035901689476891395
18.500000000000604,0.0,0.0,0.0,0.012234240626871618,-0.0033345253565031673,-0.031491164177767296
18.505000000000603,0.0,0.0,0.0,0.012685381942424401,-0.0031285597461738856,-0.027190981995970816
18.510000000000602,0.0,0.0,0.0,0.01299092423947988,-0.0028876863935508074,-0.023252379633493976
18.5150000000006,0.0,0.0,0.0,0.013154645170655552,-0.0026177579458769758,-0.019789316110912055
18.5200000000006,0.0,0.0,0.0,0.013195892872847968,-0.00232114985784102,-0.01680277301911099
18.5250000000006,0.0,0.0,0.0,0.013129636557350966,-0.002005298320471689,-0.014226338617520042
18.530000000000598,0.0,0.0,0.0,0.012972107824604997,-0.0016784607187930699,-0.011948225894943949
18.535000000000597,0.0,0.0,0.0,0.012730354203272032,-0.0013324759588169179,-0.010135130425031103
18.540000000000596,0.0,0.0,0.0,0.01243080204762384,-0.0009739986575335823,-0.00879175781925294
18.545000000000595,0.0,0.0,0.0,0.01207863614039828,-0.000609548194494168,-0.007830824341143974
18.550000000000594,0.0,0.0,0.0,0.011692245336079524,-0.0002481491481212797,-0.007039767137291351
18.555000000000593,0.0,0.0,0.0,0.01127552166885387,0.00011125833134115681,-0.006492468349152172
18.560000000000592,0.0,0.0,0.0,0.010845837962926803,0.00046949346209473154,-0.006212496980711416
18.56500000000059,0.0,0.0,0.0,0.010408571275497668,0.0008222613669283665,-0.006067960423024727
18.57000000000059,0.0,0.0,0.0,0.00997419729864696,0.0011670556835074,-0.006133275632387638
18.57500000000059,0.0,0.0,0.0,0.009544241360216973,0.0015005270142927497,-0.006322657258815783
18.580000000000588,0.0,0.0,0.0,0.009127769667989529,0.0018175661230103997,-0.0066111397700250275
18.585000000000587,0.0,0.0,0.0,0.008725929577130124,0.0021175243051495115,-0.006962402892279351
18.590000000000586,0.0,0.0,0.0,0.008340636493349332,0.0023975804227646777,-0.007412493635727426
18.595000000000585,0.0,0.0,0.0,0.007973189248772524,0.0026561920384695833,-0.007893833086471161
18.600000000000584,0.0,0.0,0.0,0.007628874125525967,0.0028914776817155945,-0.008451269866336096
18.605000000000583,0.0,0.0,0.0,0.007311343413748653,0.0031088187935021843,-0.009078639807504738
18.610000000000582,0.0,0.0,0.0,0.007019784602897478,0.0033001622104341403,-0.009703090194552937
18.61500000000058,0.0,0.0,0.0,0.006750507766800962,0.0034687017828783336,-0.010324691077373304
18.62000000000058,0.0,0.0,0.0,0.006502860318634283,0.003612392556680219,-0.01090816100280432
18.62500000000058,0.0,0.0,0.0,0.006269448632618047,0.00373348057466768,-0.011469462240134594
18.630000000000578,0.0,0.0,0.0,0.006054674952097539,0.0038313121434947694,-0.011979455026215158
18.635000000000577,0.0,0.0,0.0,0.005852197916434143,0.003909640961532783,-0.012442042833248236
18.640000000000576,0.0,0.0,0.0,0.005662934350923408,0.003967988422332397,-0.01285739379931358
18.645000000000575,0.0,0.0,0.0,0.005484079498330397,0.004009610427119076,-0.01323148737446412
18.650000000000574,0.0,0.0,0.0,0.0053129402270945284,0.004036544780077329,-0.01356370337855657
18.655000000000573,0.0,0.0,0.0,0.00514874482020972,0.004051052685912312,-0.01385268213793562
18.660000000000572,0.0,0.0,0.0,0.004991211427403356,0.004055455411515655,-0.014097279623653808
18.66500000000057,0.0,0.0,0.0,0.004839204314879807,0.00405129483233451,-0.014302113285280998
18.67000000000057,0.0,0.0,0.0,0.004691536171199726,0.0040401363858980546,-0.01447273317609716
18.67500000000057,0.0,0.0,0.0,0.004547683868642003,0.0040242282431198475,-0.01461101794259057
18.680000000000568,0.0,0.0,0.0,0.004407505800216126,0.0040057060988492816,-0.014718034737520634
18.685000000000567,0.0,0.0,0.0,0.0042707084068629286,0.003986278503987246,-0.01479676863568248
18.690000000000566,0.0,0.0,0.0,0.004137642508750616,0.00396802077808662,-0.014844961491049677
18.695000000000565,0.0,0.0,0.0,0.00400879740448499,0.003952361130605785,-0.01486140563968332
18.700000000000564,0.0,0.0,0.0,0.0038833911028252053,0.003940139378115641,-0.014851804336032103
18.705000000000563,0.0,0.0,0.0,0.003763431669832527,0.00393227359106952,-0.014812253038563506
18.710000000000562,0.0,0.0,0.0,0.0036469838829772065,0.003929620029639286,-0.014755072401611363
18.71500000000056,0.0,0.0,0.0,0.0035350952461783557,0.003932324566811837,-0.014679518243128546
18.72000000000056,0.0,0.0,0.0,0.0034289003226814422,0.003940016067454172,-0.014588324414651778
18.72500000000056,0.0,0.0,0.0,0.0033271654777562165,0.003954017290600834,-0.014481627562273756
18.730000000000558,0.0,0.0,0.0,0.0032301647843093898,0.003973485844349779,-0.014365169697873754
18.735000000000557,0.0,0.0,0.0,0.0031381377158880095,0.003998208626891122,-0.014244255509213837
18.740000000000556,0.0,0.0,0.0,0.0030512136822903706,0.0040279188721371924,-0.01412018594864874
18.745000000000555,0.0,0.0,0.0,0.0029695480990105023,0.00406234773948953,-0.013991330863308227
18.750000000000554,0.0,0.0,0.0,0.002893094634741071,0.004101104032185298,-0.01385742488144067
18.755000000000553,0.0,0.0,0.0,0.002821646550436769,0.004143651505297178,-0.013719923580699855
18.760000000000552,0.0,0.0,0.0,0.0027549296396315822,0.004189386346247344,-0.01358118933865513
18.76500000000055,0.0,0.0,0.0,0.0026926578344364546,0.004237728920848894,-0.013443270026394843
18.77000000000055,0.0,0.0,0.0,0.0026345427606078746,0.004288156404739504,-0.013307424145474776
18.77500000000055,0.0,0.0,0.0,0.0025802899511344663,0.004340162183102165,-0.013174451660469495
18.78000000000055,0.0,0.0,0.0,0.002529612637178844,0.0043932101951581065,-0.013045069043696697
18.785000000000547,0.0,0.0,0.0,0.0024822656753353566,0.004446741187389395,-0.01291967270956366
18.790000000000546,0.0,0.0,0.0,0.0024379841762357346,0.004500179336905083,-0.01279837081732297
18.795000000000545,0.0,0.0,0.0,0.002396291939620385,0.004552906344666744,-0.012682193249470007
18.800000000000544,0.0,0.0,0.0,0.0023565815225091696,0.004604787163804185,-0.012570468051380462
18.805000000000543,0.0,0.0,0.0,0.002318988726791991,0.00465539516719282,-0.012461568915624496
18.810000000000542,0.0,0.0,0.0,0.002282832563731176,0.004704541051890154,-0.01235851713180418
18.81500000000054,0.0,0.0,0.0,0.0022476840099478817,0.004751920429108984,-0.012261267031382096
18.82000000000054,0.0,0.0,0.0,0.0022137449543540365,0.004797348082852587,-0.012167827310209755
18.82500000000054,0.0,0.0,0.0,0.002180092761475953,0.004840888721959253,-0.012081838989081006
18.83000000000054,0.0,0.0,0.0,0.002147136712660888,0.004882258802550123,-0.011998372216202504
18.835000000000537,0.0,0.0,0.0,0.002114410044548635,0.004921906640787483,-0.011920008126962535
18.840000000000536,0.0,0.0,0.0,0.002081683835919992,0.004959244074440304,-0.011845504418784954
18.845000000000535,0.0,0.0,0.0,0.002048890163526225,0.004994469171113874,-0.011774957612349236
18.850000000000534,0.0,0.0,0.0,0.002015966081779111,0.005027667152335926,-0.011707836241302935
18.855000000000533,0.0,0.0,0.0,0.001982911782030374,0.005058965140472973,-0.011643402197119708
18.860000000000532,0.0,0.0,0.0,0.0019496823552253807,0.005088380215915411,-0.011580945830563115
18.86500000000053,0.0,0.0,0.0,0.0019162031194211993,0.005115916162518973,-0.011519799340091915
18.87000000000053,0.0,0.0,0.0,0.0018820221881426329,0.0051418304930595645,-0.011462420700663016
18.87500000000053,0.0,0.0,0.0,0.0018479079929130686,0.0051660463366496,-0.01140349584865657
18.88000000000053,0.0,0.0,0.0,0.001813566030118928,0.005188705067072341,-0.01134425177189428
18.885000000000527,0.0,0.0,0.0,0.0017790678132171007,0.005209967972382656,-0.011284933611741441
18.890000000000526,0.0,0.0,0.0,0.0017444692896992566,0.005229931230605927,-0.011226220080884829
18.895000000000525,0.0,0.0,0.0,0.0017099619401437643,0.005248838597951419,-0.011168766455739347
18.900000000000524,0.0,0.0,0.0,0.0016756556377491723,0.0052667854516366104,-0.011113168304331792
18.905000000000523,0.0,0.0,0.0,0.0016416616465803938,0.005283901328335114,-0.01105828781296856
18.910000000000522,0.0,0.0,0.0,0.0016077983515508472,0.005300299071922391,-0.011002089361476711
18.91500000000052,0.0,0.0,0.0,0.0015745954047119144,0.0053156369578918035,-0.01093930318952248
18.92000000000052,0.0,0.0,0.0,0.0015413264696869905,0.005330797045774119,-0.010880696905959258
18.92500000000052,0.0,0.0,0.0,0.0015088466887242646,0.005345361814646047,-0.010818623534467903
18.93000000000052,0.0,0.0,0.0,0.001476333775877614,0.005359179485267468,-0.010760931604767337
18.935000000000517,0.0,0.0,0.0,0.0014444211171086875,0.005372493467464063,-0.010703204574484638
18.940000000000516,0.0,0.0,0.0,0.0014133135258661959,0.00538561540916605,-0.010642461906190047
18.945000000000515,0.0,0.0,0.0,0.0013830452501820128,0.005398611614556757,-0.010580606299355979
18.950000000000514,0.0,0.0,0.0,0.0013537180757660372,0.005411418455306484,-0.010518575125060317
18.955000000000513,0.0,0.0,0.0,0.0013251464722352118,0.00542391451251779,-0.01045736876383842
18.960000000000512,0.0,0.0,0.0,0.0012972608642795463,0.005436008233839279,-0.010394786498956298
18.96500000000051,0.0,0.0,0.0,0.0012699779858298158,0.0054475701916438714,-0.01032958489997899
18.97000000000051,0.0,0.0,0.0,0.0012433595375439493,0.0054587070173406915,-0.010261911531866385
18.97500000000051,0.0,0.0,0.0,0.0012174521833857078,0.005469565594703345,-0.010194804116836733
18.98000000000051,0.0,0.0,0.0,0.0011922101189105441,0.005480287767318559,-0.010131908296871928
18.985000000000507,0.0,0.0,0.0,0.0011676967337996475,0.005490899646029436,-0.010072507472847042
18.990000000000506,0.0,0.0,0.0,0.0011439469289752382,0.005501389119834337,-0.01001263987778152
18.995000000000505,0.0,0.0,0.0,0.0011210045174169592,0.005511555300827885,-0.009950440578585996
19.000000000000504,0.0,0.0,0.0,0.0010986027552857076,0.005521110901634392,-0.009885967327183208
19.005000000000503,0.0,0.0,0.0,0.0010766740722085593,0.005530081592182116,-0.009818685461766424
19.010000000000502,0.0,0.0,0.0,0.001055389654996134,0.0055392178265656926,-0.009758171086075521
19.0150000000005,0.0,0.0,0.0,0.0010346014329478317,0.005547617664999178,-0.009694629392651378
19.0200000000005,0.0,0.0,0.0,0.0010148782091407703,0.005555293008157001,-0.009632253163390286
19.0250000000005,0.0,0.0,0.0,0.0009958000050164597,0.005562729024853423,-0.009562649698368248
19.0300000000005,0.0,0.0,0.0,0.0009773673480775727,0.005569423971593973,-0.009494942736068226
19.035000000000498,0.0,0.0,0.0,0.0009593448352018008,0.005576098678274984,-0.009433985446425947
19.040000000000497,0.0,0.0,0.0,0.0009419951072822138,0.005582510690018275,-0.009375172580395082
19.045000000000496,0.0,0.0,0.0,0.0009252157718548139,0.005588328417235845,-0.009314407449916882
19.050000000000495,0.0,0.0,0.0,0.0009089355202982105,0.005593080584613235,-0.009257797770695884
19.055000000000494,0.0,0.0,0.0,0.0008925657370155908,0.005597693617497038,-0.009203356017140344
19.060000000000493,0.0,0.0,0.0,0.0008770136304830739,0.005601824588107399,-0.009150432518781395
19.06500000000049,0.0,0.0,0.0,0.0008615078897584509,0.00560529716255218,-0.009090528761028307
19.07000000000049,0.0,0.0,0.0,0.0008454600071814439,0.005607737078272638,-0.009035642276015905
19.07500000000049,0.0,0.0,0.0,0.0008300849874697429,0.005610263162360168,-0.008974073564213042
19.08000000000049,0.0,0.0,0.0,0.0008145172226319154,0.005612557601463004,-0.008923728384381947
19.085000000000488,0.0,0.0,0.0,0.0007997093159936725,0.005614703310229432,-0.008870901609535093
19.090000000000487,0.0,0.0,0.0,0.0007852532807046998,0.005615722478861639,-0.0088113771355711
19.095000000000486,0.0,0.0,0.0,0.000770645817971503,0.005616921466572986,-0.00875261380253256
19.100000000000485,0.0,0.0,0.0,0.000755845802530268,0.005618163297834169,-0.0087038177404181
19.105000000000484,0.0,0.0,0.0,0.000741548237773182,0.00561904224578693,-0.008650522410293487
19.110000000000483,0.0,0.0,0.0,0.0007276255169814026,0.005619384010541698,-0.008594481843427529
19.11500000000048,0.0,0.0,0.0,0.0007140872126552371,0.00561957229511803,-0.008541558982587434
19.12000000000048,0.0,0.0,0.0,0.0007007047049097252,0.005619523778767708,-0.008488410205405741
19.12500000000048,0.0,0.0,0.0,0.0006874216283109457,0.0056191762482393475,-0.008434495379952492
19.13000000000048,0.0,0.0,0.0,0.0006742483215491621,0.005618348294295997,-0.0083806221367835
19.135000000000478,0.0,0.0,0.0,0.0006613705076425584,0.005617545973451037,-0.008326984376445875
19.140000000000477,0.0,0.0,0.0,0.0006488712226509181,0.0056163067842659176,-0.00827456600596883
19.145000000000476,0.0,0.0,0.0,0.0006362951761430647,0.005614999088196013,-0.0082189581248321
19.150000000000475,0.0,0.0,0.0,0.0006238170068439385,0.005613625175178957,-0.00816722374620952
19.155000000000474,0.0,0.0,0.0,0.0006115688589982267,0.005612055229201301,-0.008113097251891296
19.160000000000473,0.0,0.0,0.0,0.000599178977338634,0.005610461306960154,-0.008061745354726924
19.16500000000047,0.0,0.0,0.0,0.0005871814568488193,0.005608630233791308,-0.00800831295418418
19.17000000000047,0.0,0.0,0.0,0.0005746692833326502,0.005606511491243085,-0.007958107369285747
19.17500000000047,0.0,0.0,0.0,0.0005631717864608532,0.00560426547006916,-0.007903036091906311
19.18000000000047,0.0,0.0,0.0,0.000551842835691604,0.005601578509227452,-0.007847446588193276
19.185000000000468,0.0,0.0,0.0,0.0005406776410871702,0.005598553471757063,-0.007794220767355009
19.190000000000467,0.0,0.0,0.0,0.0005297575716131538,0.005595355243827986,-0.0077420356235706495
19.195000000000466,0.0,0.0,0.0,0.0005191259358438002,0.005592030515113427,-0.007688930081897943
19.200000000000465,0.0,0.0,0.0,0.0005085688460486932,0.005588401960636978,-0.0076370994974936214
19.205000000000464,0.0,0.0,0.0,0.0004984434005111796,0.005584745750706224,-0.007583676578536065
19.210000000000463,0.0,0.0,0.0,0.0004880776106396151,0.0055808967315838145,-0.007533484803719224
19.21500000000046,0.0,0.0,0.0,0.00047705406945660635,0.005576999285553463,-0.007484217088726933
19.22000000000046,0.0,0.0,0.0,0.000466743044721783,0.005573490242201209,-0.007433458088016863
19.22500000000046,0.0,0.0,0.0,0.0004563521631552768,0.0055694596202812184,-0.0073825352486163705
19.23000000000046,0.0,0.0,0.0,0.00044615593472785724,0.00556551235454313,-0.007331822254291651
19.235000000000458,0.0,0.0,0.0,0.00043620681211925576,0.005561254610191582,-0.0072798812459375665
19.240000000000457,0.0,0.0,0.0,0.00042645368271945587,0.005556718213813271,-0.007228200279696387
19.245000000000456,0.0,0.0,0.0,0.0004168898602402811,0.005552098441314737,-0.007176608098067937
19.250000000000455,0.0,0.0,0.0,0.0004076445611131698,0.005547302189511932,-0.007125393269629983
19.255000000000454,0.0,0.0,0.0,0.00039845129461791196,0.005542354222999029,-0.007074889630116056
19.260000000000453,0.0,0.0,0.0,0.0003893761746602954,0.005537224988117314,-0.007024785304402204
19.26500000000045,0.0,0.0,0.0,0.00038038547416806116,0.005532051212629818,-0.006975175971921278
19.27000000000045,0.0,0.0,0.0,0.0003713293481646449,0.00552673845490916,-0.006926516152773569
19.27500000000045,0.0,0.0,0.0,0.0003622195738078344,0.0055214315897261215,-0.006877943127977656
19.28000000000045,0.0,0.0,0.0,0.0003532267777266187,0.005516054709570447,-0.0068290596619139665
19.285000000000448,0.0,0.0,0.0,0.0003445072033033808,0.005510579608739388,-0.006779768813004754
19.290000000000447,0.0,0.0,0.0,0.0003360428010047264,0.005504952525857548,-0.006729638169438842
19.295000000000446,0.0,0.0,0.0,0.0003278607426002438,0.005499242829464335,-0.006680071417697687
19.300000000000445,0.0,0.0,0.0,0.0003196783628399324,0.005493329565311685,-0.006630793999499762
19.305000000000444,0.0,0.0,0.0,0.0003117738766683259,0.005487252545589121,-0.006581661559108381
19.310000000000443,0.0,0.0,0.0,0.0003035382721667537,0.005481049715784912,-0.006535128948914375
19.315000000000442,0.0,0.0,0.0,0.00029515660267758793,0.00547508683136945,-0.0064888323895583
19.32000000000044,0.0,0.0,0.0,0.00028705091955295766,0.0054688036676262194,-0.006440703539471657
19.32500000000044,0.0,0.0,0.0,0.000278776907928398,0.005462800523932627,-0.006393469575821162
19.33000000000044,0.0,0.0,0.0,0.00027108311888363626,0.0054562900829232715,-0.006344605521280345
19.335000000000438,0.0,0.0,0.0,0.0002638508117016248,0.005449731733428771,-0.006294638736976139
19.340000000000437,0.0,0.0,0.0,0.00025646546532553217,0.005443084961492934,-0.00624705445091316
19.345000000000436,0.0,0.0,0.0,0.00024942616404220736,0.005436355933204407,-0.006199119274002395
19.350000000000435,0.0,0.0,0.0,0.00024213814300049228,0.005429513369095717,-0.006153024516692958
19.355000000000434,0.0,0.0,0.0,0.00023457155945188384,0.005422919987186588,-0.006108389582464965
19.360000000000433,0.0,0.0,0.0,0.000227361149381301,0.005416056625613703,-0.006061347494910104
19.365000000000432,0.0,0.0,0.0,0.00022024783378018072,0.00540931139824983,-0.006014255180803701
19.37000000000043,0.0,0.0,0.0,0.00021339339549059718,0.005402163765184502,-0.005967015648329475
19.37500000000043,0.0,0.0,0.0,0.00020683618611837268,0.005395076444330485,-0.005919548479648699
19.38000000000043,0.0,0.0,0.0,0.00020025380642391187,0.005387924422306282,-0.005873006716305719
19.385000000000428,0.0,0.0,0.0,0.0001937248944670318,0.005380784469505886,-0.005827853018653372
19.390000000000427,0.0,0.0,0.0,0.00018707938678827444,0.005373535535043955,-0.005782316089697779
19.395000000000426,0.0,0.0,0.0,0.00018046247951481853,0.005366396818203772,-0.005737933446712341
19.400000000000425,0.0,0.0,0.0,0.0001740016409377188,0.005359144219851002,-0.005691719711401178
19.405000000000424,0.0,0.0,0.0,0.00016767242628628042,0.005351968022982273,-0.005646493859692039
19.410000000000423,0.0,0.0,0.0,0.0001616463315911306,0.005344572221030137,-0.005599522248048414
19.415000000000422,0.0,0.0,0.0,0.00015587968471989045,0.00533715878441291,-0.005553358872652551
19.42000000000042,0.0,0.0,0.0,0.00015008836767618246,0.00532962374534827,-0.005507359761192327
19.42500000000042,0.0,0.0,0.0,0.00014446238964327003,0.0053220035774501784,-0.005462607513177719
19.43000000000042,0.0,0.0,0.0,0.0001386832823623985,0.005314344179604886,-0.0054181459799424675
19.435000000000418,0.0,0.0,0.0,0.0001328151760717365,0.0053068203898132705,-0.005375355925610265
19.440000000000417,0.0,0.0,0.0,0.00012710881112319537,0.005299146724826332,-0.005330332928880567
19.445000000000416,0.0,0.0,0.0,0.00012144641250396701,0.005291573671519987,-0.005286757839538478
19.450000000000415,0.0,0.0,0.0,0.00011606421644342723,0.005283823123662466,-0.005241132111608377
19.455000000000414,0.0,0.0,0.0,0.00011095079512370611,0.005276048921353782,-0.005195755169829749
19.460000000000413,0.0,0.0,0.0,0.00010582240026630547,0.005268176732610938,-0.0051512674196234455
19.465000000000412,0.0,0.0,0.0,0.00010089371670578017,0.005260218690005878,-0.005107525114412843
19.47000000000041,0.0,0.0,0.0,9.579534400572077e-05,0.005252262746388802,-0.005065268630502819
19.47500000000041,0.0,0.0,0.0,9.06851494471511e-05,0.005244494408389717,-0.005022744407937055
19.48000000000041,0.0,0.0,0.0,8.56962339332045e-05,0.005236537168550597,-0.004978990247121321
19.485000000000408,0.0,0.0,0.0,8.090005945636437e-05,0.005228331453812375,-0.004935555371747905
19.490000000000407,0.0,0.0,0.0,7.636403964298149e-05,0.005220254105964295,-0.004890882991754181
19.495000000000406,0.0,0.0,0.0,7.177414248019265e-05,0.0052121168337428084,-0.004848776443802302
19.500000000000405,0.0,0.0,0.0,6.713068616179645e-05,0.005204016104103186,-0.00480553879730698
19.505000000000404,0.0,0.0,0.0,6.25199006914859e-05,0.005196008810826865,-0.004764483503861771
19.510000000000403,0.0,0.0,0.0,5.796961582543173e-05,0.005187879407594105,-0.004721568718454157
19.515000000000402,0.0,0.0,0.0,5.343346683254949e-05,0.005179779605948653,-0.004679536491837869
19.5200000000004,0.0,0.0,0.0,4.904109323028255e-05,0.005171542816388845,-0.004636753533640219
19.5250000000004,0.0,0.0,0.0,4.490756944323461e-05,0.005163159270055303,-0.004594210484452525
19.5300000000004,0.0,0.0,0.0,4.095440213800161e-05,0.005154820901231397,-0.004551089716406467
19.535000000000398,0.0,0.0,0.0,3.702737621610663e-05,0.005146404007496163,-0.004509010687164549
19.540000000000397,0.0,0.0,0.0,3.310306302746853e-05,0.0051379910902683516,-0.0044666242303400576
19.545000000000396,0.0,0.0,0.0,2.9219479940595322e-05,0.005129648497443934,-0.004426530629138005
19.550000000000395,0.0,0.0,0.0,2.5052915745363684e-05,0.0051212251465382825,-0.004385465244766066
19.555000000000394,0.0,0.0,0.0,2.1220001237236547e-05,0.005112787397455721,-0.004343942613876299
19.560000000000393,0.0,0.0,0.0,1.7574755721490552e-05,0.00510422715893284,-0.004302094989765845
19.565000000000392,0.0,0.0,0.0,1.4075222069239514e-05,0.005095716565566942,-0.004259917542689903
19.57000000000039,0.0,0.0,0.0,1.046396727985363e-05,0.005087103453689011,-0.004219114636835473
19.57500000000039,0.0,0.0,0.0,6.940478677496589e-06,0.005078550768624905,-0.004178165385636272
19.58000000000039,0.0,0.0,0.0,3.373713260074443e-06,0.005070024683805296,-0.004138450328794207
19.585000000000388,0.0,0.0,0.0,5.995632844630614e-09,0.005061132834361291,-0.004097544961298832
19.590000000000387,0.0,0.0,0.0,-3.3611319555955767e-06,0.005052525688786749,-0.0040573493944570625
19.595000000000386,0.0,0.0,0.0,-6.761438502349342e-06,0.005043626433191872,-0.00401736253925871
19.600000000000385,0.0,0.0,0.0,-1.0102021042975253e-05,0.005034981727831022,-0.003977616896176613
19.605000000000384,0.0,0.0,0.0,-1.3477395336665581e-05,0.0050262155189851575,-0.003937733107888433
19.610000000000383,0.0,0.0,0.0,-1.6593750422003754e-05,0.005017469930728211,-0.0038977772552199136
19.615000000000382,0.0,0.0,0.0,-1.9539347131109926e-05,0.005008611489402986,-0.0038570516064382757
19.62000000000038,0.0,0.0,0.0,-2.2394860766041007e-05,0.004999798741815226,-0.003817387588021037
19.62500000000038,0.0,0.0,0.0,-2.5194243464021018e-05,0.004990927584212312,-0.003777107170571879
19.63000000000038,0.0,0.0,0.0,-2.8200327464394303e-05,0.004982108668953567,-0.0037403115090025303
19.635000000000378,0.0,0.0,0.0,-3.102104602604357e-05,0.004973406573067318,-0.0036995476910298662
19.640000000000377,0.0,0.0,0.0,-3.3860370520280545e-05,0.0049644217040699335,-0.003661656784802357
19.645000000000376,0.0,0.0,0.0,-3.6502085521095966e-05,0.004955521981754982,-0.003621055209787115
19.650000000000375,0.0,0.0,0.0,-3.899936362628533e-05,0.004946374908073833,-0.003582079441740084
19.655000000000374,0.0,0.0,0.0,-4.1488804355148696e-05,0.004937410742430742,-0.003542773240009386
19.660000000000373,0.0,0.0,0.0,-4.393024682668237e-05,0.004928353076738358,-0.0035045957726933187
19.665000000000372,0.0,0.0,0.0,-4.6350912936045014e-05,0.0049193950704928095,-0.003466359827168767
19.67000000000037,0.0,0.0,0.0,-4.866273771662058e-05,0.004910375261093302,-0.0034281288542225737
19.67500000000037,0.0,0.0,0.0,-5.107986434117005e-05,0.004901279865688608,-0.0033908593992652268
19.68000000000037,0.0,0.0,0.0,-5.343199787452562e-05,0.004892248256284723,-0.003353297678429099
19.685000000000368,0.0,0.0,0.0,-5.555883331203482e-05,0.004883171801293406,-0.0033146387281661163
19.690000000000367,0.0,0.0,0.0,-5.7679714826811046e-05,0.004873967629866327,-0.0032770802699809112
19.695000000000366,0.0,0.0,0.0,-5.97507933448812e-05,0.004864889625033259,-0.0032392823782758694
19.700000000000365,0.0,0.0,0.0,-6.180253949306382e-05,0.004855688434652502,-0.0032019146755773295
19.705000000000364,0.0,0.0,0.0,-6.39515181048539e-05,0.004846583345840102,-0.003165616828429744
19.710000000000363,0.0,0.0,0.0,-6.600654075631865e-05,0.004837333047928166,-0.003128830503891157
19.715000000000362,0.0,0.0,0.0,-6.806700427832509e-05,0.004828171362918372,-0.0030920822714308105
19.72000000000036,0.0,0.0,0.0,-7.001782128484448e-05,0.004819007986618599,-0.0030552811243118577
19.72500000000036,0.0,0.0,0.0,-7.159495969780912e-05,0.004809746117389474,-0.0030166433834232062
19.73000000000036,0.0,0.0,0.0,-7.32501029026013e-05,0.0048003676979297616,-0.002980427268202534
19.73500000000036,0.0,0.0,0.0,-7.486495136859593e-05,0.004791202025981395,-0.002943291620534543
19.740000000000357,0.0,0.0,0.0,-7.646370920902297e-05,0.004781871491184815,-0.002907589615235428
19.745000000000356,0.0,0.0,0.0,-7.806713412655652e-05,0.004772747053001727,-0.0028716529744334863
19.750000000000355,0.0,0.0,0.0,-7.948333451473678e-05,0.004763334854206731,-0.0028350874502843775
19.755000000000354,0.0,0.0,0.0,-8.107310528777558e-05,0.004754129929481883,-0.002800348048388033
19.760000000000353,0.0,0.0,0.0,-8.266339276393828e-05,0.004744656019924604,-0.002765087826397499
19.765000000000352,0.0,0.0,0.0,-8.428575879491065e-05,0.004735435978520533,-0.0027303929208084368
19.77000000000035,0.0,0.0,0.0,-8.581589058086368e-05,0.0047260776360272296,-0.0026952923576727475
19.77500000000035,0.0,0.0,0.0,-8.719937754639363e-05,0.004716869279180436,-0.0026593244578217608
19.78000000000035,0.0,0.0,0.0,-8.837160374163119e-05,0.004707497828456501,-0.0026230983423804403
19.78500000000035,0.0,0.0,0.0,-8.947436257767857e-05,0.0046981528221175075,-0.0025871057438343584
19.790000000000347,0.0,0.0,0.0,-9.046036942037474e-05,0.004688659647740122,-0.0025522054648945327
19.795000000000346,0.0,0.0,0.0,-9.149255401332725e-05,0.0046792782404557086,-0.002517107649326551
19.800000000000345,0.0,0.0,0.0,-9.247043751994225e-05,0.0046698210328143435,-0.0024831702923489374
19.805000000000344,0.0,0.0,0.0,-9.36710886832968e-05,0.004660495193606273,-0.0024492579846694573
19.810000000000343,0.0,0.0,0.0,-9.47743603564723e-05,0.004651107009591449,-0.002416576639940943
19.815000000000342,0.0,0.0,0.0,-9.586808002830543e-05,0.00464168055267187,-0.002382070361857281
19.82000000000034,0.0,0.0,0.0,-9.662899693182396e-05,0.004632325112142249,-0.002348096130977107
19.82500000000034,0.0,0.0,0.0,-9.745547311681713e-05,0.004622619284116645,-0.0023131208125112316
19.83000000000034,0.0,0.0,0.0,-9.815908046679098e-05,0.004613222326647464,-0.0022801420697927816
19.83500000000034,0.0,0.0,0.0,-9.914206949587922e-05,0.004603627878461807,-0.0022458856798221747
19.840000000000337,0.0,0.0,0.0,-0.0001001024726506877,0.004594353829457634,-0.002215600089489037
19.845000000000336,0.0,0.0,0.0,-0.00010096464924412433,0.004584711339432612,-0.002180835170929234
19.850000000000335,0.0,0.0,0.0,-0.00010173108749440021,0.004575281587732077,-0.0021489282701122885
19.855000000000334,0.0,0.0,0.0,-0.00010231063576125828,0.004565683538747361,-0.0021144297241941505
19.860000000000333,0.0,0.0,0.0,-0.00010278081761261796,0.00455612065876983,-0.002081452773531939
19.865000000000332,0.0,0.0,0.0,-0.0001032469969092761,0.004546595806808541,-0.002047890115458758
19.87000000000033,0.0,0.0,0.0,-0.00010372759292649143,0.004537100566917606,-0.002015793201447192
19.87500000000033,0.0,0.0,0.0,-0.00010420150899095397,0.00452758670100038,-0.0019835306277203946
19.88000000000033,0.0,0.0,0.0,-0.00010460333534579668,0.004518152931683258,-0.0019511425981615354
19.88500000000033,0.0,0.0,0.0,-0.00010513263663360556,0.0045084507354969374,-0.0019201347964463806
19.890000000000327,0.0,0.0,0.0,-0.00010562303449558757,0.004499048451008571,-0.0018887068363176375
19.895000000000326,0.0,0.0,0.0,-0.00010597373646921128,0.004489297325903535,-0.001856719339850188
19.900000000000325,0.0,0.0,0.0,-0.00010621074754668439,0.004479741635004687,-0.0018248239438679043
19.905000000000324,0.0,0.0,0.0,-0.00010641906064744511,0.004470145282658595,-0.0017930758974718166
19.910000000000323,0.0,0.0,0.0,-0.00010668908510621626,0.004460665504333936,-0.001761939810141835
19.915000000000322,0.0,0.0,0.0,-0.00010701676859927641,0.0044512030806798,-0.0017314295762604457
19.92000000000032,0.0,0.0,0.0,-0.0001072562236603957,0.004441639409225964,-0.0017003707009575664
19.92500000000032,0.0,0.0,0.0,-0.00010728678650501457,0.004432105172715262,-0.0016698444614781642
19.93000000000032,0.0,0.0,0.0,-0.00010731391065525321,0.004422415648228539,-0.0016379812415578975
19.93500000000032,0.0,0.0,0.0,-0.00010736843443413128,0.004412801380495303,-0.0016077432159471799
19.940000000000317,0.0,0.0,0.0,-0.00010759267967536121,0.004403057891063248,-0.0015774576038030358
19.945000000000316,0.0,0.0,0.0,-0.00010775208091988392,0.0043935809654575275,-0.00154828498295637
19.950000000000315,0.0,0.0,0.0,-0.00010784879946427762,0.004383873730740104,-0.0015177763481714244
19.955000000000314,0.0,0.0,0.0,-0.00010775493144913878,0.0043744531464254876,-0.0014874300834760454
19.960000000000313,0.0,0.0,0.0,-0.00010756670475845038,0.00436451189833716,-0.001456571347781761
19.965000000000312,0.0,0.0,0.0,-0.00010734875031336704,0.0043551313203820646,-0.0014272552513232605
19.97000000000031,0.0,0.0,0.0,-0.00010715608630114599,0.004345360418034425,-0.0013970006748873314
19.97500000000031,0.0,0.0,0.0,-0.00010711243645419657,0.0043361102285950845,-0.0013702424313103774
19.98000000000031,0.0,0.0,0.0,-0.00010710863073195995,0.004326287501694101,-0.001339897632144276
19.98500000000031,0.0,0.0,0.0,-0.00010717097258777733,0.004316890687449638,-0.0013126250061105637
19.990000000000308,0.0,0.0,0.0,-0.0001070054155413783,0.00430694171426252,-0.0012819669059131109
19.995000000000307,0.0,0.0,0.0,-0.00010682710527888524,0.004297281544375811,-0.001252694965337325
20.000000000000306,0.0,0.0,0.0,-0.00010649273771979914,0.004287607037875158,-0.0012234411975867577
20.005000000000305,0.0,0.0,0.0,-0.00010610931307063717,0.0042779991338250545,-0.0011946935926663855
20.010000000000304,0.0,0.0,0.0,-0.00010572388880528145,0.00426839467782515,-0.001165685756496178
20.015000000000303,0.0,0.0,0.0,-0.00010543156161996363,0.004258675163164454,-0.0011389606924955852
20.0200000000003,0.0,0.0,0.0,-0.00010512639369684296,0.004249205911891996,-0.0011102583072171261
20.0250000000003,0.0,0.0,0.0,-0.00010482363123687436,0.004239510697677316,-0.0010832737912162672
20.0300000000003,0.0,0.0,0.0,-0.00010438167259257434,0.004229998703266575,-0.001054662358855021
20.0350000000003,0.0,0.0,0.0,-0.00010378794721799283,0.0042202733327015626,-0.0010264120251960262
20.040000000000298,0.0,0.0,0.0,-0.00010326425425648447,0.004210544278455553,-0.0009984324184996159
20.045000000000297,0.0,0.0,0.0,-0.00010277883248979532,0.004200891158086331,-0.0009714386425515888
20.050000000000296,0.0,0.0,0.0,-0.00010218894587557477,0.00419137616247687,-0.0009448631176923597
20.055000000000295,0.0,0.0,0.0,-0.00010165963625785147,0.0041817169753014275,-0.000917874889337803
20.060000000000294,0.0,0.0,0.0,-0.00010120831824489497,0.004172255498200874,-0.0008917228361149017
20.065000000000293,0.0,0.0,0.0,-0.00010071805821413874,0.004162673700046314,-0.000864717941937347
20.07000000000029,0.0,0.0,0.0,-0.0001002132212299046,0.004153139264719164,-0.0008379459437291851
20.07500000000029,0.0,0.0,0.0,-9.956325272593978e-05,0.004143167216791697,-0.0008110058173802359
20.08000000000029,0.0,0.0,0.0,-9.872227333615897e-05,0.004133598984855576,-0.0007833808648138848
20.08500000000029,0.0,0.0,0.0,-9.793772665111952e-05,0.004123704613878786,-0.0007571995765901439
20.090000000000288,0.0,0.0,0.0,-9.724373704427887e-05,0.004114305567377389,-0.0007318759983693859
20.095000000000287,0.0,0.0,0.0,-9.675225363513552e-05,0.004104763307014738,-0.0007069928701720906
20.100000000000286,0.0,0.0,0.0,-9.607629562248268e-05,0.004095310720887327,-0.0006817888318813442
20.105000000000285,0.0,0.0,0.0,-9.537032435566607e-05,0.004085641558958843,-0.0006556646727890945
20.110000000000284,0.0,0.0,0.0,-9.466487599888264e-05,0.0040761155280515425,-0.0006307323221589377
20.115000000000283,0.0,0.0,0.0,-9.391430154475458e-05,0.004066404357422103,-0.000604485095334407
20.12000000000028,0.0,0.0,0.0,-9.317989268085444e-05,0.004056925573343906,-0.0005808963033911927
20.12500000000028,0.0,0.0,0.0,-9.23070425374435e-05,0.004047307802463191,-0.0005540750359968073
20.13000000000028,0.0,0.0,0.0,-9.141554615153394e-05,0.004037814422513462,-0.0005297622775901621
20.13500000000028,0.0,0.0,0.0,-9.055516209217135e-05,0.004028008082953561,-0.0005033966664209472
20.140000000000278,0.0,0.0,0.0,-8.968848666119105e-05,0.004018362468304994,-0.0004793270299709685
20.145000000000277,0.0,0.0,0.0,-8.88879489521473e-05,0.004008763120568732,-0.00045475752505706615
20.150000000000276,0.0,0.0,0.0,-8.79716769714182e-05,0.003999075524326354,-0.0004315454161615843
20.155000000000275,0.0,0.0,0.0,-8.712114099968255e-05,0.003989664911028337,-0.0004061908188347305
20.160000000000274,0.0,0.0,0.0,-8.618127538574411e-05,0.003980148686272342,-0.0003851234225371777
20.165000000000273,0.0,0.0,0.0,-8.542627991649232e-05,0.0039709997117644115,-0.0003595567194069357
20.17000000000027,0.0,0.0,0.0,-8.458054864199111e-05,0.0039612229845012534,-0.00033579308218702897
20.17500000000027,0.0,0.0,0.0,-8.340046460029107e-05,0.003951584457111524,-0.0003094302276678879
20.18000000000027,0.0,0.0,0.0,-8.233520464825325e-05,0.00394183359355834,-0.0002862207140319283
20.18500000000027,0.0,0.0,0.0,-8.125887198834222e-05,0.0039323797576490535,-0.00026252385736030544
20.190000000000268,0.0,0.0,0.0,-8.016760944091168e-05,0.003922780491440027,-0.000239497481411955
20.195000000000267,0.0,0.0,0.0,-7.90992007638396e-05,0.003913344491933319,-0.00021675702894255027
20.200000000000266,0.0,0.0,0.0,-7.7976340351251e-05,0.003903775869026846,-0.00019352583652385133
20.205000000000265,0.0,0.0,0.0,-7.701982946668768e-05,0.003894465649413499,-0.00017200073943489494
20.210000000000264,0.0,0.0,0.0,-7.615112189289555e-05,0.0038849331748525805,-0.00014986682973038422
20.215000000000263,0.0,0.0,0.0,-7.505743105459647e-05,0.0038755612125185783,-0.0001277254910450717
20.22000000000026,0.0,0.0,0.0,-7.391784698888572e-05,0.0038658691399365464,-0.00010385067547613643
20.22500000000026,0.0,0.0,0.0,-7.276505056647687e-05,0.0038563548427670907,-8.227119053191303e-05
20.23000000000026,0.0,0.0,0.0,-7.163291780132358e-05,0.003846698246661792,-5.922257223599858e-05
20.23500000000026,0.0,0.0,0.0,-7.051266895624048e-05,0.003837465778362826,-3.8006372396056295e-05
20.240000000000258,0.0,0.0,0.0,-6.938809507029915e-05,0.003827791203233432,-1.5307245855457176e-05
20.245000000000257,0.0,0.0,0.0,-6.808182434826489e-05,0.0038185025478182804,5.877759500228234e-06
20.250000000000256,0.0,0.0,0.0,-6.697963757600443e-05,0.0038088004046590938,2.9043483761011396e-05
20.255000000000255,0.0,0.0,0.0,-6.607315809155581e-05,0.0037995590964060555,4.780882252318014e-05
20.260000000000254,0.0,0.0,0.0,-6.482157116169848e-05,0.0037899114772833474,7.106370639237513e-05
20.265000000000253,0.0,0.0,0.0,-6.34197769984359e-05,0.003780433832899609,9.232980205414508e-05
20.270000000000252,0.0,0.0,0.0,-6.198880406852376e-05,0.003770732394147947,0.0001150122977006608
20.27500000000025,0.0,0.0,0.0,-6.070566380360614e-05,0.0037614773859117366,0.00013487791615321735
20.28000000000025,0.0,0.0,0.0,-5.950312969784752e-05,0.0037520991634325635,0.0001555379666002656
20.28500000000025,0.0,0.0,0.0,-5.822419486576775e-05,0.0037428145714390715,0.0001759078967192353
20.290000000000248,0.0,0.0,0.0,-5.703057450832342e-05,0.003733361027331506,0.00019613726555440841
20.295000000000247,0.0,0.0,0.0,-5.5814070531420085e-05,0.0037240687145363048,0.0002163603698910082
20.300000000000246,0.0,0.0,0.0,-5.462983629774574e-05,0.0037145356369494738,0.000236240451778199
20.305000000000245,0.0,0.0,0.0,-5.339982771275545e-05,0.0037052100770739796,0.0002566218297613286
20.310000000000244,0.0,0.0,0.0,-5.212205180151938e-05,0.003695720555858772,0.0002766949329199465
20.315000000000243,0.0,0.0,0.0,-5.079979412982138e-05,0.003686587153424605,0.00029763374785040893
20.320000000000242,0.0,0.0,0.0,-4.937686429754569e-05,0.003676896172069771,0.0003173407834541998
20.32500000000024,0.0,0.0,0.0,-4.7869622029549436e-05,0.003667867321311501,0.0003381586861607019
20.33000000000024,0.0,0.0,0.0,-4.6391447067427224e-05,0.003658197332460084,0.0003578927807038931
20.33500000000024,0.0,0.0,0.0,-4.4868304111408525e-05,0.003648992104814363,0.0003775240567222854
20.340000000000238,0.0,0.0,0.0,-4.3464407660975875e-05,0.0036394765153759195,0.000396700565192625
20.345000000000237,0.0,0.0,0.0,-4.2265582093847545e-05,0.0036303486050100814,0.0004140856859191077
20.350000000000236,0.0,0.0,0.0,-4.101086126587932e-05,0.0036208686439772515,0.000433278534685021
20.355000000000235,0.0,0.0,0.0,-3.981647807344251e-05,0.0036117600496869172,0.0004505085464021892
20.360000000000234,0.0,0.0,0.0,-3.848771543431418e-05,0.0036022792163481854,0.0004705913284852103
20.365000000000233,0.0,0.0,0.0,-3.7105729334239816e-05,0.00359300420536465,0.0004887823335313325
20.370000000000232,0.0,0.0,0.0,-3.571503598125805e-05,0.003583711670355923,0.0005085976410093635
20.37500000000023,0.0,0.0,0.0,-3.433043373174416e-05,0.0035745010014188276,0.0005255406434169886
20.38000000000023,0.0,0.0,0.0,-3.301006192345586e-05,0.0035652401695311195,0.0005451657833148034
20.38500000000023,0.0,0.0,0.0,-3.1622475004225416e-05,0.0035560314453882114,0.0005620428618051977
20.390000000000228,0.0,0.0,0.0,-3.010953836929969e-05,0.0035468866747844323,0.0005822977071324043
20.395000000000227,0.0,0.0,0.0,-2.861209037674892e-05,0.0035375848781620954,0.0005986670891019442
20.400000000000226,0.0,0.0,0.0,-2.713321432969297e-05,0.003528429322255463,0.0006187837593271796
20.405000000000225,0.0,0.0,0.0,-2.567455996768211e-05,0.0035192212772344944,0.0006333162682031345
20.410000000000224,0.0,0.0,0.0,-2.431462955505632e-05,0.0035101058693770702,0.0006530193448832815
20.415000000000223,0.0,0.0,0.0,-2.2912450707846743e-05,0.0035008790301613506,0.0006675927584933652
20.420000000000222,0.0,0.0,0.0,-2.1507242097237805e-05,0.003491764024063293,0.0006874199849437566
20.42500000000022,0.0,0.0,0.0,-2.0059325964623202e-05,0.003482635800807447,0.0007031648129329392
20.43000000000022,0.0,0.0,0.0,-1.8562837074204822e-05,0.00347347663111869,0.0007228562999056594
20.43500000000022,0.0,0.0,0.0,-1.6999619178016867e-05,0.0034643385339358907,0.0007376910479314203
20.440000000000218,0.0,0.0,0.0,-1.543054630123151e-05,0.0034552660051993212,0.0007569077409896392
20.445000000000217,0.0,0.0,0.0,-1.384825198133564e-05,0.00344617064827733,0.0007721189459114741
20.450000000000216,0.0,0.0,0.0,-1.2298112418800942e-05,0.0034371258324061744,0.0007901176365756776
20.455000000000215,0.0,0.0,0.0,-1.0849931797492422e-05,0.0034281144117542027,0.0008048722673597197
20.460000000000214,0.0,0.0,0.0,-9.333013848774097e-06,0.003419179968368048,0.0008216969705015999
20.465000000000213,0.0,0.0,0.0,-7.952054760144408e-06,0.003410019260903434,0.0008375183659434333
20.470000000000212,0.0,0.0,0.0,-6.519299399486333e-06,0.00340094321136057,0.0008539955331645793
20.47500000000021,0.0,0.0,0.0,-5.1423355960561556e-06,0.0033917991800870243,0.0008693351237000773
20.48000000000021,0.0,0.0,0.0,-3.594615265496669e-06,0.003382636240060056,0.000886208255560575
20.48500000000021,0.0,0.0,0.0,-2.03507590404826e-06,0.0033735606669754743,0.0009011159319100007
20.490000000000208,0.0,0.0,0.0,-4.5578684901311883e-07,0.003364630983302076,0.0009172870437588076
20.495000000000207,0.0,0.0,0.0,1.1240468079135814e-06,0.003355669724287376,0.0009320674958552366
20.500000000000206,0.0,0.0,0.0,2.6686479906811415e-06,0.0033467624521431477,0.0009482676179642738
20.505000000000205,0.0,0.0,0.0,4.189656297243442e-06,0.0033376900340190605,0.000961992304116026
20.510000000000204,0.0,0.0,0.0,5.656286626382129e-06,0.0033289039345748327,0.0009782044647469938
20.515000000000203,0.0,0.0,0.0,7.10371255679764e-06,0.00331977037209008,0.0009919145829420425
20.520000000000202,0.0,0.0,0.0,8.589224992079362e-06,0.0033109692817144365,0.0010076977414920035
20.5250000000002,0.0,0.0,0.0,1.0073707030633586e-05,0.0033019148218395925,0.0010218914222281995
20.5300000000002,0.0,0.0,0.0,1.1715203234735426e-05,0.003293211666740694,0.001037698845586465
20.5350000000002,0.0,0.0,0.0,1.3348867712439414e-05,0.00328425976726682,0.0010527447209181177
20.540000000000198,0.0,0.0,0.0,1.4976588586869851e-05,0.0032754777629243597,0.0010680413856153505
20.545000000000197,0.0,0.0,0.0,1.659210054887483e-05,0.0032665018318942885,0.0010817550815354628
20.550000000000196,0.0,0.0,0.0,1.8194357316240377e-05,0.0032577330047081497,0.0010964738278873977
20.555000000000195,0.0,0.0,0.0,1.9740453076256608e-05,0.0032489666699321877,0.0011096111388122513
20.560000000000194,0.0,0.0,0.0,2.134198606386341e-05,0.0032401855294320503,0.0011246065454849736
20.565000000000193,0.0,0.0,0.0,2.2824255750791103e-05,0.003231367752602607,0.001137004647061161
20.570000000000192,0.0,0.0,0.0,2.4266020978768775e-05,0.003222537321382642,0.001151296905663367
20.57500000000019,0.0,0.0,0.0,2.578618884603366e-05,0.003213703213840389,0.0011641237833344294
20.58000000000019,0.0,0.0,0.0,2.7269615702446878e-05,0.003204885256931584,0.0011782238446915547
20.58500000000019,0.0,0.0,0.0,2.895856578028593e-05,0.003196177448010206,0.001191997992754091
20.590000000000188,0.0,0.0,0.0,3.0485792470580643e-05,0.0031872370664500476,0.0012061330620844655
20.595000000000187,0.0,0.0,0.0,3.215999986825364e-05,0.003178613398315783,0.0012190156566659629
20.600000000000186,0.0,0.0,0.0,3.3720518050524634e-05,0.003169790690033946,0.0012329629168843532
20.605000000000185,0.0,0.0,0.0,3.513672704460694e-05,0.0031611371035348123,0.001244886926480448
20.610000000000184,0.0,0.0,0.0,3.669865047422852e-05,0.003152471248978646,0.0012583031075421274
20.615000000000183,0.0,0.0,0.0,3.8229549965574976e-05,0.0031436798957935534,0.001270442823671305
20.620000000000182,0.0,0.0,0.0,3.994650507292448e-05,0.0031353951527136287,0.001284311278746415
20.62500000000018,0.0,0.0,0.0,4.163576068470887e-05,0.003126679252910084,0.001296227002468473
20.63000000000018,0.0,0.0,0.0,4.332281727735357e-05,0.0031182711983077285,0.00130987023611111
20.63500000000018,0.0,0.0,0.0,4.494686312600614e-05,0.003109461231796443,0.001322754290752439
20.640000000000178,0.0,0.0,0.0,4.654052656337356e-05,0.0031008137790687197,0.001335467824731407
20.645000000000177,0.0,0.0,0.0,4.7964903444614696e-05,0.00309205523313111,0.0013471331581891136
20.650000000000176,0.0,0.0,0.0,4.941639488158609e-05,0.0030835092206340175,0.0013583360023622496
20.655000000000175,0.0,0.0,0.0,5.089310845943429e-05,0.0030748728687278546,0.0013703364257727283
20.660000000000174,0.0,0.0,0.0,5.25816570845404e-05,0.003066326308639149,0.0013818572556355583
20.665000000000173,0.0,0.0,0.0,5.4260966178137156e-05,0.0030576540361677636,0.001395176080703163
20.670000000000172,0.0,0.0,0.0,5.5853557719503286e-05,0.003049215873426236,0.0014062188779998118
20.67500000000017,0.0,0.0,0.0,5.739016110268252e-05,0.0030406637306622276,0.0014183200580373057
20.68000000000017,0.0,0.0,0.0,5.870865829612824e-05,0.0030324063357927344,0.0014281563959334536
20.68500000000017,0.0,0.0,0.0,6.025007071737024e-05,0.0030238556559771122,0.0014403510716236305
20.69000000000017,0.0,0.0,0.0,6.18030984572697e-05,0.0030154788464924216,0.0014514118172327627
20.695000000000167,0.0,0.0,0.0,6.334361195712662e-05,0.003006838128573728,0.0014631642423574048
20.700000000000166,0.0,0.0,0.0,6.488467394333244e-05,0.0029984687841917886,0.0014742159556608311
20.705000000000165,0.0,0.0,0.0,6.641719147679455e-05,0.0029898833628720085,0.0014855360638996611
20.710000000000164,0.0,0.0,0.0,6.794517808666781e-05,0.002981445310747913,0.0014967072218759773
20.715000000000163,0.0,0.0,0.0,6.942289419741095e-05,0.0029729050409976,0.001507216396033617
20.720000000000162,0.0,0.0,0.0,7.101015133098126e-05,0.002964745423992876,0.0015182919397690611
20.72500000000016,0.0,0.0,0.0,7.25997724236568e-05,0.0029562282505723163,0.0015293259557195135
20.73000000000016,0.0,0.0,0.0,7.421472122032964e-05,0.002948200201670092,0.001539772483504753
20.73500000000016,0.0,0.0,0.0,7.58087563961559e-05,0.0029398197872226206,0.0015508304927189206
20.74000000000016,0.0,0.0,0.0,7.73060557414682e-05,0.0029316747666822953,0.001559835766184454
20.745000000000157,0.0,0.0,0.0,7.879275196864965e-05,0.0029232678558657414,0.0015707486848464808
20.750000000000156,0.0,0.0,0.0,8.026322090800145e-05,0.002915095228788487,0.0015802241849762085
20.755000000000155,0.0,0.0,0.0,8.170556899180116e-05,0.002906637733865676,0.0015908249792787842
20.760000000000154,0.0,0.0,0.0,8.317085030534708e-05,0.0028983073919242146,0.0016008769273643758
20.765000000000153,0.0,0.0,0.0,8.461999700190634e-05,0.0028900377834298534,0.0016104622803705384
20.770000000000152,0.0,0.0,0.0,8.616042456473005e-05,0.0028818550358683075,0.001620330350967062
20.77500000000015,0.0,0.0,0.0,8.77295348064239e-05,0.0028736279727938846,0.0016307557655579226
20.78000000000015,0.0,0.0,0.0,8.92059122418898e-05,0.0028654686036222866,0.0016395874222459768
20.78500000000015,0.0,0.0,0.0,9.084063694662907e-05,0.0028572263988678502,0.0016502865901651465
20.79000000000015,0.0,0.0,0.0,9.224807183627001e-05,0.002849134201136614,0.0016586621975431533
20.795000000000147,0.0,0.0,0.0,9.369457216159496e-05,0.0028408433084480497,0.0016689926509776336
20.800000000000146,0.0,0.0,0.0,9.519063807010267e-05,0.002832911767219137,0.0016761677030033902
20.805000000000145,0.0,0.0,0.0,9.681268871307962e-05,0.0028247455631894717,0.001687635079734407
20.810000000000144,0.0,0.0,0.0,9.834880422579737e-05,0.002816887192892125,0.0016954746760621203
20.815000000000143,0.0,0.0,0.0,9.98105039995862e-05,0.0028087349146615104,0.0017057463587920253
20.820000000000142,0.0,0.0,0.0,0.00010121637420210656,0.002800561125244598,0.0017141133174325956
20.82500000000014,0.0,0.0,0.0,0.00010260652627469841,0.0027924256888499878,0.0017229705589415728
20.83000000000014,0.0,0.0,0.0,0.00010403057505350879,0.0027843701275431076,0.001731169392395529
20.83500000000014,0.0,0.0,0.0,0.00010547058354806977,0.002776251544143285,0.00173962655270942
20.84000000000014,0.0,0.0,0.0,0.00010697283366945567,0.002768496435055797,0.0017483419066239546
20.845000000000137,0.0,0.0,0.0,0.00010846700040492593,0.002760242463513388,0.001756880542160338
20.850000000000136,0.0,0.0,0.0,0.00011008050573931172,0.002752534048686213,0.0017656360459851743
20.855000000000135,0.0,0.0,0.0,0.00011159062293827656,0.002744343527842771,0.001774326074991153
20.860000000000134,0.0,0.0,0.0,0.00011303341374148609,0.00273639316137762,0.0017821976676701153
20.865000000000133,0.0,0.0,0.0,0.00011439975961840793,0.002728479484564774,0.001790054939429223
20.870000000000132,0.0,0.0,0.0,0.00011579529327345485,0.0027205700583523597,0.0017974017719170072
20.87500000000013,0.0,0.0,0.0,0.00011733350915151173,0.0027126930847163042,0.001806871006900844
20.88000000000013,0.0,0.0,0.0,0.00011873030904835666,0.002704703217785251,0.0018135494049603975
20.88500000000013,0.0,0.0,0.0,0.00012025763707442362,0.0026969979422311885,0.0018226183514033602
20.89000000000013,0.0,0.0,0.0,0.00012172293774522572,0.002688972619524342,0.0018295744503257717
20.895000000000127,0.0,0.0,0.0,0.0001230491377156128,0.0026812324898664516,0.0018374893096571433
20.900000000000126,0.0,0.0,0.0,0.00012429828711986343,0.0026733227641809808,0.0018434183418881357
20.905000000000125,0.0,0.0,0.0,0.00012553902951922775,0.0026657589272369225,0.0018513766870999731
20.910000000000124,0.0,0.0,0.0,0.00012691200879068703,0.002657888267013417,0.0018582269583657057
20.915000000000123,0.0,0.0,0.0,0.0001284934801408606,0.0026502652442471765,0.0018676982421189812
20.920000000000122,0.0,0.0,0.0,0.0001300421899060951,0.0026423292841508002,0.0018747531409111869
20.92500000000012,0.0,0.0,0.0,0.00013170641366914312,0.002634660738485358,0.0018839264340381814
20.93000000000012,0.0,0.0,0.0,0.00013323162986763118,0.0026266647210043824,0.00188999826390372
20.93500000000012,0.0,0.0,0.0,0.0001346147169680058,0.0026189447646312934,0.0018974328780160877
20.94000000000012,0.0,0.0,0.0,0.00013576452859447233,0.0026111222038839384,0.0019018543866680302
20.945000000000118,0.0,0.0,0.0,0.00013696129158320615,0.002603693985826779,0.0019088532998638133
20.950000000000117,0.0,0.0,0.0,0.0001380512503117824,0.002595989476530902,0.0019132662705673789
20.955000000000116,0.0,0.0,0.0,0.0001393405219347759,0.0025887028287555694,0.001921462188526093
20.960000000000115,0.0,0.0,0.0,0.0001407084816720613,0.0025811385641918527,0.0019274725557360604
20.965000000000114,0.0,0.0,0.0,0.00014227221603178505,0.00257361771823594,0.001936633724464113
20.970000000000113,0.0,0.0,0.0,0.0001438166716602087,0.002565895079108989,0.0019429478766678008
20.97500000000011,0.0,0.0,0.0,0.00014535858716447402,0.0025583657367731676,0.0019512477700963163
20.98000000000011,0.0,0.0,0.0,0.0001468070037481956,0.002550538519063816,0.0019566146333537112
20.98500000000011,0.0,0.0,0.0,0.0001481908640038555,0.0025428997960971213,0.0019640062066188344
20.99000000000011,0.0,0.0,0.0,0.0001493738072546912,0.002535195553006472,0.001968283356454144
20.995000000000108,0.0,0.0,0.0,0.00015051081449571872,0.002527800831813576,0.001974481471094406
21.000000000000107,0.0,0.0,0.0,0.0001516634551568027,0.0025202404462656455,0.001978348509194725
21.005000000000106,0.0,0.0,0.0,0.00015291685051809515,0.002513067672094011,0.0019854527876791523
21.010000000000105,0.0,0.0,0.0,0.00015428767483080744,0.002505528720235431,0.0019907208731695953
21.015000000000104,0.0,0.0,0.0,0.00015580219996017588,0.0024983443005776452,0.001999077921131743
21.020000000000103,0.0,0.0,0.0,0.0001573810712996255,0.0024906277552485465,0.0020046357219069438
21.0250000000001,0.0,0.0,0.0,0.00015883743326824048,0.0024833840318568474,0.002012004681424104
21.0300000000001,0.0,0.0,0.0,0.00016013116269754396,0.002475758821207791,0.002015719955294192
21.0350000000001,0.0,0.0,0.0,0.0001612797861621393,0.002468467374365215,0.0020209654139667775
21.0400000000001,0.0,0.0,0.0,0.0001624767799694149,0.0024610117087746426,0.0020241809001712223
21.045000000000098,0.0,0.0,0.0,0.00016351309225708856,0.002453944229935535,0.002030066887827443
21.050000000000097,0.0,0.0,0.0,0.00016477612460269803,0.0024464688403542456,0.002034661415302199
21.055000000000096,0.0,0.0,0.0,0.00016625064217631853,0.0024390309623105173,0.002043226978903933
21.060000000000095,0.0,0.0,0.0,0.00016756735853455787,0.002431637747127049,0.0020471520589093045
21.065000000000094,0.0,0.0,0.0,0.0001688852735870015,0.0024245638878556733,0.0020531756367453157
21.070000000000093,0.0,0.0,0.0,0.00017013890462797305,0.0024173659314521943,0.0020569951362580776
21.07500000000009,0.0,0.0,0.0,0.00017142415511780328,0.0024103083760149513,0.0020634795896513846
21.08000000000009,0.0,0.0,0.0,0.0001726322907357942,0.0024027060698675376,0.0020664279449186833
21.08500000000009,0.0,0.0,0.0,0.00017383616322739497,0.0023955957772104045,0.0020734960172662663
21.09000000000009,0.0,0.0,0.0,0.0001749281696029316,0.0023880065900292666,0.0020763933257689922
21.095000000000088,0.0,0.0,0.0,0.00017612044839806942,0.002381086007681822,0.002081813111723476
21.100000000000087,0.0,0.0,0.0,0.0001772612709610104,0.002373805551264619,0.0020851728904702532
21.105000000000086,0.0,0.0,0.0,0.00017855127226557623,0.002366965794353047,0.0020906327730841473
21.110000000000085,0.0,0.0,0.0,0.0001799244558318029,0.0023596998677716287,0.002096052141384625
21.115000000000084,0.0,0.0,0.0,0.00018123254705323737,0.00235286810824411,0.00210105995305148
21.120000000000083,0.0,0.0,0.0,0.00018255523774594976,0.0023456368460496083,0.0021063297998455853
21.12500000000008,0.0,0.0,0.0,0.00018378446628508914,0.0023386696797152405,0.0021103155637872306
21.13000000000008,0.0,0.0,0.0,0.00018488210473975228,0.0023315689573476972,0.002114352682198932
21.13500000000008,0.0,0.0,0.0,0.0001860736217696322,0.002324570202139618,0.0021181798969444
21.14000000000008,0.0,0.0,0.0,0.00018729225041735036,0.002317401482068552,0.002122966617691958
21.145000000000078,0.0,0.0,0.0,0.00018839098035027847,0.002310572472986708,0.0021252493465536404
21.150000000000077,0.0,0.0,0.0,0.00018963230471084604,0.0023035166391017717,0.0021303820480943095
21.155000000000076,0.0,0.0,0.0,0.00019093761562382486,0.0022966194778297447,0.0021346224302016413
21.160000000000075,0.0,0.0,0.0,0.00019218755154983938,0.0022896214398154895,0.0021393114577490106
21.165000000000074,0.0,0.0,0.0,0.00019331490669679315,0.0022827033917100547,0.0021428280861397375
21.170000000000073,0.0,0.0,0.0,0.0001943964082432308,0.002275648483611413,0.002146594401767044
21.17500000000007,0.0,0.0,0.0,0.0001956063950683623,0.002268882473998258,0.0021507220570992592
21.18000000000007,0.0,0.0,0.0,0.00019678596230896292,0.0022616231432513846,0.0021546263569639087
21.18500000000007,0.0,0.0,0.0,0.00019798946739971917,0.002254972733721608,0.002157751802411188
21.19000000000007,0.0,0.0,0.0,0.00019906849785831604,0.0022480029883056255,0.002160925218823887
21.195000000000068,0.0,0.0,0.0,0.00020015249147913822,0.0022413925082584015,0.002163360152877063
21.200000000000067,0.0,0.0,0.0,0.00020127842631509493,0.002234399205926967,0.002167626480109808
21.205000000000066,0.0,0.0,0.0,0.00020241097040363566,0.002227710542843058,0.0021706476263035155
21.210000000000065,0.0,0.0,0.0,0.0002034850821765308,0.002220689479530429,0.0021748954402170647
21.215000000000064,0.0,0.0,0.0,0.00020464802606110684,0.002214225436173458,0.0021762700217030605
21.220000000000063,0.0,0.0,0.0,0.00020592795909046735,0.0022072667526211375,0.0021818754446593027
21.225000000000062,0.0,0.0,0.0,0.00020713940128653076,0.0022007889824928184,0.0021839153315307267
21.23000000000006,0.0,0.0,0.0,0.00020824285602637292,0.002193911238666073,0.002188174961920544
21.23500000000006,0.0,0.0,0.0,0.00020924761641472587,0.0021871951810737787,0.002190344011387444
21.24000000000006,0.0,0.0,0.0,0.000210337558859713,0.0021803220800489325,0.0021941037459791346
21.245000000000058,0.0,0.0,0.0,0.00021148722551236237,0.0021735263668226233,0.0021970316114487357
21.250000000000057,0.0,0.0,0.0,0.00021266754090204311,0.0021667859867743897,0.0022004943843471052
21.255000000000056,0.0,0.0,0.0,0.00021347761274626,0.0021601177936054435,0.0022023733586248716
21.260000000000055,0.0,0.0,0.0,0.00021451682305414244,0.0021534632714702968,0.0022058305381227306
21.265000000000054,0.0,0.0,0.0,0.00021559470960123926,0.0021468266400115686,0.0022078618675562996
21.270000000000053,0.0,0.0,0.0,0.0002166610366280774,0.002140365283826256,0.0022116183738370176
21.275000000000052,0.0,0.0,0.0,0.00021767622027907298,0.0021336353456897824,0.0022132712320679193
21.28000000000005,0.0,0.0,0.0,0.0002187288395942618,0.0021271295641596788,0.0022169587644098676
21.28500000000005,0.0,0.0,0.0,0.0002196765181888668,0.0021204951821192637,0.0022186480651479675
21.29000000000005,0.0,0.0,0.0,0.00022080143157557266,0.0021141364274678983,0.0022226215320804306
21.295000000000048,0.0,0.0,0.0,0.0002219623965265684,0.002107454391293542,0.0022244349608934607
21.300000000000047,0.0,0.0,0.0,0.0002230542975275651,0.002101169784644281,0.0022278593648477475
21.305000000000046,0.0,0.0,0.0,0.00022391569321468524,0.0020947484617347754,0.002227888321467826
21.310000000000045,0.0,0.0,0.0,0.0002249055134728453,0.0020882957041590154,0.002231454386859226
21.315000000000044,0.0,0.0,0.0,0.00022591092081208043,0.002081600347485307,0.0022333300384630894
21.320000000000043,0.0,0.0,0.0,0.00022695065642064583,0.0020750442663531963,0.002236815073543558
21.325000000000042,0.0,0.0,0.0,0.0002277048423116573,0.0020684497396685152,0.0022358183231824947
21.33000000000004,0.0,0.0,0.0,0.00022878057915631,0.002062410394977054,0.002239633701036511
21.33500000000004,0.0,0.0,0.0,0.00022991065598982098,0.0020558899805109758,0.0022410364578712063
21.34000000000004,0.0,0.0,0.0,0.00023104540158831296,0.0020497733137089303,0.0022448448934046183
21.345000000000038,0.0,0.0,0.0,0.000232068719557005,0.0020430166308171667,0.0022471077853659076
21.350000000000037,0.0,0.0,0.0,0.00023306189203200638,0.002036746552671035,0.002249433065962956
21.355000000000036,0.0,0.0,0.0,0.00023384327351775526,0.0020301505658047,0.0022499549029401807
21.360000000000035,0.0,0.0,0.0,0.00023461965802690828,0.0020241306483392073,0.0022507471541543434
21.365000000000034,0.0,0.0,0.0,0.00023541909794156336,0.0020175640844935475,0.002252613390428545
21.370000000000033,0.0,0.0,0.0,0.00023623614335047536,0.002011536734120545,0.002253505990007701
21.375000000000032,0.0,0.0,0.0,0.00023715702340544446,0.002005169525929926,0.0022561570957802886
21.38000000000003,0.0,0.0,0.0,0.00023822243913097495,0.0019990506107698293,0.002258154930155352
21.38500000000003,0.0,0.0,0.0,0.0002392624370002505,0.0019926225089856864,0.002261103414051877
21.39000000000003,0.0,0.0,0.0,0.00024031547211826802,0.001986643173209381,0.0022618641963064517
21.395000000000028,0.0,0.0,0.0,0.0002413439378508523,0.001980241639961062,0.0022649027475825177
21.400000000000027,0.0,0.0,0.0,0.00024230573628764176,0.001974276945446931,0.00226495960455052
21.405000000000026,0.0,0.0,0.0,0.0002430669017726073,0.001968102090820939,0.00226635802342005
21.410000000000025,0.0,0.0,0.0,0.00024395864452153929,0.0019619705298407684,0.002267071287093796
21.415000000000024,0.0,0.0,0.0,0.0002448448664961067,0.001955846428543289,0.002269492683290734
21.420000000000023,0.0,0.0,0.0,0.00024570100337481293,0.0019496595418244987,0.0022692822136355425
21.425000000000022,0.0,0.0,0.0,0.0002466266475389847,0.0019436566502573846,0.002272017758937954
21.43000000000002,0.0,0.0,0.0,0.00024747897294273867,0.001937527781131405,0.0022716089234833823
21.43500000000002,0.0,0.0,0.0,0.0002484088927802952,0.0019315656430884396,0.0022750468864021433
21.44000000000002,0.0,0.0,0.0,0.0002491566840240721,0.0019252540891973946,0.0022735006913490495
21.445000000000018,0.0,0.0,0.0,0.0002499447323737406,0.001919348584879634,0.0022763099628840253
21.450000000000017,0.0,0.0,0.0,0.00025070164522234537,0.0019130180971529407,0.0022751715257885016
21.455000000000016,0.0,0.0,0.0,0.0002515223377656999,0.0019070126574248962,0.0022772832800252852
21.460000000000015,0.0,0.0,0.0,0.0002524697658868717,0.00190094859830057,0.0022776068022547784
21.465000000000014,0.0,0.0,0.0,0.0002533423745131481,0.0018950189280195278,0.002280122113263342
21.470000000000013,0.0,0.0,0.0,0.00025420099107915174,0.0018888554052621665,0.0022788293443407907
21.475000000000012,0.0,0.0,0.0,0.00025506966288462314,0.0018830012324874703,0.0022823403112104818
21.48000000000001,0.0,0.0,0.0,0.0002558407131400703,0.0018768890819012064,0.0022817306986497904
21.48500000000001,0.0,0.0,0.0,0.00025663527251570267,0.0018710030875270856,0.002283659799515358
21.49000000000001,0.0,0.0,0.0,0.00025749439047867455,0.0018651063840378354,0.002282962102682373
21.495000000000008,0.0,0.0,0.0,0.0002583487726005488,0.00185934155238548,0.0022848248616682246
21.500000000000007,0.0,0.0,0.0,0.0002591084241590887,0.0018534436519012116,0.002284056692116916
21.505000000000006,0.0,0.0,0.0,0.0002597739190886279,0.0018477331192889273,0.0022859014986471
21.510000000000005,0.0,0.0,0.0,0.00026048455718745596,0.001841758536978594,0.002284704459403746
21.515000000000004,0.0,0.0,0.0,0.0002612101735182633,0.0018360564544353806,0.0022866672286298473
21.520000000000003,0.0,0.0,0.0,0.0002619927798137521,0.001830225933830688,0.00228624428530127
21.525000000000002,0.0,0.0,0.0,0.0002627730681984712,0.0018246207111970397,0.0022884181045916673
21.53,0.0,0.0,0.0,0.00026360813718645076,0.0018186327151230902,0.0022878684488045987
21.535,0.0,0.0,0.0,0.0002644819767183399,0.0018131693881412788,0.0022899507165433934
21.54,0.0,0.0,0.0,0.00026532634439510675,0.0018072053645087625,0.0022893605939943427
21.544999999999998,0.0,0.0,0.0,0.0002661583891214953,0.0018017861321320936,0.002290520177073219
21.549999999999997,0.0,0.0,0.0,0.0002667907338475198,0.0017960501031792744,0.0022894711443653716
21.554999999999996,0.0,0.0,0.0,0.00026748511635348504,0.001790383081449509,0.00228995496320605
21.559999999999995,0.0,0.0,0.0,0.0002681637371336261,0.001784643834356248,0.002289471199638847
21.564999999999994,0.0,0.0,0.0,0.0002689064790436381,0.001778960457321815,0.0022897246691634117
21.569999999999993,0.0,0.0,0.0,0.00026970662796427437,0.001773264996654411,0.0022893534685910085
21.574999999999992,0.0,0.0,0.0,0.0002703012816700793,0.001767842632143104,0.0022903396881322137
21.57999999999999,0.0,0.0,0.0,0.00027092264984871905,0.0017620589415616437,0.002289271226996912
21.58499999999999,0.0,0.0,0.0,0.00027152995865318094,0.0017565784941773132,0.0022895463858212117
21.58999999999999,0.0,0.0,0.0,0.0002721750523392676,0.001750773411913106,0.0022894305763720905
21.594999999999988,0.0,0.0,0.0,0.000273041506120346,0.0017451620818924596,0.0022901336930277925
21.599999999999987,0.0,0.0,0.0,0.0002737636609108188,0.0017395259159323998,0.0022899090534609853
21.604999999999986,0.0,0.0,0.0,0.00027442774234718545,0.0017342139939342895,0.0022893693147405204
21.609999999999985,0.0,0.0,0.0,0.0002749775231830909,0.0017281455579715667,0.002289741998244625
21.614999999999984,0.0,0.0,0.0,0.00027572338576740724,0.0017225257519421465,0.0022897491953270963
21.619999999999983,0.0,0.0,0.0,0.00027648531963743754,0.0017168326008988684,0.0022890737133716647
21.624999999999982,0.0,0.0,0.0,0.0002771110047734428,0.0017115031084372994,0.002288117005771643
21.62999999999998,0.0,0.0,0.0,0.0002776478904781918,0.0017061078882181688,0.00228669252494086
21.63499999999998,0.0,0.0,0.0,0.000278377580139448,0.001700968089686136,0.002287043192066819
21.63999999999998,0.0,0.0,0.0,0.0002791340856650514,0.0016954711465342657,0.002286999193955517
21.64499999999998,0.0,0.0,0.0,0.0002798835799774824,0.0016903225697200198,0.002287747776191675
21.649999999999977,0.0,0.0,0.0,0.00028065577516379615,0.001684744786037133,0.00228730159642355
21.654999999999976,0.0,0.0,0.0,0.0002813086675940307,0.0016794349691716453,0.0022872999123697947
21.659999999999975,0.0,0.0,0.0,0.0002818188407709675,0.0016739692822936765,0.002284812487475951
21.664999999999974,0.0,0.0,0.0,0.00028238034000867745,0.0016687291854932324,0.0022848422723172252
21.669999999999973,0.0,0.0,0.0,0.0002828667958843818,0.0016630812014456345,0.0022831603484981255
21.674999999999972,0.0,0.0,0.0,0.00028340222778125516,0.0016578801876671848,0.002283316064725869
21.67999999999997,0.0,0.0,0.0,0.0002839893035936136,0.0016522795373644114,0.002281755232299779
21.68499999999997,0.0,0.0,0.0,0.00028488012404604047,0.0016470848255663755,0.0022832113359374
21.68999999999997,0.0,0.0,0.0,0.000285520821686368,0.0016417384327082384,0.0022814539268665845
21.69499999999997,0.0,0.0,0.0,0.0002861192307416237,0.0016366999048259376,0.002282488793810722
21.699999999999967,0.0,0.0,0.0,0.00028670607103184573,0.0016313677532324303,0.0022807755085696465
21.704999999999966,0.0,0.0,0.0,0.00028733317723357024,0.0016263487210621025,0.002281566607506516
21.709999999999965,0.0,0.0,0.0,0.00028786873179222343,0.0016210619619439442,0.0022788683416115106
21.714999999999964,0.0,0.0,0.0,0.00028838043556591214,0.0016158837833342866,0.0022790152788917197
21.719999999999963,0.0,0.0,0.0,0.00028883988984362835,0.0016104835844444924,0.002276916702949853
21.724999999999962,0.0,0.0,0.0,0.00028932568623852515,0.0016053212323473513,0.002276772966224461
21.72999999999996,0.0,0.0,0.0,0.0002898759673151381,0.0016000093822103076,0.002274588846285071
21.73499999999996,0.0,0.0,0.0,0.0002905819371901799,0.0015949725707274636,0.002274875040139046
21.73999999999996,0.0,0.0,0.0,0.00029120743906167334,0.0015898477099352687,0.002272854095123327
21.74499999999996,0.0,0.0,0.0,0.0002918149494207028,0.0015848819363830284,0.002273741170520688
21.749999999999957,0.0,0.0,0.0,0.00029241982670681713,0.0015797651300859094,0.0022718753149586373
21.754999999999956,0.0,0.0,0.0,0.000293041860607107,0.0015748928933253846,0.002271781844600498
21.759999999999955,0.0,0.0,0.0,0.00029360934792036067,0.0015699398066490423,0.002269794117982144
21.764999999999954,0.0,0.0,0.0,0.00029421205432369465,0.0015649906713824325,0.002270076003660652
21.769999999999953,0.0,0.0,0.0,0.000294670995159989,0.0015597821739296708,0.002267978043417656
21.774999999999952,0.0,0.0,0.0,0.0002950657321800645,0.0015547565327416607,0.0022673443671720863
21.77999999999995,0.0,0.0,0.0,0.00029550184836161126,0.0015495600700120835,0.0022649300714259355
21.78499999999995,0.0,0.0,0.0,0.00029592126979044995,0.0015446192365759378,0.0022638361997113906
21.78999999999995,0.0,0.0,0.0,0.000296400431633331,0.0015394612813953096,0.0022620420074319554
21.79499999999995,0.0,0.0,0.0,0.0002968816908437082,0.0015346710904891034,0.0022613521824460625
21.799999999999947,0.0,0.0,0.0,0.00029750430350582597,0.001529571632320556,0.002260306475960004
21.804999999999946,0.0,0.0,0.0,0.00029803975959546405,0.001524887480325049,0.00225970014418491
21.809999999999945,0.0,0.0,0.0,0.000298517905068937,0.0015199207003545009,0.002257708397218576
21.814999999999944,0.0,0.0,0.0,0.00029901485331279196,0.0015151191718920252,0.002257809497489118
21.819999999999943,0.0,0.0,0.0,0.0002994677708361159,0.0015098855282535252,0.002255367343635489
21.824999999999942,0.0,0.0,0.0,0.0002998109152113672,0.0015051344497261847,0.0022542966668428364
21.82999999999994,0.0,0.0,0.0,0.00030017490447668046,0.0014999563290203047,0.002252010701433264
21.83499999999994,0.0,0.0,0.0,0.00030056921017278926,0.0014953316123518232,0.0022498268909081163
21.83999999999994,0.0,0.0,0.0,0.0003010732877572192,0.001490358084353122,0.0022489715839814515
21.84499999999994,0.0,0.0,0.0,0.0003016171127119883,0.001485631670820686,0.0022479470293246336
21.849999999999937,0.0,0.0,0.0,0.00030182448921005703,0.0014805946312026555,0.002246512353874926
21.854999999999936,0.0,0.0,0.0,0.00030209337143161774,0.0014760540881074155,0.0022435922453284637
21.859999999999935,0.0,0.0,0.0,0.0003023885687322235,0.0014710119721616601,0.002242126503654778
21.864999999999934,0.0,0.0,0.0,0.00030287405754441516,0.0014664235104257968,0.002240499928405243
21.869999999999933,0.0,0.0,0.0,0.00030352458256125174,0.0014612693298151627,0.0022405191123731276
21.874999999999932,0.0,0.0,0.0,0.00030412686506146115,0.001456641901359179,0.0022395010086157232
21.87999999999993,0.0,0.0,0.0,0.000304575216059452,0.001451596213632994,0.0022384382161417006
21.88499999999993,0.0,0.0,0.0,0.0003049279921634682,0.0014470553549554824,0.002236690661185694
21.88999999999993,0.0,0.0,0.0,0.0003052362394384672,0.001442234940123895,0.0022336094968715566
21.89499999999993,0.0,0.0,0.0,0.0003056897028502419,0.0014380439369313135,0.002231875812823182
21.899999999999928,0.0,0.0,0.0,0.00030605591393394524,0.0014334585340389058,0.002228875801840854
21.904999999999927,0.0,0.0,0.0,0.00030647826021945243,0.0014293009472023976,0.002227423626965045
21.909999999999926,0.0,0.0,0.0,0.00030685331132827154,0.0014246971795092594,0.0022250368393699396
21.914999999999925,0.0,0.0,0.0,0.0003073188176945233,0.0014203035739571495,0.002225164022368893
21.919999999999924,0.0,0.0,0.0,0.00030765407560662955,0.001415045073186245,0.002223462123886384
21.924999999999923,0.0,0.0,0.0,0.0003081239318091505,0.0014103173447959408,0.0022228838992593286
21.92999999999992,0.0,0.0,0.0,0.00030844304486976186,0.0014055855316544197,0.0022199239400426795
21.93499999999992,0.0,0.0,0.0,0.0003087694242093016,0.001400943318135127,0.0022183641013492883
21.93999999999992,0.0,0.0,0.0,0.000309133038932507,0.0013963265726552475,0.0022163184603632103
21.94499999999992,0.0,0.0,0.0,0.0003094594915390656,0.001391753789084744,0.0022142937924396824
21.949999999999918,0.0,0.0,0.0,0.0003098481922912408,0.0013871489527230805,0.0022127715980391188
21.954999999999917,0.0,0.0,0.0,0.0003100369748686301,0.0013825911963886563,0.0022099212728182555
21.959999999999916,0.0,0.0,0.0,0.00031031546159892046,0.0013780452998910584,0.0022076867842830018
21.964999999999915,0.0,0.0,0.0,0.0003105678522380899,0.0013735883844241653,0.0022054832114162914
21.969999999999914,0.0,0.0,0.0,0.000310900380597217,0.0013690698576074656,0.002203792329394256
21.974999999999913,0.0,0.0,0.0,0.00031127766781167087,0.0013645959016725963,0.002202276873034942
21.97999999999991,0.0,0.0,0.0,0.0003116147117624121,0.0013601716702960527,0.002199810300955264
21.98499999999991,0.0,0.0,0.0,0.0003119966538745396,0.0013558459979489024,0.002198022049549951
21.98999999999991,0.0,0.0,0.0,0.00031224695353166624,0.0013512496851443279,0.0021953282004020876
21.99499999999991,0.0,0.0,0.0,0.0003126019121485603,0.0013471024034250195,0.0021941221826717074
21.999999999999908,0.0,0.0,0.0,0.00031281519841140545,0.0013423696013601873,0.002191825282672643
22.004999999999907,0.0,0.0,0.0,0.0003131476551456505,0.0013381572673964422,0.0021900641665941124
22.009999999999906,0.0,0.0,0.0,0.00031357640280110083,0.0013335831151279822,0.002188499616766315
22.014999999999905,0.0,0.0,0.0,0.0003138243506031991,0.001329377881976916,0.002185554156179621
22.019999999999904,0.0,0.0,0.0,0.00031405643889112657,0.0013249526826449715,0.0021834517569105367
22.024999999999903,0.0,0.0,0.0,0.0003143568534149713,0.0013208339524552865,0.0021806810556413395
22.0299999999999,0.0,0.0,0.0,0.000314652674365184,0.0013162462029708143,0.0021798689842903196
22.0349999999999,0.0,0.0,0.0,0.0003150254549874669,0.001311835481051537,0.0021778041511249127
22.0399999999999,0.0,0.0,0.0,0.00031522605956430406,0.0013072144021393517,0.0021757592356012522
22.0449999999999,0.0,0.0,0.0,0.00031534170767175324,0.0013030639333967368,0.002171835325880578
22.049999999999898,0.0,0.0,0.0,0.00031546831460483823,0.0012986027815214453,0.002168996095180737
22.054999999999897,0.0,0.0,0.0,0.00031560290883630564,0.001294704456473172,0.0021655897549574146
22.059999999999896,0.0,0.0,0.0,0.0003157385991719994,0.0012905062927525998,0.0021628402942583174
22.064999999999895,0.0,0.0,0.0,0.0003160922138034175,0.0012866986377380958,0.0021613060162310525
22.069999999999894,0.0,0.0,0.0,0.00031655760559199417,0.001282268692880864,0.002160480962792725
22.074999999999893,0.0,0.0,0.0,0.00031697138429062334,0.001278434438321026,0.002159481571907553
22.07999999999989,0.0,0.0,0.0,0.0003173022843172299,0.0012741577611473961,0.002156698186068202
22.08499999999989,0.0,0.0,0.0,0.0003175085061299164,0.001269982408496096,0.002154402426036114
22.08999999999989,0.0,0.0,0.0,0.00031767884771554447,0.0012656574017598033,0.002151621406128765
22.09499999999989,0.0,0.0,0.0,0.00031788656192031147,0.0012614633448380934,0.0021492371347781344
22.099999999999888,0.0,0.0,0.0,0.00031816395098791043,0.0012571183968898504,0.002146654346514986
22.104999999999887,0.0,0.0,0.0,0.00031841352689002757,0.001253054974738922,0.00214460724244918
22.109999999999886,0.0,0.0,0.0,0.0003186116184342346,0.0012486543905067579,0.002140871753762449
22.114999999999885,0.0,0.0,0.0,0.0003186868948894077,0.0012448953538383156,0.0021382515328850792
22.119999999999884,0.0,0.0,0.0,0.0003188573693713264,0.0012404170483373792,0.002136153020846405
22.124999999999883,0.0,0.0,0.0,0.0003192619924505901,0.0012362724268282083,0.0021349001014519114
22.12999999999988,0.0,0.0,0.0,0.0003193684247470325,0.0012320044576248695,0.002132221323457085
22.13499999999988,0.0,0.0,0.0,0.00031952706774227317,0.0012281227344050577,0.002128943020096072
22.13999999999988,0.0,0.0,0.0,0.0003197191871262802,0.0012237452729320442,0.0021278041251168926
22.14499999999988,0.0,0.0,0.0,0.00031997721173530636,0.0012196704999262364,0.0021250335860994217
22.149999999999878,0.0,0.0,0.0,0.00032012478218232284,0.0012153810189001065,0.0021227764452135265
22.154999999999877,0.0,0.0,0.0,0.0003201306650847029,0.0012116223597896294,0.0021185438823919825
22.159999999999876,0.0,0.0,0.0,0.00032010262836803047,0.0012077098382045036,0.0021151023874056082
22.164999999999875,0.0,0.0,0.0,0.00032032977107049207,0.0012039954895384354,0.0021120512342800856
22.169999999999874,0.0,0.0,0.0,0.00032058054836519564,0.0012001484075438338,0.002109355589806179
22.174999999999873,0.0,0.0,0.0,0.000320769076792645,0.0011963041875110321,0.002107122802132271
22.179999999999872,0.0,0.0,0.0,0.0003209537132924096,0.0011922860333647791,0.002105131601650094
22.18499999999987,0.0,0.0,0.0,0.0003211942229687559,0.0011884268724058264,0.002103534951674317
22.18999999999987,0.0,0.0,0.0,0.00032141159839454064,0.0011843668720751695,0.0021005363715046136
22.19499999999987,0.0,0.0,0.0,0.00032164865247908287,0.0011806606476685397,0.0020987363132017596
22.199999999999868,0.0,0.0,0.0,0.0003218230874822661,0.0011766944070011002,0.002095289188125551
22.204999999999867,0.0,0.0,0.0,0.00032199126240835073,0.0011729201198574343,0.0020933169060166623
22.209999999999866,0.0,0.0,0.0,0.000322036343979463,0.001168888562822899,0.002089267206328685
22.214999999999865,0.0,0.0,0.0,0.00032214845567909794,0.0011651397213191326,0.0020873604049411205
22.219999999999864,0.0,0.0,0.0,0.0003221617478689333,0.0011609968065824554,0.0020832508979043837
22.224999999999863,0.0,0.0,0.0,0.00032225038869788903,0.0011573025704853873,0.0020816158223057038
22.229999999999862,0.0,0.0,0.0,0.00032228158027030923,0.0011531497809331652,0.002077741173192301
22.23499999999986,0.0,0.0,0.0,0.00032243343640179654,0.0011493356342604883,0.0020765033987323427
22.23999999999986,0.0,0.0,0.0,0.0003224442020459865,0.001145520320896017,0.0020718296435860307
22.24499999999986,0.0,0.0,0.0,0.00032261779187540285,0.0011419113339842391,0.0020715588424890232
22.249999999999858,0.0,0.0,0.0,0.0003228101319646088,0.001137867865090348,0.0020682930672371344
22.254999999999857,0.0,0.0,0.0,0.00032299520647013376,0.001134427255520971,0.002066926265932253
22.259999999999856,0.0,0.0,0.0,0.0003232158885290999,0.0011305073154902773,0.00206367095334408
22.264999999999855,0.0,0.0,0.0,0.0003233142923629886,0.0011270240182666884,0.0020609807316481405
22.269999999999854,0.0,0.0,0.0,0.0003232937293886866,0.001123117999305869,0.0020570136423678086
22.274999999999853,0.0,0.0,0.0,0.00032335697236708844,0.0011196574782217682,0.0020544857928324715
22.279999999999852,0.0,0.0,0.0,0.00032330668732254907,0.0011155860199425999,0.0020511602592465056
22.28499999999985,0.0,0.0,0.0,0.0003233320947227043,0.0011121280646949057,0.0020481122056322204
22.28999999999985,0.0,0.0,0.0,0.0003232916663554946,0.0011080511127781996,0.002045470504482795
22.29499999999985,0.0,0.0,0.0,0.00032337687517122965,0.001104455173904059,0.002042243578447626
22.299999999999848,0.0,0.0,0.0,0.0003234048008477532,0.0011006299602777424,0.0020399664158599015
22.304999999999847,0.0,0.0,0.0,0.0003235197829742913,0.0010971557943449811,0.0020368939088593946
22.309999999999846,0.0,0.0,0.0,0.00032362591726953335,0.0010933170884776461,0.0020350670437852296
22.314999999999845,0.0,0.0,0.0,0.00032381656918761413,0.0010900693400804238,0.002030798999812741
22.319999999999844,0.0,0.0,0.0,0.0003238172826777923,0.0010860667233841754,0.0020301947935429387
22.324999999999843,0.0,0.0,0.0,0.00032378339345878694,0.0010825688452092135,0.002025871196948925
22.329999999999842,0.0,0.0,0.0,0.000323694700516067,0.0010788298360950644,0.002023498320077977
22.33499999999984,0.0,0.0,0.0,0.00032364206039289524,0.0010752208816901551,0.0020195265098987216
22.33999999999984,0.0,0.0,0.0,0.0003237226757752282,0.0010716986336486922,0.00201606336833962
22.34499999999984,0.0,0.0,0.0,0.00032376040716388006,0.001068281707984434,0.002012435733893193
22.349999999999838,0.0,0.0,0.0,0.0003238064059250074,0.0010648079622219077,0.0020096379216054585
22.354999999999837,0.0,0.0,0.0,0.0003239512183386197,0.00106132081212322,0.0020070642752179546
22.359999999999836,0.0,0.0,0.0,0.00032396869964051886,0.0010579373141235808,0.002003400876321281
22.364999999999835,0.0,0.0,0.0,0.0003240899961011469,0.0010545004540471164,0.002000942532718268
22.369999999999834,0.0,0.0,0.0,0.000324040428777548,0.0010510553313846762,0.001997885422948506
22.374999999999833,0.0,0.0,0.0,0.00032405582933284796,0.0010475765675906888,0.0019955484058058986
22.379999999999832,0.0,0.0,0.0,0.0003242663505291601,0.0010438100342918017,0.0019933709311644823
22.38499999999983,0.0,0.0,0.0,0.00032427739607636386,0.0010403466391204303,0.00199046968616709
22.38999999999983,0.0,0.0,0.0,0.00032423080427614173,0.0010368482475915958,0.0019861070927795297
22.39499999999983,0.0,0.0,0.0,0.00032425707406449905,0.001033401242610275,0.001983509642961833
22.399999999999828,0.0,0.0,0.0,0.00032421648933225603,0.0010297700120085248,0.0019796101811038404
22.404999999999827,0.0,0.0,0.0,0.00032440060786920085,0.0010265633888927401,0.001978006923675177
22.409999999999826,0.0,0.0,0.0,0.0003247337710328624,0.0010227246815924169,0.0019756238727391654
22.414999999999825,0.0,0.0,0.0,0.00032488867247398655,0.0010194966629357783,0.001973378243897761
22.419999999999824,0.0,0.0,0.0,0.00032471755862068706,0.001015680477130942,0.0019677431803875084
22.424999999999823,0.0,0.0,0.0,0.0003245801009834948,0.001012501409739847,0.0019648878900745087
22.429999999999822,0.0,0.0,0.0,0.0003244376566007627,0.0010090058907393621,0.0019617369502229346
22.43499999999982,0.0,0.0,0.0,0.0003246015962505506,0.0010057617030247577,0.0019602074978903516
22.43999999999982,0.0,0.0,0.0,0.0003246329976566964,0.001002024739704671,0.001957215779054195
22.44499999999982,0.0,0.0,0.0,0.00032467690504102415,0.000998856860139332,0.0019534945185219884
22.449999999999818,0.0,0.0,0.0,0.00032453715576894176,0.000995688054181238,0.001949098128913572
22.454999999999817,0.0,0.0,0.0,0.00032456378003852616,0.0009927135243511021,0.0019461759281026742
22.459999999999816,0.0,0.0,0.0,0.0003244402188426988,0.0009894021030571023,0.001942653517851717
22.464999999999815,0.0,0.0,0.0,0.00032437960349510466,0.0009863210758203208,0.001940422946430181
22.469999999999814,0.0,0.0,0.0,0.0003242655385054208,0.0009828345638582803,0.001937474275188397
22.474999999999813,0.0,0.0,0.0,0.00032422017661715917,0.0009795424934206688,0.0019354821587889348
22.479999999999812,0.0,0.0,0.0,0.0003242070137188289,0.000976020500201998,0.00193149511326572
22.48499999999981,0.0,0.0,0.0,0.0003243059002698188,0.0009731021126830185,0.0019291771778763257
22.48999999999981,0.0,0.0,0.0,0.00032434329398941234,0.000969742898926042,0.0019248526386513181
22.49499999999981,0.0,0.0,0.0,0.0003244742713775144,0.0009670109468749852,0.0019227684197195235
22.499999999999808,0.0,0.0,0.0,0.0003244974438255677,0.000963880912342915,0.001918129236319187
22.504999999999807,0.0,0.0,0.0,0.00032439819981646263,0.0009610108149859127,0.0019149339037632818
22.509999999999806,0.0,0.0,0.0,0.00032445364152564873,0.000957754843124051,0.0019113402621825802
22.514999999999805,0.0,0.0,0.0,0.00032437800185413816,0.0009546613787172578,0.0019099684840077804
22.519999999999804,0.0,0.0,0.0,0.0003242111925845599,0.0009511020979523279,0.0019052015442622766
22.524999999999803,0.0,0.0,0.0,0.0003240627152684295,0.0009478861564894446,0.0019039019859960992
22.529999999999802,0.0,0.0,0.0,0.0003238189103751306,0.0009441778872355687,0.001898887850247158
22.5349999999998,0.0,0.0,0.0,0.00032371465257080594,0.0009408446619743717,0.0018973448201174072
22.5399999999998,0.0,0.0,0.0,0.0003234472055685676,0.0009374045946521739,0.0018915283893098836
22.5449999999998,0.0,0.0,0.0,0.000323555400265324,0.0009345734489001071,0.0018905990191949817
22.549999999999798,0.0,0.0,0.0,0.0003236342871909176,0.0009311974590815149,0.0018863119057471339
22.554999999999797,0.0,0.0,0.0,0.0003237035029588633,0.0009285890007540211,0.0018847199623052689
22.559999999999796,0.0,0.0,0.0,0.0003236995154512579,0.0009255550655891974,0.0018810279735234842
22.564999999999795,0.0,0.0,0.0,0.00032367810605655193,0.0009226227187701413,0.0018782721636058854
22.569999999999794,0.0,0.0,0.0,0.00032356167069772223,0.0009195446677644079,0.0018745962528026639
22.574999999999793,0.0,0.0,0.0,0.0003234829848475335,0.000916589954657694,0.0018717592216992611
22.579999999999792,0.0,0.0,0.0,0.00032330950592822106,0.0009133755902580552,0.0018678857873186824
22.58499999999979,0.0,0.0,0.0,0.0003231782341044209,0.0009103843249996939,0.0018652318299779366
22.58999999999979,0.0,0.0,0.0,0.0003229836834384706,0.0009071014870343412,0.0018612040532188232
22.59499999999979,0.0,0.0,0.0,0.00032289679404394597,0.0009040302540392337,0.001858817606486346
22.59999999999979,0.0,0.0,0.0,0.0003227396576976353,0.0009009590104240196,0.0018543492292480103
22.604999999999787,0.0,0.0,0.0,0.00032269240284224314,0.0008980911919324598,0.0018520491482975335
22.609999999999786,0.0,0.0,0.0,0.00032265589118893177,0.0008950138602540584,0.001848566235881394
22.614999999999785,0.0,0.0,0.0,0.00032258901959267717,0.0008921738109502116,0.0018461278645217547
22.619999999999784,0.0,0.0,0.0,0.00032253043000947466,0.000889091577261391,0.0018429729473409618
22.624999999999783,0.0,0.0,0.0,0.00032220283521359853,0.0008861862429453949,0.0018391090121657942
22.629999999999782,0.0,0.0,0.0,0.000322123622719502,0.000883066258379759,0.0018360530485524026
22.63499999999978,0.0,0.0,0.0,0.0003220517098919204,0.0008801523484399756,0.0018331073706520287
22.63999999999978,0.0,0.0,0.0,0.00032195547874594536,0.0008770686581178654,0.001829449711794106
22.64499999999978,0.0,0.0,0.0,0.0003218697029518576,0.0008741569436774234,0.0018267409017928948
22.64999999999978,0.0,0.0,0.0,0.00032158060467984495,0.0008711243744771447,0.0018218418103346094
22.654999999999777,0.0,0.0,0.0,0.0003215385302030429,0.0008685026064310674,0.0018198989444277826
22.659999999999776,0.0,0.0,0.0,0.00032144825354929365,0.0008653813092275123,0.0018163047316044295
22.664999999999775,0.0,0.0,0.0,0.0003213922615697811,0.0008627803299613115,0.0018135861666932515
22.669999999999774,0.0,0.0,0.0,0.00032114837718392786,0.0008597503102992162,0.0018097644716008382
22.674999999999773,0.0,0.0,0.0,0.00032099191251042103,0.0008569667440053158,0.0018066295482458577
22.679999999999772,0.0,0.0,0.0,0.0003208277506496655,0.0008539745710625206,0.0018032630594715235
22.68499999999977,0.0,0.0,0.0,0.00032066384513065036,0.0008512873795436231,0.0017992569905384535
22.68999999999977,0.0,0.0,0.0,0.00032050447600792746,0.0008482130498191129,0.0017970910352654967
22.69499999999977,0.0,0.0,0.0,0.0003203832428263601,0.0008454921325315739,0.0017934999284853193
22.69999999999977,0.0,0.0,0.0,0.00032029014516053126,0.0008425364906306686,0.0017904211165127798
22.704999999999767,0.0,0.0,0.0,0.0003200858285320775,0.0008400443744565487,0.0017863792010388432
22.709999999999766,0.0,0.0,0.0,0.00031986432018892464,0.0008368163402327595,0.0017835259253590465
22.714999999999765,0.0,0.0,0.0,0.0003196497447920988,0.0008341965311842701,0.0017796740925428828
22.719999999999764,0.0,0.0,0.0,0.00031937614130181174,0.000831010538445824,0.0017773632648629362
22.724999999999763,0.0,0.0,0.0,0.0003193188842937414,0.000828478942398255,0.0017733748611998433
22.729999999999762,0.0,0.0,0.0,0.0003191484432153874,0.0008253376653107779,0.0017712525572774617
22.73499999999976,0.0,0.0,0.0,0.0003190636594590859,0.0008228582658173261,0.0017668304684634122
22.73999999999976,0.0,0.0,0.0,0.00031891500143646387,0.0008199703036122955,0.0017645835150356135
22.74499999999976,0.0,0.0,0.0,0.0003187169374930906,0.0008173252130234582,0.0017604013484033088
22.74999999999976,0.0,0.0,0.0,0.0003185143678198862,0.0008144295903819561,0.0017581369696618172
22.754999999999757,0.0,0.0,0.0,0.0003183649267987645,0.0008119325136568178,0.0017531759848818543
22.759999999999756,0.0,0.0,0.0,0.00031817416999435985,0.0008091523497757127,0.0017503856114715346
22.764999999999755,0.0,0.0,0.0,0.00031808870964709034,0.0008066107810349136,0.0017462533929714303
22.769999999999754,0.0,0.0,0.0,0.0003180066707990944,0.0008036788551790869,0.0017451663982920673
22.774999999999753,0.0,0.0,0.0,0.000317873430978267,0.0008010457273503565,0.0017407969961777475
22.779999999999752,0.0,0.0,0.0,0.00031760868586784113,0.0007980482164922522,0.0017389450257744728
22.78499999999975,0.0,0.0,0.0,0.0003172283557759179,0.0007955700471459181,0.001733411963505343
22.78999999999975,0.0,0.0,0.0,0.00031688941633700057,0.0007925989677818713,0.001731940553940781
22.79499999999975,0.0,0.0,0.0,0.00031688570453621267,0.00079022099226843,0.00172604762255455
22.79999999999975,0.0,0.0,0.0,0.0003170028481974328,0.0007871776653031224,0.0017267472004990475
22.804999999999747,0.0,0.0,0.0,0.0003167806025591979,0.0007844942622309122,0.0017220015205355692
22.809999999999746,0.0,0.0,0.0,0.000316440996790544,0.0007818588413549017,0.0017190978499917276
22.814999999999745,0.0,0.0,0.0,0.0003161803838598617,0.0007793415980731773,0.0017138975460739012
22.819999999999744,0.0,0.0,0.0,0.0003160258379950869,0.0007766369804616853,0.0017126135089560839
22.824999999999743,0.0,0.0,0.0,0.00031586933318105635,0.0007741824286162586,0.0017072463846298318
22.829999999999742,0.0,0.0,0.0,0.0003156252949452278,0.0007717131537242107,0.001704356753656298
22.83499999999974,0.0,0.0,0.0,0.00031545364997861053,0.000769225777495551,0.0017005677317200316
22.83999999999974,0.0,0.0,0.0,0.00031520597614995805,0.0007665306076848112,0.0016986506919759849
22.84499999999974,0.0,0.0,0.0,0.00031511159571271876,0.0007641619671860289,0.0016941085928173104
22.84999999999974,0.0,0.0,0.0,0.00031508568994050056,0.0007613468089799692,0.001693392256752302
22.854999999999738,0.0,0.0,0.0,0.00031484574790887373,0.0007590627989823123,0.001688003893482434
22.859999999999737,0.0,0.0,0.0,0.00031438126683994583,0.0007564320121434124,0.0016847078931942721
22.864999999999736,0.0,0.0,0.0,0.0003140847505030641,0.0007542170136879557,0.001680033577666021
22.869999999999735,0.0,0.0,0.0,0.00031372687186687835,0.0007514168832253006,0.0016774206695218477
22.874999999999734,0.0,0.0,0.0,0.0003135831296321862,0.0007490773533325701,0.0016737411363920436
22.879999999999733,0.0,0.0,0.0,0.0003134171037477957,0.0007460116079569096,0.001671727024329475
22.88499999999973,0.0,0.0,0.0,0.00031329807636254947,0.0007434223455879579,0.001669019319176078
22.88999999999973,0.0,0.0,0.0,0.0003130170973855042,0.0007408236503535967,0.0016654183548009463
22.89499999999973,0.0,0.0,0.0,0.0003128291908874138,0.0007384362011191353,0.0016619916938331132
22.89999999999973,0.0,0.0,0.0,0.00031264624600441793,0.0007359026471082541,0.0016591941400292964
22.904999999999728,0.0,0.0,0.0,0.00031242667896097835,0.0007335780731992318,0.001655323529897124
22.909999999999727,0.0,0.0,0.0,0.0003122479391283861,0.0007309562821410444,0.0016533197421847072
22.914999999999726,0.0,0.0,0.0,0.0003119640634425133,0.0007285809443772545,0.0016488817868186684
22.919999999999725,0.0,0.0,0.0,0.0003116224333427177,0.0007258983810584922,0.0016461188489525671
22.924999999999724,0.0,0.0,0.0,0.00031125258970128187,0.0007236545358710035,0.0016413890603044295
22.929999999999723,0.0,0.0,0.0,0.00031088493274733785,0.000721149604760624,0.0016381117778314046
22.93499999999972,0.0,0.0,0.0,0.0003106505529872067,0.0007190088941561206,0.0016344004444132682
22.93999999999972,0.0,0.0,0.0,0.00031054528146708734,0.0007164950231160577,0.0016322654394182155
22.94499999999972,0.0,0.0,0.0,0.00031041631852756743,0.0007144012360135582,0.001629140148124377
22.94999999999972,0.0,0.0,0.0,0.0003102928705830848,0.0007117861292742901,0.0016269293513621213
22.954999999999718,0.0,0.0,0.0,0.0003099966780915594,0.0007094023639829752,0.0016234418637143103
22.959999999999717,0.0,0.0,0.0,0.0003096621016708924,0.0007068948287608724,0.0016190373656358877
22.964999999999716,0.0,0.0,0.0,0.0003094170716207509,0.0007046052289411655,0.0016158550787646303
22.969999999999715,0.0,0.0,0.0,0.00030910425230556835,0.0007019660870572681,0.0016121724099659915
22.974999999999714,0.0,0.0,0.0,0.0003088732790093238,0.0006997061207726584,0.0016092486548265309
22.979999999999713,0.0,0.0,0.0,0.00030859003784756837,0.0006970966368662245,0.0016054605492245994
22.98499999999971,0.0,0.0,0.0,0.0003084504168427799,0.000694846664234327,0.001602868383649448
22.98999999999971,0.0,0.0,0.0,0.0003082534792411503,0.0006925129459572924,0.0015991350289924476
22.99499999999971,0.0,0.0,0.0,0.0003079995384614413,0.0006903310947143613,0.0015972275522965077
22.99999999999971,0.0,0.0,0.0,0.0003077500822244797,0.0006879322166113694,0.001593436568212377
23.004999999999708,0.0,0.0,0.0,0.00030750861038624655,0.0006858100865719227,0.001591278760472199
23.009999999999707,0.0,0.0,0.0,0.00030714558330957505,0.000683424321834057,0.0015867454772520715
23.014999999999706,0.0,0.0,0.0,0.00030680563392948356,0.000681086900736555,0.0015841148448123745
23.019999999999705,0.0,0.0,0.0,0.000306572240942102,0.0006787181006337111,0.0015793404040733065
23.024999999999704,0.0,0.0,0.0,0.000306320144533885,0.000676416935031254,0.0015770998509091094
23.029999999999703,0.0,0.0,0.0,0.0003060343443164801,0.0006740401001280294,0.0015722764337027834
23.0349999999997,0.0,0.0,0.0,0.00030584858645829263,0.0006720109873366212,0.0015715565664266285
23.0399999999997,0.0,0.0,0.0,0.0003056258811373402,0.0006694813576693728,0.0015662650502236005
23.0449999999997,0.0,0.0,0.0,0.0003054537875859272,0.0006675577191322765,0.0015649537138400947
23.0499999999997,0.0,0.0,0.0,0.0003051258135587897,0.0006651680017324342,0.0015598643081790183
23.054999999999698,0.0,0.0,0.0,0.00030481226532474976,0.0006631235380699232,0.0015572320699129432
23.059999999999697,0.0,0.0,0.0,0.00030464666694221483,0.0006605468781661589,0.0015539096838201223
23.064999999999696,0.0,0.0,0.0,0.00030436126136772505,0.0006584172635322165,0.001551426487335093
23.069999999999695,0.0,0.0,0.0,0.0003038887457361862,0.0006557433150060049,0.0015459141626893204
23.074999999999694,0.0,0.0,0.0,0.000303417343236473,0.0006538056819243167,0.0015426789981916897
23.079999999999693,0.0,0.0,0.0,0.0003031914779974067,0.0006515911929332321,0.0015389168899398187
23.08499999999969,0.0,0.0,0.0,0.00030303748508506416,0.0006493964992379276,0.001537112695737583
23.08999999999969,0.0,0.0,0.0,0.0003028576757177512,0.0006471834020645822,0.0015334933688527373
23.09499999999969,0.0,0.0,0.0,0.00030258597033601967,0.0006452083476670655,0.0015316309439641525
23.09999999999969,0.0,0.0,0.0,0.00030237588972545425,0.0006429420062262677,0.001527949294541003
23.104999999999688,0.0,0.0,0.0,0.0003021784978219627,0.0006409144814254755,0.0015257109002160825
23.109999999999687,0.0,0.0,0.0,0.0003018586231270672,0.0006385765374802124,0.0015219872345090674
23.114999999999686,0.0,0.0,0.0,0.0003015173599651692,0.0006364185363369985,0.0015189429090069731
23.119999999999685,0.0,0.0,0.0,0.0003011505715666251,0.0006341168377764167,0.0015153218261362324
23.124999999999684,0.0,0.0,0.0,0.0003008877920500466,0.000632118473686399,0.0015114616603913759
23.129999999999683,0.0,0.0,0.0,0.0003005639747316132,0.0006298844768743159,0.0015080810578110234
23.134999999999682,0.0,0.0,0.0,0.0003002799504944826,0.0006279106816472412,0.0015044718476451388
23.13999999999968,0.0,0.0,0.0,0.0003001048495992092,0.0006256485347143182,0.0015025490326339196
23.14499999999968,0.0,0.0,0.0,0.000299916113113321,0.0006237935814668459,0.0014987485056362014
23.14999999999968,0.0,0.0,0.0,0.0002996176829850251,0.0006215338620632649,0.001496122540029747
23.154999999999678,0.0,0.0,0.0,0.0002994030071710714,0.0006197131191010828,0.001492566890144618
23.159999999999677,0.0,0.0,0.0,0.00029899807233193344,0.0006175355045992705,0.0014889507730751232
23.164999999999676,0.0,0.0,0.0,0.00029869364665409376,0.0006154813986670782,0.0014857675306865885
23.169999999999675,0.0,0.0,0.0,0.0002984260320370281,0.0006132549927449373,0.0014822734319158229
23.174999999999674,0.0,0.0,0.0,0.00029815545385117315,0.0006112151306913132,0.0014791697306808745
23.179999999999673,0.0,0.0,0.0,0.00029786243310105944,0.0006090313501849509,0.0014755752837786807
23.184999999999672,0.0,0.0,0.0,0.00029759506789852605,0.0006072792762753574,0.001473552514961355
23.18999999999967,0.0,0.0,0.0,0.00029732457245556056,0.0006048951513175722,0.0014704785480067271
23.19499999999967,0.0,0.0,0.0,0.00029708100707244943,0.0006028493084253192,0.0014681785842649419
23.19999999999967,0.0,0.0,0.0,0.0002966572750302363,0.0006006303192219595,0.0014640490317536716
23.204999999999668,0.0,0.0,0.0,0.00029624918826796134,0.000598905225681662,0.0014598670961307675
23.209999999999667,0.0,0.0,0.0,0.0002958939901589753,0.0005967564684859638,0.0014567813811154936
23.214999999999666,0.0,0.0,0.0,0.0002955056060350021,0.0005947970675662525,0.001453543885452874
23.219999999999665,0.0,0.0,0.0,0.00029522247113765335,0.0005926735694325352,0.0014511103955751014
23.224999999999664,0.0,0.0,0.0,0.0002948223001110566,0.0005909331750140934,0.001446271779566571
23.229999999999663,0.0,0.0,0.0,0.0002945307126708909,0.0005888428074629903,0.001443986227423396
23.234999999999662,0.0,0.0,0.0,0.00029448094466156237,0.0005869622755918317,0.0014413808863249296
23.23999999999966,0.0,0.0,0.0,0.00029425332718008756,0.0005849275158642479,0.001438677000726407
23.24499999999966,0.0,0.0,0.0,0.0002940180559436472,0.0005829753071986573,0.0014362445837007088
23.24999999999966,0.0,0.0,0.0,0.0002937338176339609,0.0005808382891437632,0.0014334204956104927
23.254999999999658,0.0,0.0,0.0,0.00029343984065308327,0.0005789968466475599,0.0014299969179743296
23.259999999999657,0.0,0.0,0.0,0.0002930399244640052,0.000576587640051857,0.0014261622714065514
23.264999999999656,0.0,0.0,0.0,0.00029267027744019373,0.00057510696843272,0.0014223568685047766
23.269999999999655,0.0,0.0,0.0,0.00029208801656424794,0.0005725800838598006,0.0014190413543007027
23.274999999999654,0.0,0.0,0.0,0.00029179816036601643,0.0005708028355965383,0.001415748797446897
23.279999999999653,0.0,0.0,0.0,0.0002915110972519985,0.000568689117439157,0.0014134039190639356
23.284999999999652,0.0,0.0,0.0,0.000291293448636681,0.0005669847351584511,0.00141011719132755
23.28999999999965,0.0,0.0,0.0,0.0002911050613852664,0.0005649395426076299,0.0014082743590550031
23.29499999999965,0.0,0.0,0.0,0.00029075699991128407,0.0005632272193627489,0.0014039671917482235
23.29999999999965,0.0,0.0,0.0,0.0002903310583418572,0.0005613575932015532,0.0014008133737172738
23.304999999999648,0.0,0.0,0.0,0.0002900571292517505,0.0005595914545379737,0.0013972214789527732
23.309999999999647,0.0,0.0,0.0,0.00028960221724546903,0.0005576124513141489,0.0013951656586847542
23.314999999999646,0.0,0.0,0.0,0.0002892243830788099,0.000556038652672022,0.001390410306895057
23.319999999999645,0.0,0.0,0.0,0.0002888833553476426,0.0005541027935299909,0.001388335055707278
23.324999999999644,0.0,0.0,0.0,0.0002886722494101783,0.0005524736455690996,0.0013845861629600243
23.329999999999643,0.0,0.0,0.0,0.00028843783136610004,0.0005502917839247679,0.0013827853823965444
23.334999999999642,0.0,0.0,0.0,0.0002881628644439625,0.000548568550460566,0.0013787566035340008
23.33999999999964,0.0,0.0,0.0,0.000287777321615264,0.0005466770556836474,0.0013752141863127728
23.34499999999964,0.0,0.0,0.0,0.0002874829006812093,0.0005450238668472891,0.0013717847294096614
23.34999999999964,0.0,0.0,0.0,0.0002870894116831377,0.0005430841988327342,0.0013691832843158208
23.354999999999638,0.0,0.0,0.0,0.00028680113359665505,0.0005412558292808296,0.0013666438114304667
23.359999999999637,0.0,0.0,0.0,0.00028648908054758614,0.0005392756639125679,0.0013638110440707739
23.364999999999636,0.0,0.0,0.0,0.00028627439887264503,0.0005375921346207139,0.0013608748521230563
23.369999999999635,0.0,0.0,0.0,0.00028592348559711205,0.0005356276375856203,0.0013577200597946096
23.374999999999634,0.0,0.0,0.0,0.0002854909931808074,0.0005337710240034114,0.0013547808408442418
23.379999999999633,0.0,0.0,0.0,0.00028508434401826896,0.0005318390851028122,0.0013516555580977252
23.384999999999632,0.0,0.0,0.0,0.00028480892575731255,0.0005302335653370616,0.0013487490939453198
23.38999999999963,0.0,0.0,0.0,0.00028446616503906427,0.000528210202698392,0.0013450519194883035
23.39499999999963,0.0,0.0,0.0,0.00028420885149178283,0.0005267919562404502,0.0013415818374966117
23.39999999999963,0.0,0.0,0.0,0.0002838385621145669,0.0005250106758757191,0.0013381248969478179
23.404999999999628,0.0,0.0,0.0,0.0002835017345773155,0.0005234575586947794,0.0013349082100067762
23.409999999999627,0.0,0.0,0.0,0.0002831507041565303,0.0005214692513172293,0.0013329016910636584
23.414999999999626,0.0,0.0,0.0,0.0002828577264500898,0.000519844673245445,0.0013293812372985434
23.419999999999625,0.0,0.0,0.0,0.00028243517113525494,0.0005177471873180512,0.001327390735992348
23.424999999999624,0.0,0.0,0.0,0.00028212042790796483,0.0005163502351932215,0.001322350808765293
23.429999999999623,0.0,0.0,0.0,0.0002818364929359941,0.000514542433389687,0.0013203015867285792
23.434999999999622,0.0,0.0,0.0,0.00028161822554666053,0.0005129500761798485,0.0013167092932858632
23.43999999999962,0.0,0.0,0.0,0.00028134503751724247,0.000511156446103985,0.001314736026842895
23.44499999999962,0.0,0.0,0.0,0.00028104037752084307,0.0005093239934769755,0.0013121928818892554
23.44999999999962,0.0,0.0,0.0,0.00028061722593915854,0.0005074820152037231,0.0013094773470101759
23.454999999999618,0.0,0.0,0.0,0.00028019601893727967,0.000505857756035979,0.0013054683800725838
23.459999999999617,0.0,0.0,0.0,0.000279865573166215,0.0005040818065237689,0.0013028529622807112
23.464999999999616,0.0,0.0,0.0,0.0002793988750440696,0.000502642035962103,0.0012992149869079075
23.469999999999615,0.0,0.0,0.0,0.00027891649081630647,0.0005007284244348097,0.0012965019807336517
23.474999999999614,0.0,0.0,0.0,0.00027880501562576324,0.0004994089863753328,0.0012934751899100689
23.479999999999613,0.0,0.0,0.0,0.0002785613178585728,0.0004975134951577483,0.0012912292351760794
23.484999999999612,0.0,0.0,0.0,0.0002784402958253963,0.0004958395977238225,0.0012885136170165256
23.48999999999961,0.0,0.0,0.0,0.00027809609341952334,0.0004941616337563457,0.0012853681809848901
23.49499999999961,0.0,0.0,0.0,0.0002775420367104527,0.0004925454363821384,0.0012821248957353767
23.49999999999961,0.0,0.0,0.0,0.00027717058451751445,0.0004907949183986348,0.0012793621576020252
23.504999999999608,0.0,0.0,0.0,0.00027677465870118586,0.0004893329387506395,0.0012763512638948112
23.509999999999607,0.0,0.0,0.0,0.0002763149807242156,0.000487546309294553,0.0012729573996165062
23.514999999999606,0.0,0.0,0.0,0.00027614683934724,0.0004862206895032704,0.0012701321167112505
23.519999999999605,0.0,0.0,0.0,0.0002759876951890028,0.0004843643676264125,0.0012675980068414842
23.524999999999604,0.0,0.0,0.0,0.0002759053577756045,0.0004830195790570433,0.0012652679983147415
23.529999999999603,0.0,0.0,0.0,0.00027549961226047405,0.0004811121892945909,0.0012619266012929035
23.534999999999602,0.0,0.0,0.0,0.0002748312574738844,0.00047953084026256177,0.0012587770886587257
23.5399999999996,0.0,0.0,0.0,0.00027432031437158035,0.000477527065563397,0.0012558185919018384
23.5449999999996,0.0,0.0,0.0,0.000273886244889716,0.0004760573535336541,0.00125287398491423
23.5499999999996,0.0,0.0,0.0,0.0002733319282683465,0.0004739427457114812,0.0012484778971171208
23.5549999999996,0.0,0.0,0.0,0.00027293672936065736,0.0004723185547448636,0.0012461704353789562
23.559999999999597,0.0,0.0,0.0,0.00027255519727651273,0.0004706260953069737,0.0012427684413350117
23.564999999999596,0.0,0.0,0.0,0.00027222156118211484,0.000469166844640212,0.0012402038287613064
23.569999999999595,0.0,0.0,0.0,0.00027183839324311363,0.00046731155077139777,0.0012365633147793703
23.574999999999594,0.0,0.0,0.0,0.00027152907676300525,0.00046615395358509063,0.0012342198491989702
23.579999999999593,0.0,0.0,0.0,0.0002710634771145345,0.00046436377614377644,0.001230678599267818
23.584999999999592,0.0,0.0,0.0,0.0002708087629930264,0.0004631569806137468,0.0012282214751399374
23.58999999999959,0.0,0.0,0.0,0.00027065066872685156,0.00046136647242058865,0.0012268627983157503
23.59499999999959,0.0,0.0,0.0,0.000270418556656299,0.00046009219451405043,0.0012237111335812352
23.59999999999959,0.0,0.0,0.0,0.0002701325325017468,0.00045854262268335316,0.001221446391252665
23.60499999999959,0.0,0.0,0.0,0.0002696958365652591,0.0004572888403856525,0.0012169122898804277
23.609999999999587,0.0,0.0,0.0,0.000269186844077749,0.0004555882422279484,0.0012152500492609202
23.614999999999586,0.0,0.0,0.0,0.00026870926273310654,0.00045414291802576564,0.001211350461516017
23.619999999999585,0.0,0.0,0.0,0.000268208616516207,0.00045227992186957323,0.0012094453577133509
23.624999999999584,0.0,0.0,0.0,0.0002678399013182505,0.0004507307296658375,0.0012062110134016986
23.629999999999583,0.0,0.0,0.0,0.0002674214563223265,0.0004488444419767927,0.0012037088179759326
23.634999999999582,0.0,0.0,0.0,0.00026721944363494363,0.00044743272411784923,0.0012005820274138526
23.63999999999958,0.0,0.0,0.0,0.00026686228436185826,0.00044585794085032573,0.0011973615093376182
23.64499999999958,0.0,0.0,0.0,0.00026655904757642975,0.0004447807369313497,0.001194651917536626
23.64999999999958,0.0,0.0,0.0,0.00026611809414863645,0.00044313182273532066,0.0011917171639194567
23.65499999999958,0.0,0.0,0.0,0.00026583475650238466,0.0004420934727476454,0.0011895706706923615
23.659999999999577,0.0,0.0,0.0,0.000265448259720038,0.0004405846218391428,0.0011860149576592713
23.664999999999576,0.0,0.0,0.0,0.00026504161198221294,0.0004391300909741542,0.0011833125598296728
23.669999999999575,0.0,0.0,0.0,0.00026461546586628896,0.00043749133461886916,0.0011802398162929128
23.674999999999574,0.0,0.0,0.0,0.0002642727537450221,0.00043615367867575144,0.0011770773013017718
23.679999999999573,0.0,0.0,0.0,0.00026398353958602,0.00043461482309786173,0.0011739213165027954
23.684999999999572,0.0,0.0,0.0,0.00026376109532183164,0.00043341855427229644,0.0011712168468796002
23.68999999999957,0.0,0.0,0.0,0.0002634484038735393,0.000431922908009077,0.0011680688870179964
23.69499999999957,0.0,0.0,0.0,0.000262993206077745,0.0004304176822790222,0.001166762459373217
23.69999999999957,0.0,0.0,0.0,0.00026246395149465097,0.0004286535336257061,0.0011635040383086823
23.70499999999957,0.0,0.0,0.0,0.00026199441615786537,0.0004271382896552547,0.00116096840255767
23.709999999999567,0.0,0.0,0.0,0.00026162081248509424,0.0004255736574382976,0.0011577704995632224
23.714999999999566,0.0,0.0,0.0,0.00026116741582403013,0.00042426189136784623,0.0011550100209908488
23.719999999999565,0.0,0.0,0.0,0.00026081164091043676,0.00042268609734333323,0.0011516944626149637
23.724999999999564,0.0,0.0,0.0,0.00026053287114536386,0.00042127302022931676,0.0011498350539023922
23.729999999999563,0.0,0.0,0.0,0.00025993110052256513,0.0004196038862248206,0.0011459703069474326
23.734999999999562,0.0,0.0,0.0,0.0002596230123966631,0.00041838370529757,0.0011441592100789393
23.73999999999956,0.0,0.0,0.0,0.00025937646285593096,0.00041675154781903035,0.0011413477797210516
23.74499999999956,0.0,0.0,0.0,0.0002590828754371304,0.00041569178716679885,0.0011380950685947657
23.74999999999956,0.0,0.0,0.0,0.00025858374960458934,0.00041428215822233105,0.0011345562294814157
23.75499999999956,0.0,0.0,0.0,0.00025836877249556337,0.0004131345051161396,0.0011320400840247435
23.759999999999557,0.0,0.0,0.0,0.0002580627452220961,0.000411432469357765,0.0011305627805206437
23.764999999999556,0.0,0.0,0.0,0.0002578286466552547,0.000410130240871742,0.0011278567545577674
23.769999999999555,0.0,0.0,0.0,0.0002574318328210906,0.00040844796648247244,0.0011258796120356704
23.774999999999554,0.0,0.0,0.0,0.0002569914622517187,0.00040742399856281384,0.0011208701486641842
23.779999999999553,0.0,0.0,0.0,0.00025623380238064904,0.00040594367150374706,0.0011177898008582871
23.784999999999553,0.0,0.0,0.0,0.0002558448520785591,0.00040500627585259144,0.0011141024185006764
23.78999999999955,0.0,0.0,0.0,0.0002555361936356589,0.0004036059547244506,0.0011125173542326414
23.79499999999955,0.0,0.0,0.0,0.000255439900683881,0.0004025162271913719,0.0011101862844996716
23.79999999999955,0.0,0.0,0.0,0.0002552395358905415,0.0004007677397989805,0.001109363816710592
23.80499999999955,0.0,0.0,0.0,0.00025518966537536175,0.00039943491591497396,0.0011077444904442346
23.809999999999548,0.0,0.0,0.0,0.0002547214532722948,0.0003975612158048226,0.0011051105104844965
23.814999999999547,0.0,0.0,0.0,0.0002540916772082215,0.0003963644238554869,0.00110078299751688
23.819999999999546,0.0,0.0,0.0,0.00025356723459442825,0.000394555637824515,0.0010978602089220966
23.824999999999545,0.0,0.0,0.0,0.00025322117991468214,0.0003935132773064903,0.0010946890820483785
23.829999999999544,0.0,0.0,0.0,0.00025288557453227365,0.0003920785667353937,0.001091816280506142
23.834999999999543,0.0,0.0,0.0,0.0002525412788450871,0.0003910298789304021,0.0010900910284443097
23.83999999999954,0.0,0.0,0.0,0.00025211743755680925,0.000389499561308405,0.0010874543109198691
23.84499999999954,0.0,0.0,0.0,0.0002517424058460189,0.00038851691722060556,0.001085209646083383
23.84999999999954,0.0,0.0,0.0,0.00025132885957150094,0.0003872351840041041,0.001081183507878556
23.85499999999954,0.0,0.0,0.0,0.0002509524972307378,0.0003859857488212932,0.0010786625969874224
23.859999999999538,0.0,0.0,0.0,0.0002505512774292585,0.00038463440056288946,0.0010753589850467317
23.864999999999537,0.0,0.0,0.0,0.00025011804405529014,0.00038334936016839094,0.0010729405412246058
23.869999999999536,0.0,0.0,0.0,0.00024975991675484343,0.0003820016097576128,0.0010699692510455746
23.874999999999535,0.0,0.0,0.0,0.00024932772718348387,0.00038072601934833046,0.001067594397792723
23.879999999999534,0.0,0.0,0.0,0.00024911571401992316,0.0003794537924475056,0.0010652043391900206
23.884999999999533,0.0,0.0,0.0,0.00024873687017557385,0.0003783085014611111,0.0010630742566094728
23.88999999999953,0.0,0.0,0.0,0.00024842092456968406,0.00037700002058574757,0.0010601479094958424
23.89499999999953,0.0,0.0,0.0,0.0002480680949032051,0.00037577296019820054,0.001058108869969815
23.89999999999953,0.0,0.0,0.0,0.00024758303847011924,0.00037433142145328584,0.001054605630142477
23.90499999999953,0.0,0.0,0.0,0.0002471998810804896,0.000373281896391923,0.0010521269251634348
23.909999999999528,0.0,0.0,0.0,0.00024671638355250834,0.0003717466358730499,0.0010491407527130623
23.914999999999527,0.0,0.0,0.0,0.00024643718990550323,0.0003706586357392918,0.0010470100727118254
23.919999999999526,0.0,0.0,0.0,0.0002459527460410935,0.00036910230844146584,0.0010444446793763662
23.924999999999525,0.0,0.0,0.0,0.0002456296483169269,0.0003679983704745282,0.0010418951305632012
23.929999999999524,0.0,0.0,0.0,0.00024527466595732544,0.00036662401633128384,0.0010398223682370287
23.934999999999523,0.0,0.0,0.0,0.00024490546809903465,0.0003654818415994873,0.0010369808617780648
23.93999999999952,0.0,0.0,0.0,0.00024455223045181604,0.000364202059614151,0.0010347372637061565
23.94499999999952,0.0,0.0,0.0,0.00024417575168235846,0.0003631204442610475,0.0010317880388890418
23.94999999999952,0.0,0.0,0.0,0.0002438250895031697,0.00036183929755076975,0.001029850922124877
23.95499999999952,0.0,0.0,0.0,0.00024347773538319984,0.000360807613767965,0.0010264503033231207
23.959999999999518,0.0,0.0,0.0,0.00024311712419491154,0.000359395218792455,0.001025520490283845
23.964999999999517,0.0,0.0,0.0,0.00024260748739454076,0.00035834501235940754,0.001021051637475422
23.969999999999516,0.0,0.0,0.0,0.00024214369425307197,0.00035673950734281675,0.001019772790839417
23.974999999999515,0.0,0.0,0.0,0.0002416897933130272,0.00035565191817682435,0.0010160072626540012
23.979999999999514,0.0,0.0,0.0,0.00024123238117010717,0.00035425582309349304,0.0010139927673194326
23.984999999999513,0.0,0.0,0.0,0.0002409611773632525,0.00035332255570311725,0.0010112133637127838
23.98999999999951,0.0,0.0,0.0,0.00024060261639466507,0.0003519464973827638,0.0010095524275054633
23.99499999999951,0.0,0.0,0.0,0.00024030715703905888,0.0003511948412311203,0.0010070596510844507
23.99999999999951,0.0,0.0,0.0,0.00023993925038293156,0.0003500700596860444,0.0010041624738312098
24.00499999999951,0.0,0.0,0.0,0.00023961207421430353,0.0003489855548954326,0.0010015867499008132
24.009999999999508,0.0,0.0,0.0,0.00023921736194468962,0.0003478508032150155,0.000999308078881562
24.014999999999507,0.0,0.0,0.0,0.00023877300525087893,0.00034660117993403657,0.0009967348878873292
24.019999999999506,0.0,0.0,0.0,0.00023847434029095228,0.00034547891810832637,0.0009939075395738847
24.024999999999505,0.0,0.0,0.0,0.00023806227734065206,0.00034419271562677854,0.0009914128097437247
24.029999999999504,0.0,0.0,0.0,0.00023779756301954875,0.0003433710200757103,0.0009887453298827896
24.034999999999503,0.0,0.0,0.0,0.00023744866519603527,0.0003418915000050432,0.000986903485760364
24.0399999999995,0.0,0.0,0.0,0.00023703488839583786,0.000340959405091611,0.000983379919211133
24.0449999999995,0.0,0.0,0.0,0.0002364682950378661,0.00033939848703545334,0.0009817839362968748
24.0499999999995,0.0,0.0,0.0,0.00023580874863465246,0.0003383928870840945,0.0009776013129163834
24.0549999999995,0.0,0.0,0.0,0.0002353683689093565,0.00033700196208107975,0.00097659226887455
24.059999999999498,0.0,0.0,0.0,0.00023513973303883695,0.00033608296126275974,0.0009729687382172348
24.064999999999497,0.0,0.0,0.0,0.00023482354841222543,0.0003346887283884865,0.0009723212392841231
24.069999999999496,0.0,0.0,0.0,0.00023461389822134623,0.0003338467545160602,0.000968569029956627
24.074999999999495,0.0,0.0,0.0,0.00023429856781268676,0.00033246418217582676,0.0009681574286538341
24.079999999999494,0.0,0.0,0.0,0.00023404122044858781,0.0003315786617172106,0.0009642044271886386
24.084999999999493,0.0,0.0,0.0,0.00023367073723990823,0.00033032913747934884,0.000962968025607027
24.089999999999492,0.0,0.0,0.0,0.00023325190619056418,0.00032944472237394275,0.0009581031519244153
24.09499999999949,0.0,0.0,0.0,0.00023271590076882654,0.0003280342888057,0.0009573462713116555
24.09999999999949,0.0,0.0,0.0,0.0002323089931523414,0.000327247084225115,0.0009524511720601683
24.10499999999949,0.0,0.0,0.0,0.00023177309398445518,0.0003256443444477166,0.0009518614468293074
24.109999999999488,0.0,0.0,0.0,0.00023140011497844328,0.00032455613993959766,0.0009490522722682846
24.114999999999487,0.0,0.0,0.0,0.00023103379272235562,0.00032339295629356624,0.0009474822549552681
24.119999999999486,0.0,0.0,0.0,0.00023070043369493817,0.0003224544919617353,0.0009442136012478014
24.124999999999485,0.0,0.0,0.0,0.00023027216063232448,0.00032119688748262764,0.0009436228022077766
24.129999999999484,0.0,0.0,0.0,0.00022984857596880783,0.0003201937857864805,0.0009401282921609855
24.134999999999483,0.0,0.0,0.0,0.00022939914355341143,0.0003188405578690344,0.0009390089544673041
24.139999999999482,0.0,0.0,0.0,0.00022895568324713357,0.0003178472802307843,0.0009355998220978994
24.14499999999948,0.0,0.0,0.0,0.00022856715575801613,0.00031687530136162884,0.0009322271266708581
24.14999999999948,0.0,0.0,0.0,0.00022835088437156328,0.0003161613847533283,0.000929383914489452
24.15499999999948,0.0,0.0,0.0,0.00022816190935348701,0.00031524756944510565,0.0009274330349046362
24.159999999999478,0.0,0.0,0.0,0.00022793334809954218,0.0003143531308265384,0.0009254354289625696
24.164999999999477,0.0,0.0,0.0,0.00022753703468503592,0.0003132432654335616,0.0009233636014756271
24.169999999999476,0.0,0.0,0.0,0.00022712974200979062,0.0003122420646673315,0.0009216294412334949
24.174999999999475,0.0,0.0,0.0,0.00022665503901861777,0.0003109700590659983,0.0009189517108613309
24.179999999999474,0.0,0.0,0.0,0.00022619088194100612,0.00030985588116745394,0.0009171068899420856
24.184999999999473,0.0,0.0,0.0,0.00022572578434554126,0.00030856205707046035,0.0009142577437634894
24.189999999999472,0.0,0.0,0.0,0.00022544058193059576,0.00030753289074733045,0.0009122535130165498
24.19499999999947,0.0,0.0,0.0,0.00022506322549818228,0.0003065032100796906,0.0009090634235527888
24.19999999999947,0.0,0.0,0.0,0.0002247183258142018,0.00030558440544256106,0.000907961646964805
24.20499999999947,0.0,0.0,0.0,0.00022431416458223974,0.0003043872103813621,0.000905217122389595
24.209999999999468,0.0,0.0,0.0,0.00022385727415703388,0.00030345323388986464,0.0009030139156044879
24.214999999999467,0.0,0.0,0.0,0.00022348240562454787,0.0003020836902863618,0.0009006297107336733
24.219999999999466,0.0,0.0,0.0,0.00022315081266317948,0.0003013336513505938,0.000898439068347814
24.224999999999465,0.0,0.0,0.0,0.000222767728860199,0.0003000844057945533,0.0008957892352557689
24.229999999999464,0.0,0.0,0.0,0.00022250806896282843,0.00029965228725602373,0.0008925874869067572
24.234999999999463,0.0,0.0,0.0,0.00022211230066899153,0.0002987312112554834,0.0008900613372349905
24.239999999999462,0.0,0.0,0.0,0.0002218565578323573,0.0002982865286365881,0.0008869254630171323
24.24499999999946,0.0,0.0,0.0,0.00022143707226926395,0.0002970299881432074,0.0008868055662735964
24.24999999999946,0.0,0.0,0.0,0.00022110774509357298,0.0002963264455647064,0.0008834846838446582
24.25499999999946,0.0,0.0,0.0,0.0002206073662703792,0.00029483499212537714,0.0008832296623540114
24.259999999999458,0.0,0.0,0.0,0.00022016040405784803,0.0002939095263352917,0.0008793017809623832
24.264999999999457,0.0,0.0,0.0,0.00021958370152947918,0.00029234211882403895,0.0008792032024191669
24.269999999999456,0.0,0.0,0.0,0.00021920047074332284,0.00029146243305212957,0.0008748292992392397
24.274999999999455,0.0,0.0,0.0,0.00021880812544372574,0.00029018522300651824,0.0008743538391493617
24.279999999999454,0.0,0.0,0.0,0.00021860363856689144,0.00028969072221762945,0.0008691876046562816
24.284999999999453,0.0,0.0,0.0,0.00021834374985098143,0.0002886624140587649,0.0008692814717807169
24.289999999999452,0.0,0.0,0.0,0.0002181435742630125,0.00028820778030853747,0.0008641739326344573
24.29499999999945,0.0,0.0,0.0,0.00021764656704553154,0.0002870594722288133,0.0008645413206721921
24.29999999999945,0.0,0.0,0.0,0.00021728686679646435,0.00028627487286284016,0.0008603320101665088
24.30499999999945,0.0,0.0,0.0,0.00021692173664299207,0.0002851662292966032,0.0008597120522866664
24.309999999999448,0.0,0.0,0.0,0.0002165865353530167,0.0002844557687521687,0.0008549001833180873
24.314999999999447,0.0,0.0,0.0,0.00021622483253448335,0.000283324287430517,0.0008552962235642388
24.319999999999446,0.0,0.0,0.0,0.00021600045934469395,0.0002826520115063498,0.0008513814399550239
24.324999999999445,0.0,0.0,0.0,0.0002156453773230611,0.00028137529203185225,0.000851801917041726
24.329999999999444,0.0,0.0,0.0,0.00021542848257426322,0.00028040843010075623,0.000849186836043586
24.334999999999443,0.0,0.0,0.0,0.00021499834749474017,0.000279141006037431,0.0008479942445460162
24.339999999999442,0.0,0.0,0.0,0.00021449686782508903,0.0002784082898486601,0.0008435566518335834
24.34499999999944,0.0,0.0,0.0,0.00021398528011569762,0.0002770676099029072,0.0008416864608302046
24.34999999999944,0.0,0.0,0.0,0.00021352772128026683,0.0002764726055630798,0.0008378126232824951
24.35499999999944,0.0,0.0,0.0,0.00021307716935633133,0.0002751822771832357,0.0008360811261617326
24.359999999999438,0.0,0.0,0.0,0.00021277623271058311,0.00027436249534377387,0.0008347596367050243
24.364999999999437,0.0,0.0,0.0,0.00021248464056735587,0.000273426825822548,0.0008329094303386602
24.369999999999436,0.0,0.0,0.0,0.0002121768459987097,0.0002727512459291321,0.0008309139443719584
24.374999999999435,0.0,0.0,0.0,0.00021185796165699733,0.0002719651699169865,0.000829054352440424
24.379999999999434,0.0,0.0,0.0,0.00021151936716478254,0.0002711078362147092,0.0008271398758038023
24.384999999999433,0.0,0.0,0.0,0.00021118183107349904,0.00027028446131680705,0.0008244363507220884
24.389999999999432,0.0,0.0,0.0,0.00021084722010633074,0.000269419207189639,0.0008228538061579012
24.39499999999943,0.0,0.0,0.0,0.00021047782836816444,0.0002685840704073447,0.0008199334907234377
24.39999999999943,0.0,0.0,0.0,0.00021014438243124043,0.0002676203933261538,0.0008193700207164187
24.40499999999943,0.0,0.0,0.0,0.00020976538997000797,0.0002667332677091184,0.0008155865646643138
24.409999999999428,0.0,0.0,0.0,0.00020931484937034795,0.0002657897513536701,0.0008155686242295553
24.414999999999427,0.0,0.0,0.0,0.0002090103004741864,0.00026495201983287264,0.0008099846437077553
24.419999999999426,0.0,0.0,0.0,0.00020857648948554642,0.000263903763097897,0.0008114442502360468
24.424999999999425,0.0,0.0,0.0,0.00020817199504291907,0.0002630622304379687,0.0008046980188538804
24.429999999999424,0.0,0.0,0.0,0.00020773558768997225,0.0002620145720667682,0.000808218979006547
24.434999999999423,0.0,0.0,0.0,0.0002072374655340102,0.0002613533619164691,0.000801905087884646
24.439999999999422,0.0,0.0,0.0,0.00020689296930742255,0.0002605041161258895,0.0008025172061618354
24.44499999999942,0.0,0.0,0.0,0.00020644967222111177,0.0002596925723133482,0.0007968860302283001
24.44999999999942,0.0,0.0,0.0,0.00020610163210929818,0.00025869448019112055,0.0007986270795184343
24.45499999999942,0.0,0.0,0.0,0.00020566694888695395,0.0002577607642115788,0.0007942928636078537
24.459999999999418,0.0,0.0,0.0,0.00020535699480358122,0.00025680412371392844,0.0007947997573506133
24.464999999999417,0.0,0.0,0.0,0.00020499715060192923,0.00025612017412961576,0.0007896869072156987
24.469999999999416,0.0,0.0,0.0,0.00020465932804459474,0.0002552791541918847,0.0007896683896923496
24.474999999999415,0.0,0.0,0.0,0.00020434175689013808,0.0002546711037760481,0.0007857621737352113
24.479999999999414,0.0,0.0,0.0,0.00020402959364784434,0.00025382800758177174,0.0007851199001267087
24.484999999999413,0.0,0.0,0.0,0.0002036588229481812,0.0002533324801936203,0.0007812134563293219
24.489999999999412,0.0,0.0,0.0,0.0002031883882696969,0.00025210753463396726,0.0007813091864861195
24.49499999999941,0.0,0.0,0.0,0.00020277176032300998,0.00025152416690490855,0.0007769404961486133
24.49999999999941,0.0,0.0,0.0,0.00020226143581084867,0.0002500781968775939,0.0007776934386657413
24.50499999999941,0.0,0.0,0.0,0.00020187310591950996,0.00024931278776580155,0.0007734361131755931
24.50999999999941,0.0,0.0,0.0,0.0002014190739116874,0.00024817835014961134,0.000773375178684612
24.514999999999407,0.0,0.0,0.0,0.00020117271473237407,0.00024759400423267873,0.0007691291233457196
24.519999999999406,0.0,0.0,0.0,0.0002007802151171534,0.0002464781889048852,0.0007699868333031785
24.524999999999405,0.0,0.0,0.0,0.0002005803940713855,0.0002461440716869058,0.0007648849839271062
24.529999999999404,0.0,0.0,0.0,0.00020024137800673375,0.0002450262538104221,0.0007664855802356526
24.534999999999403,0.0,0.0,0.0,0.00020002874941280597,0.0002447607030110109,0.0007605595976785006
24.539999999999402,0.0,0.0,0.0,0.00019956467731506748,0.00024388166725609382,0.0007605352302249246
24.5449999999994,0.0,0.0,0.0,0.00019922475805444763,0.0002431406384984513,0.0007566438587720511
24.5499999999994,0.0,0.0,0.0,0.00019884929187192894,0.00024222758662857023,0.000756768142029744
24.5549999999994,0.0,0.0,0.0,0.00019844097985142705,0.00024143298807709898,0.0007520317755174374
24.5599999999994,0.0,0.0,0.0,0.000198081282191318,0.00024050882282554274,0.0007529577216403905
24.564999999999397,0.0,0.0,0.0,0.00019766927363257266,0.0002396572064935545,0.000748477000970737
24.569999999999396,0.0,0.0,0.0,0.00019735303891623457,0.00023885305967959172,0.0007504437026365278
24.574999999999395,0.0,0.0,0.0,0.0001968890802038373,0.00023793823922134628,0.0007441775063494937
24.579999999999394,0.0,0.0,0.0,0.0001965901416149352,0.00023722271877257356,0.0007456349689966173
24.584999999999393,0.0,0.0,0.0,0.000196223154357427,0.0002363883409994328,0.0007408769715453083
24.589999999999392,0.0,0.0,0.0,0.00019588086512177224,0.00023563353012940824,0.0007414592539939935
24.59499999999939,0.0,0.0,0.0,0.00019550450064955295,0.00023481495000208253,0.0007368864088838012
24.59999999999939,0.0,0.0,0.0,0.00019521562828257182,0.0002341109627571091,0.000738376322132685
24.60499999999939,0.0,0.0,0.0,0.00019490314399512286,0.00023339169420589947,0.0007328246819052082
24.60999999999939,0.0,0.0,0.0,0.00019463719328504403,0.0002327682591195568,0.0007345270314766756
24.614999999999387,0.0,0.0,0.0,0.00019416489511842925,0.00023183905142472658,0.0007268824052171134
24.619999999999386,0.0,0.0,0.0,0.00019385112736985835,0.0002313332513615063,0.0007312768776774431
24.624999999999385,0.0,0.0,0.0,0.00019328614512278052,0.00023005743882438718,0.0007239327118516195
24.629999999999384,0.0,0.0,0.0,0.00019293374412151742,0.0002294532086084089,0.0007272496692226967
24.634999999999383,0.0,0.0,0.0,0.00019247966707461303,0.00022826533252189393,0.0007216418126592096
24.639999999999382,0.0,0.0,0.0,0.00019229093414809706,0.000227500754106999,0.0007227791924631463
24.64499999999938,0.0,0.0,0.0,0.0001918691447814835,0.00022665227767961691,0.0007180833782697404
24.64999999999938,0.0,0.0,0.0,0.00019158226918189903,0.00022607129064418396,0.0007188523681408381
24.65499999999938,0.0,0.0,0.0,0.00019123859564934792,0.00022535579268780613,0.0007146366496132667
24.65999999999938,0.0,0.0,0.0,0.00019099504607786294,0.0002248787030283331,0.0007148118042242823
24.664999999999377,0.0,0.0,0.0,0.0001905763803245208,0.00022398251072835998,0.0007103064092114968
24.669999999999376,0.0,0.0,0.0,0.0001900749135531078,0.00022339596153612786,0.0007105922453129326
24.674999999999375,0.0,0.0,0.0,0.0001895987495976866,0.0002223216646930859,0.0007063028246361229
24.679999999999374,0.0,0.0,0.0,0.0001892822961898016,0.00022156082964119644,0.0007068566442113076
24.684999999999373,0.0,0.0,0.0,0.0001890037625136598,0.00022062854984109778,0.0007036630099628737
24.689999999999372,0.0,0.0,0.0,0.00018863898944948055,0.00022006253428212167,0.0007030083209401981
24.69499999999937,0.0,0.0,0.0,0.00018824831951289066,0.00021926803116651458,0.0006991504739935557
24.69999999999937,0.0,0.0,0.0,0.00018796639606805674,0.00021889155350322695,0.0006995127713799034
24.70499999999937,0.0,0.0,0.0,0.000187572562595372,0.00021818060845194324,0.0006956152579650906
24.70999999999937,0.0,0.0,0.0,0.00018729609001058359,0.0002176574313031029,0.0006958075346291257
24.714999999999367,0.0,0.0,0.0,0.0001868465363459708,0.0002167444920112272,0.000691431742955525
24.719999999999366,0.0,0.0,0.0,0.00018649789256276327,0.00021622312262424903,0.0006916065027308993
24.724999999999365,0.0,0.0,0.0,0.00018594194129441705,0.0002151472044252056,0.0006870355897573117
24.729999999999364,0.0,0.0,0.0,0.00018559584649854212,0.0002146781630983069,0.0006875299713081613
24.734999999999363,0.0,0.0,0.0,0.00018517415817164895,0.00021372463182575685,0.0006836070295700975
24.739999999999363,0.0,0.0,0.0,0.00018489035649901575,0.00021318716554471153,0.0006832688697472662
24.74499999999936,0.0,0.0,0.0,0.0001846532994866521,0.00021239718729625828,0.0006805133779353552
24.74999999999936,0.0,0.0,0.0,0.00018439941595714085,0.00021203144768666113,0.0006815720336690374
24.75499999999936,0.0,0.0,0.0,0.00018405605667254506,0.00021108573675341326,0.0006781944298631422
24.75999999999936,0.0,0.0,0.0,0.00018364620283465764,0.0002104010405267734,0.0006777160546904174
24.764999999999358,0.0,0.0,0.0,0.00018322713898780626,0.00020967397023673623,0.0006751741340305669
24.769999999999357,0.0,0.0,0.0,0.00018277537982861443,0.00020899502238674568,0.0006738130233789115
24.774999999999356,0.0,0.0,0.0,0.00018237950241403397,0.00020825537537156645,0.0006705065404608948
24.779999999999355,0.0,0.0,0.0,0.00018196921050527785,0.00020759627124356087,0.0006695075648193055
24.784999999999354,0.0,0.0,0.0,0.00018154274342575035,0.0002067523025892248,0.0006670975585112637
24.789999999999353,0.0,0.0,0.0,0.00018116281616742527,0.0002060408503619226,0.0006663709595621233
24.79499999999935,0.0,0.0,0.0,0.0001808992964160146,0.00020531133855052202,0.0006631509966496086
24.79999999999935,0.0,0.0,0.0,0.00018061310982474802,0.00020482215900147096,0.0006622648556444065
24.80499999999935,0.0,0.0,0.0,0.00018025301573862962,0.00020425876787524206,0.0006589679727390899
24.80999999999935,0.0,0.0,0.0,0.00017994411484156825,0.00020370324828307082,0.0006580966861363619
24.814999999999348,0.0,0.0,0.0,0.00017960613713198813,0.000202917119887815,0.0006556336446279066
24.819999999999347,0.0,0.0,0.0,0.0001793337419968634,0.0002021851294002515,0.0006555120089145947
24.824999999999346,0.0,0.0,0.0,0.00017896006874903197,0.00020130520058631672,0.000652679932826364
24.829999999999345,0.0,0.0,0.0,0.0001786475895711783,0.0002005407463296658,0.0006520057113246627
24.834999999999344,0.0,0.0,0.0,0.00017808783924651975,0.00019968586193898396,0.0006482363301105411
24.839999999999343,0.0,0.0,0.0,0.0001777670574564866,0.0001991820500726673,0.0006476114114287949
24.84499999999934,0.0,0.0,0.0,0.00017749916556383647,0.0001985148331293577,0.0006447115576082179
24.84999999999934,0.0,0.0,0.0,0.00017730909065715567,0.0001981262371144138,0.0006435840697148188
24.85499999999934,0.0,0.0,0.0,0.00017702924418985485,0.00019739281916570698,0.0006421780619469649
24.85999999999934,0.0,0.0,0.0,0.00017665561748292225,0.00019702748447618075,0.0006404078039881143
24.864999999999338,0.0,0.0,0.0,0.00017610027137312793,0.00019609218700268754,0.0006387541653383579
24.869999999999337,0.0,0.0,0.0,0.0001756451711529677,0.00019552459976847648,0.0006372968190037633
24.874999999999336,0.0,0.0,0.0,0.00017519038979467425,0.00019435774166047087,0.0006351896227356389
24.879999999999335,0.0,0.0,0.0,0.00017506366605436657,0.00019380183681000585,0.000634227678191504
24.884999999999334,0.0,0.0,0.0,0.00017474199005147495,0.00019295974612260988,0.0006313476616353058
24.889999999999333,0.0,0.0,0.0,0.00017462375064930137,0.0001928657979203813,0.0006306105307816265
24.89499999999933,0.0,0.0,0.0,0.00017427352685092643,0.0001922828063846723,0.0006285540356727866
24.89999999999933,0.0,0.0,0.0,0.00017390808581644796,0.00019177675721311906,0.0006275764263751966
24.90499999999933,0.0,0.0,0.0,0.00017379319202827362,0.00019112611257133833,0.0006269557214101114
24.90999999999933,0.0,0.0,0.0,0.00017337679208622548,0.0001904544163605533,0.0006246030612033987
24.914999999999328,0.0,0.0,0.0,0.0001731278472042905,0.00018984144228676196,0.0006231182939580984
24.919999999999327,0.0,0.0,0.0,0.00017265043153744396,0.00018901626807847705,0.0006208563850284881
24.924999999999326,0.0,0.0,0.0,0.00017222755707664832,0.00018838557941980023,0.0006192677398193484
24.929999999999325,0.0,0.0,0.0,0.00017174477594230988,0.00018759611002013482,0.0006163196861044427
24.934999999999324,0.0,0.0,0.0,0.0001713827963826061,0.0001871783683429784,0.0006144595174249333
24.939999999999323,0.0,0.0,0.0,0.000171104594553346,0.00018651573774794018,0.0006123262168973466
24.94499999999932,0.0,0.0,0.0,0.0001710044201317216,0.00018609493290030834,0.0006124644297020331
24.94999999999932,0.0,0.0,0.0,0.00017063503250755124,0.00018536106571816088,0.0006099529565824599
24.95499999999932,0.0,0.0,0.0,0.00017024302767869594,0.0001848337073080328,0.0006094532148127295
24.95999999999932,0.0,0.0,0.0,0.00016979040285661966,0.00018399432171323625,0.0006071900602389118
24.964999999999318,0.0,0.0,0.0,0.00016933667710227832,0.00018335165194203562,0.0006059248824358978
24.969999999999317,0.0,0.0,0.0,0.00016887588233188868,0.00018245825970426618,0.0006030770463444255
24.974999999999316,0.0,0.0,0.0,0.00016857863849108987,0.00018204329320297525,0.0006016795506098085
24.979999999999315,0.0,0.0,0.0,0.00016821777894579179,0.00018132830913535896,0.0005985054118173316
24.984999999999314,0.0,0.0,0.0,0.0001680147023521707,0.00018113016351124027,0.0005975480384173898
24.989999999999313,0.0,0.0,0.0,0.00016773464360646652,0.00018061266340074878,0.0005950949628632235
24.99499999999931,0.0,0.0,0.0,0.00016754508027061495,0.00018037722669707752,0.0005945288321530937
24.99999999999931,0.0,0.0,0.0,0.0001673866841292713,0.00017972403080970651,0.000593237661896035
25.00499999999931,0.0,0.0,0.0,0.000167154403341325,0.00017944942641579388,0.0005938854479907049
25.00999999999931,0.0,0.0,0.0,0.00016689638447606075,0.00017865634778489942,0.0005920229389223984
25.014999999999308,0.0,0.0,0.0,0.00016660094001823367,0.0001783116048732046,0.0005918547346752529
25.019999999999307,0.0,0.0,0.0,0.00016607900355848523,0.00017745974167236074,0.0005883117317765865
25.024999999999306,0.0,0.0,0.0,0.00016558050578098976,0.0001767568618662761,0.0005877907379710118
25.029999999999305,0.0,0.0,0.0,0.0001651639053077975,0.00017578610976220916,0.0005833231892703226
25.034999999999304,0.0,0.0,0.0,0.00016483507724122156,0.0001752421071986341,0.0005830388456792551
25.039999999999303,0.0,0.0,0.0,0.00016445329944925465,0.0001743384658396499,0.0005787198964724158
25.044999999999302,0.0,0.0,0.0,0.00016432862489335352,0.0001740290152544881,0.0005791391217993307
25.0499999999993,0.0,0.0,0.0,0.0001641417335934596,0.00017352397573597192,0.0005754326279327874
25.0549999999993,0.0,0.0,0.0,0.00016389903584359235,0.00017318443286918575,0.0005777744768267609
25.0599999999993,0.0,0.0,0.0,0.00016361382285743907,0.00017246960275325016,0.0005742134162061046
25.064999999999298,0.0,0.0,0.0,0.0001634228369674361,0.00017229258941227736,0.000575390634174093
25.069999999999297,0.0,0.0,0.0,0.00016309097806686398,0.0001716391809149416,0.0005712950012522206
25.074999999999296,0.0,0.0,0.0,0.00016278025810269287,0.0001713204230867997,0.0005717828079381836
25.079999999999295,0.0,0.0,0.0,0.00016223521406233488,0.00017043353651562292,0.0005669540109272832
25.084999999999294,0.0,0.0,0.0,0.00016194650098311247,0.00017012936846946337,0.0005675966913626892
25.089999999999293,0.0,0.0,0.0,0.00016166227583172413,0.0001694240390739323,0.0005644137072180547
25.094999999999292,0.0,0.0,0.0,0.00016140978815180947,0.0001687364608091581,0.0005641367039338678
25.09999999999929,0.0,0.0,0.0,0.00016107512169368445,0.0001681380443605,0.000561477950634181
25.10499999999929,0.0,0.0,0.0,0.00016089847971285427,0.00016761075013066028,0.0005618091265640508
25.10999999999929,0.0,0.0,0.0,0.0001606528033563767,0.00016691257949471547,0.000559059958227428
25.114999999999288,0.0,0.0,0.0,0.0001603516219707858,0.00016639044493930584,0.0005582140742265084
25.119999999999287,0.0,0.0,0.0,0.00015993642831380612,0.0001658807121310777,0.0005559172341887876
25.124999999999286,0.0,0.0,0.0,0.00015984835509575055,0.0001651367957192621,0.0005559965532499158
25.129999999999285,0.0,0.0,0.0,0.00015943298311079716,0.00016473059854244865,0.0005528885945408398
25.134999999999284,0.0,0.0,0.0,0.00015903726213967087,0.00016415891036291585,0.0005523341503216555
25.139999999999283,0.0,0.0,0.0,0.00015872153899281296,0.0001637104164475892,0.0005494895985154204
25.144999999999282,0.0,0.0,0.0,0.00015829129810710377,0.00016297701344084763,0.0005494990818152428
25.14999999999928,0.0,0.0,0.0,0.00015796490632101712,0.00016264883513239078,0.0005458319355224108
25.15499999999928,0.0,0.0,0.0,0.00015758910627339845,0.00016197033359463807,0.0005461468566493493
25.15999999999928,0.0,0.0,0.0,0.0001572817114973044,0.0001617053511703008,0.0005428792677974058
25.164999999999278,0.0,0.0,0.0,0.00015701840490479977,0.0001611670610059602,0.0005434734330777218
25.169999999999277,0.0,0.0,0.0,0.00015677993271203416,0.00016084019759959523,0.0005403062489874197
25.174999999999276,0.0,0.0,0.0,0.00015651650440464147,0.00016020297777824725,0.0005416296317429778
25.179999999999275,0.0,0.0,0.0,0.00015624214974835438,0.00015985761284488195,0.0005378128172614094
25.184999999999274,0.0,0.0,0.0,0.00015590854490538347,0.00015912955660183834,0.0005388812203773572
25.189999999999273,0.0,0.0,0.0,0.0001555665140168346,0.00015868629700872141,0.0005349866569180201
25.194999999999272,0.0,0.0,0.0,0.00015511407256821,0.0001579608322864563,0.0005353622223353845
25.19999999999927,0.0,0.0,0.0,0.00015477285869308245,0.00015752807119859185,0.0005312558143437733
25.20499999999927,0.0,0.0,0.0,0.00015444454239471554,0.00015686588385487236,0.000531924988868635
25.20999999999927,0.0,0.0,0.0,0.00015415869520956008,0.00015659774806657143,0.0005275599301185675
25.214999999999268,0.0,0.0,0.0,0.00015385184783492508,0.00015601774227756935,0.0005288502828507913
25.219999999999267,0.0,0.0,0.0,0.00015359082993024977,0.00015576396538803135,0.0005252994382533516
25.224999999999266,0.0,0.0,0.0,0.00015331161470673476,0.0001552360866604788,0.00052640156424653
25.229999999999265,0.0,0.0,0.0,0.0001530133863325034,0.00015483614641498506,0.0005230105997606702
25.234999999999264,0.0,0.0,0.0,0.00015270382976569343,0.00015414943486805483,0.0005246420860310355
25.239999999999263,0.0,0.0,0.0,0.0001523885292702103,0.00015367074049801662,0.0005205353257623903
25.244999999999262,0.0,0.0,0.0,0.00015202400712626814,0.00015293707893166507,0.0005219914263602162
25.24999999999926,0.0,0.0,0.0,0.00015165426492499056,0.0001524051759245466,0.0005181238033302492
25.25499999999926,0.0,0.0,0.0,0.0001512088640125045,0.00015168972879568305,0.000518311343573688
25.25999999999926,0.0,0.0,0.0,0.00015084793198763227,0.00015119941510847402,0.0005140994572238518
25.264999999999258,0.0,0.0,0.0,0.0001504998751404028,0.00015061184695971993,0.0005146197363748335
25.269999999999257,0.0,0.0,0.0,0.0001501883789574134,0.00015023104863401643,0.0005104155073500598
25.274999999999256,0.0,0.0,0.0,0.00014990499235943564,0.00014973250527308975,0.0005114186279864695
25.279999999999255,0.0,0.0,0.0,0.00014966554476129187,0.0001494472093930727,0.0005075161768409495
25.284999999999254,0.0,0.0,0.0,0.0001494523782166,0.00014900887006774583,0.0005089787928505477
25.289999999999253,0.0,0.0,0.0,0.00014921401361589487,0.0001486904847994313,0.0005051453541250299
25.294999999999252,0.0,0.0,0.0,0.00014892128493668058,0.00014812848115358044,0.0005073546158307613
25.29999999999925,0.0,0.0,0.0,0.0001486033508198648,0.00014767573924214308,0.0005032947616035719
25.30499999999925,0.0,0.0,0.0,0.00014824069150577604,0.00014701307694041336,0.0005051854459846184
25.30999999999925,0.0,0.0,0.0,0.00014783468456064605,0.00014646359269797143,0.0005007691015399343
25.314999999999248,0.0,0.0,0.0,0.00014742772515637014,0.0001458216581992197,0.0005021818110165785
25.319999999999247,0.0,0.0,0.0,0.00014706996182812872,0.00014538517655149228,0.0004966596395687405
25.324999999999246,0.0,0.0,0.0,0.0001467424402434722,0.00014488951313757582,0.0004981806775344787
25.329999999999245,0.0,0.0,0.0,0.0001464359922390301,0.00014452085424894912,0.000493396986835617
25.334999999999244,0.0,0.0,0.0,0.00014616137758447574,0.00014411553053054733,0.0004945865961071715
25.339999999999243,0.0,0.0,0.0,0.0001459745066618457,0.00014380252960476388,0.0004913132473741941
25.344999999999242,0.0,0.0,0.0,0.00014574562747216458,0.0001433878778847961,0.0004933062751848291
25.34999999999924,0.0,0.0,0.0,0.0001455245661957939,0.00014293979102780903,0.0004899245674643358
25.35499999999924,0.0,0.0,0.0,0.00014505352241802867,0.00014258023269750008,0.000491757597151553
25.35999999999924,0.0,0.0,0.0,0.00014460913435289014,0.0001419258868133798,0.0004866326839126211
25.364999999999238,0.0,0.0,0.0,0.00014433217694143885,0.00014129274431438386,0.0004894004613190234
25.369999999999237,0.0,0.0,0.0,0.00014398938627474385,0.00014063778511736182,0.0004844203864578242
25.374999999999236,0.0,0.0,0.0,0.0001437394122468507,0.00014011180780126043,0.00048576355396113386
25.379999999999235,0.0,0.0,0.0,0.0001434394894225159,0.00013972089114100867,0.00048142620826656287
25.384999999999234,0.0,0.0,0.0,0.0001431761878842003,0.0001392667106297269,0.0004823937887833464
25.389999999999233,0.0,0.0,0.0,0.00014287605693285153,0.00013902452737303626,0.00047801543773484244
25.394999999999232,0.0,0.0,0.0,0.00014245676910006332,0.00013830155233728088,0.0004806102478247888
25.39999999999923,0.0,0.0,0.0,0.00014198198955539813,0.0001379895569942478,0.00047564680074411113
25.40499999999923,0.0,0.0,0.0,0.00014157755824903588,0.00013735512261489437,0.000477236255381401
25.40999999999923,0.0,0.0,0.0,0.00014137717042479576,0.00013709729557863978,0.0004730820979696113
25.414999999999228,0.0,0.0,0.0,0.00014111404831038094,0.0001364956761015687,0.00047494022283493304
25.419999999999227,0.0,0.0,0.0,0.0001409147437024978,0.00013629657649947587,0.00047050311571235
25.424999999999226,0.0,0.0,0.0,0.00014069806868114318,0.0001356636522537853,0.0004728833270704109
25.429999999999225,0.0,0.0,0.0,0.0001404664409948032,0.00013550842627371902,0.0004677964308940497
25.434999999999224,0.0,0.0,0.0,0.0001400859211498328,0.00013509371321091318,0.0004678534083057174
25.439999999999223,0.0,0.0,0.0,0.0001398710183015562,0.00013474651455992805,0.00046504880882275966
25.444999999999222,0.0,0.0,0.0,0.00013941677143534465,0.0001341929128933554,0.0004663370025957666
25.44999999999922,0.0,0.0,0.0,0.00013917653352184454,0.000133838643694954,0.00046240208367468214
25.45499999999922,0.0,0.0,0.0,0.00013890135663747837,0.00013320203440071835,0.00046349605675612674
25.45999999999922,0.0,0.0,0.0,0.00013847693541954703,0.0001329703750756332,0.0004585610834078503
25.46499999999922,0.0,0.0,0.0,0.00013811991013991861,0.00013226511740988917,0.00045999094653492836
25.469999999999217,0.0,0.0,0.0,0.00013796200319471098,0.0001321016743268052,0.00045558638607800226
25.474999999999216,0.0,0.0,0.0,0.00013770206534106466,0.00013138103738311044,0.0004581934587557914
25.479999999999215,0.0,0.0,0.0,0.00013768312101443568,0.0001309324322178433,0.0004559626498156212
25.484999999999214,0.0,0.0,0.0,0.00013737268387998262,0.00013049082054920804,0.0004564465986406802
25.489999999999213,0.0,0.0,0.0,0.00013711375480537268,0.00013000086058685518,0.000452968629946939
25.494999999999212,0.0,0.0,0.0,0.00013684507839079277,0.00012947578595445182,0.0004547940924571204
25.49999999999921,0.0,0.0,0.0,0.00013656100406427913,0.00012912047564326431,0.0004513279857666243
25.50499999999921,0.0,0.0,0.0,0.00013621711025621358,0.00012864796163317981,0.0004513516707539001
25.50999999999921,0.0,0.0,0.0,0.00013607792363718688,0.00012842792766117487,0.00044813018505203926
25.51499999999921,0.0,0.0,0.0,0.00013583798993274104,0.00012776037126036588,0.0004493989356469289
25.519999999999207,0.0,0.0,0.0,0.0001355958575193081,0.00012748932548714467,0.00044588241394157463
25.524999999999206,0.0,0.0,0.0,0.00013515917611959952,0.00012696989619459658,0.0004459958706908967
25.529999999999205,0.0,0.0,0.0,0.00013476821946835124,0.0001267503401470237,0.0004423383320176917
25.534999999999204,0.0,0.0,0.0,0.00013450890206848594,0.00012592464458787003,0.0004451994389854992
25.539999999999203,0.0,0.0,0.0,0.00013430262837215999,0.0001256257117554204,0.000441154920492362
25.544999999999202,0.0,0.0,0.0,0.0001339858247987055,0.0001248134661571964,0.0004424275096114967
25.5499999999992,0.0,0.0,0.0,0.0001336861905250152,0.00012486242736960208,0.0004374805652840709
25.5549999999992,0.0,0.0,0.0,0.0001332291519704879,0.0001244551190190449,0.00043621350280494337
25.5599999999992,0.0,0.0,0.0,0.00013300957422444177,0.00012417915547367186,0.0004343049220001422
25.5649999999992,0.0,0.0,0.0,0.00013276195761601558,0.00012373458496571876,0.0004342588143398236
25.569999999999197,0.0,0.0,0.0,0.0001324956930280211,0.00012348813369837395,0.0004316103030189582
25.574999999999196,0.0,0.0,0.0,0.00013227274369743578,0.00012307160066610032,0.00043234297124253394
25.579999999999195,0.0,0.0,0.0,0.00013205917601173046,0.00012272965867750853,0.0004300899753305191
25.584999999999194,0.0,0.0,0.0,0.00013175173045489077,0.00012251312448107894,0.00043073597476269305
25.589999999999193,0.0,0.0,0.0,0.00013144950719757564,0.0001219933146176558,0.0004280117285984049
25.594999999999192,0.0,0.0,0.0,0.0001313191119885244,0.00012166328116945725,0.00042957521373820126
25.59999999999919,0.0,0.0,0.0,0.0001309316982618462,0.00012111017045815779,0.0004263280900772075
25.60499999999919,0.0,0.0,0.0,0.00013058224414682907,0.00012078455324386126,0.00042618407145986577
25.60999999999919,0.0,0.0,0.0,0.00013036909338767525,0.00012008885192342684,0.00042446843655404617
25.61499999999919,0.0,0.0,0.0,0.00013013498072885572,0.00011974541251084353,0.0004246992156768945
25.619999999999187,0.0,0.0,0.0,0.00012976825900181709,0.00011933063107722929,0.0004211357441715176
25.624999999999186,0.0,0.0,0.0,0.00012953520045723847,0.00011916729016645581,0.0004212352394135493
25.629999999999185,0.0,0.0,0.0,0.00012915554148867607,0.00011873887747707269,0.0004182141870754241
25.634999999999184,0.0,0.0,0.0,0.00012885813330442921,0.00011856063373422581,0.0004184678775446736
25.639999999999183,0.0,0.0,0.0,0.00012846961513129164,0.00011799045138050254,0.00041648557348728915
25.644999999999182,0.0,0.0,0.0,0.00012823108062727276,0.00011756766432254394,0.0004173164362400637
25.64999999999918,0.0,0.0,0.0,0.0001279503956820493,0.00011689967039239486,0.00041521919594082843
25.65499999999918,0.0,0.0,0.0,0.00012783854263700935,0.00011685303666801936,0.00041571368588066054
25.65999999999918,0.0,0.0,0.0,0.00012756809649354503,0.00011622098552673765,0.0004131533328427929
25.66499999999918,0.0,0.0,0.0,0.00012741781533360955,0.00011615515207451612,0.0004139828283404792
25.669999999999177,0.0,0.0,0.0,0.00012715659103080737,0.00011553231945824029,0.0004109368727510835
25.674999999999176,0.0,0.0,0.0,0.0001269781265217872,0.00011545190617334458,0.00041067925388951293
25.679999999999175,0.0,0.0,0.0,0.0001265723362320974,0.00011518088424341705,0.0004067056374350221
25.684999999999174,0.0,0.0,0.0,0.0001263605747975575,0.00011510619445706158,0.0004067827260377972
25.689999999999173,0.0,0.0,0.0,0.0001258918568168418,0.00011419783382453054,0.0004044091815269955
25.694999999999173,0.0,0.0,0.0,0.00012565014666096838,0.00011384780362610916,0.00040442819030105966
25.69999999999917,0.0,0.0,0.0,0.0001254025457168631,0.00011343086151524943,0.000402404375027836
25.70499999999917,0.0,0.0,0.0,0.0001251430878585922,0.00011305896251431294,0.00040224998586683156
25.70999999999917,0.0,0.0,0.0,0.0001248772616530511,0.00011267010907024435,0.0004003795253638148
25.71499999999917,0.0,0.0,0.0,0.0001245533753930678,0.00011226705559139465,0.000400503306466347
25.719999999999168,0.0,0.0,0.0,0.00012426227885268274,0.00011185125231879694,0.0003983453081925441
